Date,P_DD
1991-01-30,0.013373153446085646
1991-01-31,0.020728396125719733
1991-02-01,0.031683097582335604
1991-02-04,0.056727369043332566
1991-02-05,0.08167088694008473
1991-02-06,0.13059737183530432
1991-02-07,0.19992062867650887
1991-02-08,0.2739335362494575
1991-02-11,0.2930741850732063
1991-02-12,0.27578493419725847
1991-02-13,0.3008315378526081
1991-02-14,0.2874470596845808
1991-02-15,0.26572188094914295
1991-02-19,0.15371064689460953
1991-02-20,0.0976182131840288
1991-02-21,0.07532496996105567
1991-02-22,0.05941302627885842
1991-02-25,0.03871154982863824
1991-02-26,0.033710440294609734
1991-02-27,0.03319709484249544
1991-02-28,0.03487121389551009
1991-03-01,0.03477257957180054
1991-03-04,0.03317667409372219
1991-03-05,0.028369883758921466
1991-03-06,0.03683858791744146
1991-03-07,0.030480410756433783
1991-03-08,0.03214445817390607
1991-03-11,0.02455881650096541
1991-03-12,0.03031575016498232
1991-03-13,0.025333391458807093
1991-03-14,0.019754592597725426
1991-03-15,0.02446108519865615
1991-03-18,0.030305262880404055
1991-03-19,0.046650117555088855
1991-03-20,0.043970211860290834
1991-03-21,0.049209568269023764
1991-03-22,0.055646407196396984
1991-03-25,0.0678303375437314
1991-03-26,0.06919043893378914
1991-03-27,0.08462621721198021
1991-03-28,0.1211896300921398
1991-04-01,0.1192166940619811
1991-04-02,0.13524101365419214
1991-04-03,0.1289473884869514
1991-04-04,0.16682400472574813
1991-04-05,0.12418596341133205
1991-04-08,0.1262998101982466
1991-04-09,0.1267630730418729
1991-04-10,0.14118174017715518
1991-04-11,0.1526174250456234
1991-04-12,0.17925121317702705
1991-04-15,0.17834241955405788
1991-04-16,0.20010282562389517
1991-04-17,0.21056767897791107
1991-04-18,0.2033881534501002
1991-04-19,0.2168265089517102
1991-04-22,0.18774023867334635
1991-04-23,0.1616640699399444
1991-04-24,0.14396718196226768
1991-04-25,0.13761068088193198
1991-04-26,0.10681387029816117
1991-04-29,0.09114330855079786
1991-04-30,0.09495297958978903
1991-05-01,0.11633383955331017
1991-05-02,0.0981032855290898
1991-05-03,0.11469575888317728
1991-05-06,0.13678543478643684
1991-05-07,0.19003202220569143
1991-05-08,0.19428179006829405
1991-05-09,0.2648165929066585
1991-05-10,0.3176067049191111
1991-05-13,0.3987835043017272
1991-05-14,0.4282008682811008
1991-05-15,0.4467306113360708
1991-05-16,0.3936895748479118
1991-05-17,0.3643895500871111
1991-05-20,0.3624932256088259
1991-05-21,0.4092806536218496
1991-05-22,0.43806199580731164
1991-05-23,0.4534401816440356
1991-05-24,0.45487758616527363
1991-05-28,0.45409061854895144
1991-05-29,0.4891915077930668
1991-05-30,0.5165527187978722
1991-05-31,0.4938737787481984
1991-06-03,0.45301271104236374
1991-06-04,0.4816629627985842
1991-06-05,0.44717208234453587
1991-06-06,0.39831897533238037
1991-06-07,0.36958597481119926
1991-06-10,0.3019593537551198
1991-06-11,0.25530083293484546
1991-06-12,0.3310731062300475
1991-06-13,0.30695308926008436
1991-06-14,0.32591170004853426
1991-06-17,0.35980415391183757
1991-06-18,0.31712210152716197
1991-06-19,0.2648274219649167
1991-06-20,0.2520237190340588
1991-06-21,0.21840097453505816
1991-06-24,0.15597404300584197
1991-06-25,0.12765461994328894
1991-06-26,0.10937884154196277
1991-06-27,0.08815166654704285
1991-06-28,0.08703521385662606
1991-07-01,0.07700582098190153
1991-07-02,0.07299629496945176
1991-07-03,0.0760929749466006
1991-07-05,0.071837070844796
1991-07-08,0.08750477294200351
1991-07-09,0.10335181902973727
1991-07-10,0.11719876373630624
1991-07-11,0.1546382293573712
1991-07-12,0.2012657867526845
1991-07-15,0.27863529673668347
1991-07-16,0.32908331829381243
1991-07-17,0.32512261882794113
1991-07-18,0.32915448848119977
1991-07-19,0.35452482762315796
1991-07-22,0.3406600263289385
1991-07-23,0.2689073125129212
1991-07-24,0.23904294254066435
1991-07-25,0.2847610418107772
1991-07-26,0.26681022244200353
1991-07-29,0.2255178832881472
1991-07-30,0.22183580169031378
1991-07-31,0.24991653026826058
1991-08-01,0.18574631563406518
1991-08-02,0.1476689327806145
1991-08-05,0.12094533988696007
1991-08-06,0.07135105145259807
1991-08-07,0.05024193774128341
1991-08-08,0.052984214076042
1991-08-09,0.05533770110060468
1991-08-12,0.044584602636736914
1991-08-13,0.05334498273597889
1991-08-14,0.06254056682064175
1991-08-15,0.07314483010091409
1991-08-16,0.0580448680580488
1991-08-19,0.04538748850051331
1991-08-20,0.048979418299273256
1991-08-21,0.03827589546162996
1991-08-22,0.030875247050509202
1991-08-23,0.02077561553652032
1991-08-26,0.02473445236589898
1991-08-27,0.04164182929150481
1991-08-28,0.04829740521096593
1991-08-29,0.0641487620246086
1991-08-30,0.07094878213104291
1991-09-03,0.1115372504329937
1991-09-04,0.12982651998477412
1991-09-05,0.15999731951655308
1991-09-06,0.12714085176033088
1991-09-09,0.16677975959043162
1991-09-10,0.18513058383228326
1991-09-11,0.21114467574578416
1991-09-12,0.22970235977288955
1991-09-13,0.2221371526338847
1991-09-16,0.22492217870141992
1991-09-17,0.24684758848658658
1991-09-18,0.2846617567754995
1991-09-19,0.35403178432992427
1991-09-20,0.3116723754133714
1991-09-23,0.25469063791669744
1991-09-24,0.192004873066301
1991-09-25,0.1836298620254453
1991-09-26,0.15364225108994706
1991-09-27,0.11576207469041644
1991-09-30,0.12721524133860898
1991-10-01,0.20023554354058795
1991-10-02,0.24045282091192788
1991-10-03,0.27211403159489866
1991-10-04,0.37069961028646714
1991-10-07,0.42309818397380045
1991-10-08,0.4735203462046755
1991-10-09,0.4009753378535203
1991-10-10,0.3928348804041108
1991-10-11,0.32786395686375264
1991-10-14,0.3392441542620914
1991-10-15,0.38498921258102903
1991-10-16,0.33544789243343776
1991-10-17,0.3533783973049321
1991-10-18,0.476133763755802
1991-10-21,0.5920111379970466
1991-10-22,0.6298266700862947
1991-10-23,0.6548615659395283
1991-10-24,0.6739167831068331
1991-10-25,0.6603054253034096
1991-10-28,0.5714092230255362
1991-10-29,0.49406209407362456
1991-10-30,0.4649294922744013
1991-10-31,0.4232564658898244
1991-11-01,0.44278091264515707
1991-11-04,0.5491065888460642
1991-11-05,0.6528236678192307
1991-11-06,0.6858484964525734
1991-11-07,0.6539963621722943
1991-11-08,0.7133195441740245
1991-11-11,0.726731106504957
1991-11-12,0.746869459477503
1991-11-13,0.6900949202660142
1991-11-14,0.6812445475302836
1991-11-15,0.6093656445607829
1991-11-18,0.5708461755441046
1991-11-19,0.538079139111738
1991-11-20,0.48029072471515327
1991-11-21,0.47503741726157606
1991-11-22,0.45052284568882234
1991-11-25,0.49049973038235445
1991-11-26,0.5026724814674681
1991-11-27,0.4477309394585743
1991-11-29,0.39265260959048914
1991-12-02,0.42186486512734706
1991-12-03,0.42476433762426385
1991-12-04,0.44672884266896307
1991-12-05,0.5123896820557178
1991-12-06,0.5545181992381376
1991-12-09,0.5348480861293718
1991-12-10,0.5174136256271668
1991-12-11,0.49109104476945115
1991-12-12,0.5127278481601046
1991-12-13,0.44834724595218406
1991-12-16,0.3921782141040198
1991-12-17,0.35642922195718996
1991-12-18,0.525847545669684
1991-12-19,0.5172708370133506
1991-12-20,0.5376041702658653
1991-12-23,0.6561342005658148
1991-12-24,0.6780699214773498
1991-12-26,0.6974680042782321
1991-12-27,0.6797218323341877
1991-12-30,0.648337056462103
1991-12-31,0.6224831274301221
1992-01-02,0.5630855396420178
1992-01-03,0.40915750857517996
1992-01-06,0.356271016452247
1992-01-07,0.27415766961821064
1992-01-08,0.24581657244393296
1992-01-09,0.1768280495974232
1992-01-10,0.1879850234893932
1992-01-13,0.18429534842732517
1992-01-14,0.17234639379356376
1992-01-15,0.1530909590061624
1992-01-16,0.153087766908363
1992-01-17,0.22600659107972085
1992-01-20,0.29929485724371907
1992-01-21,0.32835003198821644
1992-01-22,0.35737966749765804
1992-01-23,0.39299355335003006
1992-01-24,0.4477792411123977
1992-01-27,0.3566457986206292
1992-01-28,0.3042739245350132
1992-01-29,0.27840649382210114
1992-01-30,0.2622056162412043
1992-01-31,0.25628090289520905
1992-02-03,0.24097734617092229
1992-02-04,0.27600133510296226
1992-02-05,0.32054860194022616
1992-02-06,0.4155655628094391
1992-02-07,0.42047899855030413
1992-02-10,0.4870391376704245
1992-02-11,0.6300705766119935
1992-02-12,0.6389587826837371
1992-02-13,0.6211563645444089
1992-02-14,0.5756696823681539
1992-02-18,0.6462706552619407
1992-02-19,0.6286632088157486
1992-02-20,0.5762259257697888
1992-02-21,0.6097642391599358
1992-02-24,0.5791902279344432
1992-02-25,0.6075640454661964
1992-02-26,0.5403258585667372
1992-02-27,0.5694305263687663
1992-02-28,0.5296373703012703
1992-03-02,0.5787949803245145
1992-03-03,0.5334896978925366
1992-03-04,0.617281749778665
1992-03-05,0.6000938780207534
1992-03-06,0.560052474421083
1992-03-09,0.5278025264780468
1992-03-10,0.48569512434884454
1992-03-11,0.4262069865203633
1992-03-12,0.41389632128552595
1992-03-13,0.3847412943427002
1992-03-16,0.3399104560600105
1992-03-17,0.33159199784533144
1992-03-18,0.28342047948350235
1992-03-19,0.3118250534543799
1992-03-20,0.2798158957592392
1992-03-23,0.24860091482384397
1992-03-24,0.2682490257368438
1992-03-25,0.3262980462312563
1992-03-26,0.3330607225531742
1992-03-27,0.3068013272716268
1992-03-30,0.2970796280305194
1992-03-31,0.3836807547806754
1992-04-01,0.3784846214182754
1992-04-02,0.39148938329749033
1992-04-03,0.3985215931781121
1992-04-06,0.47788696663294083
1992-04-07,0.4454670758285315
1992-04-08,0.4201096689732584
1992-04-09,0.4310656484004601
1992-04-10,0.4758962191252985
1992-04-13,0.4656148102352893
1992-04-14,0.4995116668535227
1992-04-15,0.5296003151012227
1992-04-16,0.4759675785178464
1992-04-20,0.4187134035549031
1992-04-21,0.3489198914018485
1992-04-22,0.28883897945337017
1992-04-23,0.25561762083653095
1992-04-24,0.21327400084451503
1992-04-27,0.20168182780631283
1992-04-28,0.16053457414113737
1992-04-29,0.17755140322700952
1992-04-30,0.20404561965535428
1992-05-01,0.20589395071652242
1992-05-04,0.20784674914875004
1992-05-05,0.24476505435387733
1992-05-06,0.2299372791129128
1992-05-07,0.20279687821799303
1992-05-08,0.27799736402048114
1992-05-11,0.259148158721484
1992-05-12,0.22910159524122664
1992-05-13,0.18092624947735045
1992-05-14,0.15978393124739032
1992-05-15,0.11452796083810729
1992-05-18,0.09932063662854605
1992-05-19,0.08743873761618899
1992-05-20,0.1146120755649634
1992-05-21,0.12639055146196695
1992-05-22,0.1425919501834966
1992-05-26,0.1660680748200438
1992-05-27,0.2337877468495265
1992-05-28,0.2533135343481788
1992-05-29,0.2969061994161462
1992-06-01,0.3312471217509332
1992-06-02,0.33865243082185237
1992-06-03,0.34756008276987
1992-06-04,0.2968397445733231
1992-06-05,0.26977876797163297
1992-06-08,0.2193189164923389
1992-06-09,0.21097704622721597
1992-06-10,0.21464281951150055
1992-06-11,0.17410836417045267
1992-06-12,0.18003369745142367
1992-06-15,0.20324436664930595
1992-06-16,0.2057451496327
1992-06-17,0.20907235389648335
1992-06-18,0.17928927192865743
1992-06-19,0.16606031421991996
1992-06-22,0.17575270729236386
1992-06-23,0.1472886633631457
1992-06-24,0.12778824270054556
1992-06-25,0.1465632652048455
1992-06-26,0.16999302948141962
1992-06-29,0.14508026922980982
1992-06-30,0.20177647689621814
1992-07-01,0.21254994622918533
1992-07-02,0.22233133441899985
1992-07-06,0.22354265839790796
1992-07-07,0.278723843023887
1992-07-08,0.2648771300190479
1992-07-09,0.2662057381522811
1992-07-10,0.3088732307805226
1992-07-13,0.37004530519757084
1992-07-14,0.3842635200583515
1992-07-15,0.393712590149955
1992-07-16,0.4094184739745645
1992-07-17,0.47830540274109445
1992-07-20,0.5205734811531711
1992-07-21,0.5197274877787055
1992-07-22,0.47012967560460533
1992-07-23,0.4592355933114669
1992-07-24,0.447973838976245
1992-07-27,0.40813535040079224
1992-07-28,0.401533318354032
1992-07-29,0.40881006030842193
1992-07-30,0.3685925651108794
1992-07-31,0.3501915437775582
1992-08-03,0.29720860691367057
1992-08-04,0.26081522383862
1992-08-05,0.2561027292702738
1992-08-06,0.273192192651619
1992-08-07,0.246697824623877
1992-08-10,0.20808566058075467
1992-08-11,0.212340595355041
1992-08-12,0.2154016734508224
1992-08-13,0.18601775246353008
1992-08-14,0.17335003342777058
1992-08-17,0.1536840116907023
1992-08-18,0.12058638200723934
1992-08-19,0.13324719786723918
1992-08-20,0.1856833964249278
1992-08-21,0.21295438054945187
1992-08-24,0.24750644623529788
1992-08-25,0.2954067553438582
1992-08-26,0.32952923155458463
1992-08-27,0.32707931669419854
1992-08-28,0.2877738999823488
1992-08-31,0.25720883598061695
1992-09-01,0.2158186464536142
1992-09-02,0.1781011352034671
1992-09-03,0.16023671345355459
1992-09-04,0.1649608470690697
1992-09-08,0.16934173474774245
1992-09-09,0.1587593270511416
1992-09-10,0.16255426334447393
1992-09-11,0.18461186910159855
1992-09-14,0.17278723748888153
1992-09-15,0.18353991002484624
1992-09-16,0.17110964997825712
1992-09-17,0.16669588110169475
1992-09-18,0.16034544511516793
1992-09-21,0.1850488466008393
1992-09-22,0.18351267349039257
1992-09-23,0.23204384498456798
1992-09-24,0.28044204928479116
1992-09-25,0.30177755445130366
1992-09-28,0.3000342397681089
1992-09-29,0.3314107065790829
1992-09-30,0.33356561770377885
1992-10-01,0.3198513529795695
1992-10-02,0.26161151243383274
1992-10-05,0.21360647577760855
1992-10-06,0.18279706895703948
1992-10-07,0.17376231087810845
1992-10-08,0.14785887336951434
1992-10-09,0.14838281727281769
1992-10-12,0.14069091727898947
1992-10-13,0.16883529390682706
1992-10-14,0.17160869440973736
1992-10-15,0.22094383792176175
1992-10-16,0.22890548245073059
1992-10-19,0.24871331093765073
1992-10-20,0.22837600410853845
1992-10-21,0.22154533415798414
1992-10-22,0.24547731929629923
1992-10-23,0.22576827928884524
1992-10-26,0.21075451070442108
1992-10-27,0.27966461886876587
1992-10-28,0.3031319294084678
1992-10-29,0.3244209548510074
1992-10-30,0.33499019824985005
1992-11-02,0.35574699277598487
1992-11-03,0.3853725810724369
1992-11-04,0.39030651370133
1992-11-05,0.39939045158554554
1992-11-06,0.4614888493159925
1992-11-09,0.43799110101181865
1992-11-10,0.47876562139899165
1992-11-11,0.4736606377189753
1992-11-12,0.4599127038791008
1992-11-13,0.4386454877289254
1992-11-16,0.30114522245997155
1992-11-17,0.26074527829718475
1992-11-18,0.19826532362075108
1992-11-19,0.12674202229433987
1992-11-20,0.10381889519265643
1992-11-23,0.08505832185745103
1992-11-24,0.07483369590505645
1992-11-25,0.06844267158274546
1992-11-27,0.06679891194208767
1992-11-30,0.061115184279660555
1992-12-01,0.07721576052657764
1992-12-02,0.08777640670078421
1992-12-03,0.08409730134138828
1992-12-04,0.09393498624675821
1992-12-07,0.1276175713513417
1992-12-08,0.1373650436155986
1992-12-09,0.1515334171294459
1992-12-10,0.17188239380963038
1992-12-11,0.22312551030701258
1992-12-14,0.24619818182236697
1992-12-15,0.2742670709074313
1992-12-16,0.28124776195592277
1992-12-17,0.3175934929249209
1992-12-18,0.32895221975102545
1992-12-21,0.3398734067979407
1992-12-22,0.33834620127969883
1992-12-23,0.42850432352833356
1992-12-24,0.5087570295464839
1992-12-28,0.5327574641224527
1992-12-29,0.6163070442386391
1992-12-30,0.6548131743936081
1992-12-31,0.6564997825187672
1993-01-04,0.667054042552376
1993-01-05,0.6512724546299814
1993-01-06,0.6127537810318164
1993-01-07,0.5682041790669229
1993-01-08,0.497650174127814
1993-01-11,0.41007404033274336
1993-01-12,0.3583985939805841
1993-01-13,0.371491604848219
1993-01-14,0.349688509109971
1993-01-15,0.3163390660263302
1993-01-18,0.31128184124698605
1993-01-19,0.31023944653302427
1993-01-20,0.2184902438278224
1993-01-21,0.18848356405319552
1993-01-22,0.15228921281893534
1993-01-25,0.1388373176197118
1993-01-26,0.12854646949980336
1993-01-27,0.12560113512038942
1993-01-28,0.11257110740502116
1993-01-29,0.12116488086222213
1993-02-01,0.11065706925494595
1993-02-02,0.11432669323657617
1993-02-03,0.14838868229153893
1993-02-04,0.16966535846782008
1993-02-05,0.18445762183350767
1993-02-08,0.21253854151681043
1993-02-09,0.26285011030033495
1993-02-10,0.2598653876234346
1993-02-11,0.2971442012517214
1993-02-12,0.2782364986206875
1993-02-16,0.2563975179333649
1993-02-17,0.20205436265516524
1993-02-18,0.19344190872343303
1993-02-19,0.20676493001376606
1993-02-22,0.19233061320784006
1993-02-23,0.18105959872082153
1993-02-24,0.17985480607838167
1993-02-25,0.1927621763782071
1993-02-26,0.17880006275732685
1993-03-01,0.1719197407707975
1993-03-02,0.16380548096535316
1993-03-03,0.16041687239991767
1993-03-04,0.12435823652184516
1993-03-05,0.10922805569986231
1993-03-08,0.08466915738828891
1993-03-09,0.07308271171819987
1993-03-10,0.07111791053824654
1993-03-11,0.06727765066530046
1993-03-12,0.07376353790719684
1993-03-15,0.08664637892140817
1993-03-16,0.0959607777752662
1993-03-17,0.12657850258468298
1993-03-18,0.19269107432451163
1993-03-19,0.2340712586311559
1993-03-22,0.29900595714437433
1993-03-23,0.3278302918873149
1993-03-24,0.3444430549763502
1993-03-25,0.33533843127061647
1993-03-26,0.2879281113550877
1993-03-29,0.22775339147944298
1993-03-30,0.20184355566060774
1993-03-31,0.19914112172440918
1993-04-01,0.16422532275197915
1993-04-02,0.13175429628153187
1993-04-05,0.1368538710881464
1993-04-06,0.15339923974575484
1993-04-07,0.09076254746205241
1993-04-08,0.07499150405586641
1993-04-12,0.08412451834413467
1993-04-13,0.09996547407942548
1993-04-14,0.1143963593998986
1993-04-15,0.15365861977649448
1993-04-16,0.2159905541216707
1993-04-19,0.28904028158196676
1993-04-20,0.27308491652827394
1993-04-21,0.31423795866810156
1993-04-22,0.33600632533523767
1993-04-23,0.3542621710726695
1993-04-26,0.33264403662416314
1993-04-27,0.3183718189241478
1993-04-28,0.34212583595792645
1993-04-29,0.3385033722436401
1993-04-30,0.3486540084319066
1993-05-03,0.3287569991664086
1993-05-04,0.3735100228776057
1993-05-05,0.4498827634942833
1993-05-06,0.46792355673429714
1993-05-07,0.4717944550285846
1993-05-10,0.46262380963592215
1993-05-11,0.47417941923743345
1993-05-12,0.3839053165539923
1993-05-13,0.3516373374327814
1993-05-14,0.3044418911693945
1993-05-17,0.2632482426162947
1993-05-18,0.255018382400567
1993-05-19,0.2732426971087964
1993-05-20,0.2723136020713514
1993-05-21,0.263228912951706
1993-05-24,0.3119623500602442
1993-05-25,0.3182811569899571
1993-05-26,0.34184153259136135
1993-05-27,0.34558572256572434
1993-05-28,0.3418648033197346
1993-06-01,0.3430578880552141
1993-06-02,0.2957307150822854
1993-06-03,0.26733433894637854
1993-06-04,0.23500143495053635
1993-06-07,0.2192194377742767
1993-06-08,0.20961635925840016
1993-06-09,0.19002486035275007
1993-06-10,0.16800757570928318
1993-06-11,0.16266171380563516
1993-06-14,0.1581004397764189
1993-06-15,0.1785116450921296
1993-06-16,0.16568229657067782
1993-06-17,0.13721553231592618
1993-06-18,0.13286339272750639
1993-06-21,0.11789774990805722
1993-06-22,0.09685891658662892
1993-06-23,0.10787712599609271
1993-06-24,0.1064030844412503
1993-06-25,0.10796150816263214
1993-06-28,0.10552009136029526
1993-06-29,0.14331142899559107
1993-06-30,0.16132454628554097
1993-07-01,0.1842044948992074
1993-07-02,0.1978202077738982
1993-07-06,0.24621964094870716
1993-07-07,0.2477362981082017
1993-07-08,0.2839291907909556
1993-07-09,0.3478460190780316
1993-07-12,0.3642460044427157
1993-07-13,0.3818112546584902
1993-07-14,0.41359513689291016
1993-07-15,0.4256518071171
1993-07-16,0.44099529628250994
1993-07-19,0.40902116720702
1993-07-20,0.3705955862684756
1993-07-21,0.3831414938951626
1993-07-22,0.32386716885943956
1993-07-23,0.311335769719669
1993-07-26,0.31120126868700126
1993-07-27,0.28002327129367766
1993-07-28,0.29088779953730226
1993-07-29,0.29701740748646077
1993-07-30,0.3174025172877231
1993-08-02,0.32018927237635014
1993-08-03,0.3465843863526672
1993-08-04,0.3660025983703854
1993-08-05,0.38357914076357097
1993-08-06,0.3611538017238973
1993-08-09,0.31171514812171564
1993-08-10,0.30832210051909736
1993-08-11,0.28289877934273616
1993-08-12,0.2592773495840551
1993-08-13,0.23133348381787963
1993-08-16,0.2481150482331984
1993-08-17,0.2739882026059064
1993-08-18,0.27926375056934255
1993-08-19,0.2574553590991592
1993-08-20,0.26018471640084645
1993-08-23,0.25031660125133937
1993-08-24,0.1985613336879128
1993-08-25,0.17197609667052785
1993-08-26,0.17640741779419508
1993-08-27,0.17556046708289366
1993-08-30,0.16559595927420195
1993-08-31,0.18019385827948423
1993-09-01,0.1965529093533265
1993-09-02,0.2248242982955596
1993-09-03,0.24529873208302896
1993-09-07,0.2592666427622208
1993-09-08,0.2451232838390796
1993-09-09,0.24603253910246894
1993-09-10,0.2739356098848114
1993-09-13,0.26379079256029175
1993-09-14,0.31219483130750386
1993-09-15,0.2838815426254416
1993-09-16,0.28345121953011826
1993-09-17,0.27660157156002596
1993-09-20,0.27878895785053703
1993-09-21,0.2519125095681904
1993-09-22,0.21543139795365548
1993-09-23,0.2097171229199681
1993-09-24,0.18477355823389982
1993-09-27,0.15247987253633802
1993-09-28,0.14845042502602748
1993-09-29,0.14917894649101288
1993-09-30,0.14550791116274917
1993-10-01,0.13371439327980303
1993-10-04,0.118046865459156
1993-10-05,0.11464733070667059
1993-10-06,0.11170367760393612
1993-10-07,0.10780102692008088
1993-10-08,0.12892369576906348
1993-10-11,0.11952268053260257
1993-10-12,0.1357505369925461
1993-10-13,0.16278142681212596
1993-10-14,0.19340884419575483
1993-10-15,0.1967343796706532
1993-10-18,0.2442795856466152
1993-10-19,0.3001881737067989
1993-10-20,0.36432334443767495
1993-10-21,0.4135506645026726
1993-10-22,0.42493957931302095
1993-10-25,0.425809455070955
1993-10-26,0.4624433913181731
1993-10-27,0.42897824411561913
1993-10-28,0.43190063675033935
1993-10-29,0.4479961973791933
1993-11-01,0.44366310313177876
1993-11-02,0.4451168330321117
1993-11-03,0.4160463165024664
1993-11-04,0.3751784675118055
1993-11-05,0.3616279868829734
1993-11-08,0.35187261811635995
1993-11-09,0.3230457646343427
1993-11-10,0.3010042775830186
1993-11-11,0.3181908256796146
1993-11-12,0.31612144498561756
1993-11-15,0.2707802286258368
1993-11-16,0.23596391661537833
1993-11-17,0.2241092757888442
1993-11-18,0.24736137645427436
1993-11-19,0.24979500470465005
1993-11-22,0.27976333850675483
1993-11-23,0.2989785694766889
1993-11-24,0.336663992980313
1993-11-26,0.3561953406740969
1993-11-29,0.37283232902398383
1993-11-30,0.36448134117161207
1993-12-01,0.35876504025200495
1993-12-02,0.3404112105843139
1993-12-03,0.33120465808316957
1993-12-06,0.37164702512099296
1993-12-07,0.44612675309335564
1993-12-08,0.4628464867447018
1993-12-09,0.47417399665779375
1993-12-10,0.4845257639675443
1993-12-13,0.4514874493272483
1993-12-14,0.42065554498737745
1993-12-15,0.3611597262198862
1993-12-16,0.32557136968280614
1993-12-17,0.30176705553037353
1993-12-20,0.3420503231081845
1993-12-21,0.34225836188564057
1993-12-22,0.3545785601657732
1993-12-23,0.3812106075540546
1993-12-27,0.3863475502220832
1993-12-28,0.36238129262950275
1993-12-29,0.3439939334791429
1993-12-30,0.3422101536625821
1993-12-31,0.32214898907436074
1994-01-03,0.27686670617714415
1994-01-04,0.2450311033074071
1994-01-05,0.22495052658404321
1994-01-06,0.1866920892159318
1994-01-07,0.16333062890516017
1994-01-10,0.16549831436179932
1994-01-11,0.16809910751926288
1994-01-12,0.17418877479406875
1994-01-13,0.187826968797888
1994-01-14,0.21807925876872078
1994-01-17,0.23520467765582856
1994-01-18,0.22662264097091955
1994-01-19,0.2083742096933694
1994-01-20,0.22508269066705883
1994-01-21,0.2300277366095662
1994-01-24,0.24092747923231497
1994-01-25,0.2479382361003049
1994-01-26,0.23180950434741127
1994-01-27,0.23510139468951433
1994-01-28,0.2383813923170002
1994-01-31,0.2719064314404466
1994-02-01,0.2891577120201877
1994-02-02,0.343690952603328
1994-02-03,0.37452867720380956
1994-02-04,0.382722583578186
1994-02-07,0.3689718493030092
1994-02-08,0.31852426334620854
1994-02-09,0.2617942570193919
1994-02-10,0.24628419173580227
1994-02-11,0.20618119795604595
1994-02-14,0.1480817359096844
1994-02-15,0.12513158261389348
1994-02-16,0.11608288129358244
1994-02-17,0.10741597472172691
1994-02-18,0.10372453145450518
1994-02-22,0.10400811916620839
1994-02-23,0.1339554108533499
1994-02-24,0.1655123020374294
1994-02-25,0.18879065350098123
1994-02-28,0.18506813636108851
1994-03-01,0.21151852187452136
1994-03-02,0.22108684579992188
1994-03-03,0.19935788609983407
1994-03-04,0.20421696373241216
1994-03-07,0.2513207008700368
1994-03-08,0.2692429955268639
1994-03-09,0.3752482920440151
1994-03-10,0.38600387738403646
1994-03-11,0.393246391524437
1994-03-14,0.40499967065963705
1994-03-15,0.44268702040643726
1994-03-16,0.37212830240243644
1994-03-17,0.36634748038103354
1994-03-18,0.3186138835070855
1994-03-21,0.28750658901081044
1994-03-22,0.27329943490191744
1994-03-23,0.27067801083115123
1994-03-24,0.252350120585369
1994-03-25,0.2340539153120045
1994-03-28,0.29612264431100616
1994-03-29,0.2968883821799779
1994-03-30,0.2841895226544149
1994-03-31,0.2867680379866442
1994-04-04,0.22457883884095478
1994-04-05,0.20674393931376966
1994-04-06,0.167570419386439
1994-04-07,0.1468547013781717
1994-04-08,0.13960002780973146
1994-04-11,0.15758132165534217
1994-04-12,0.17382273640490906
1994-04-13,0.16895846238572004
1994-04-14,0.17412036032834827
1994-04-15,0.18317074117470722
1994-04-18,0.16614567549297235
1994-04-19,0.13944880867431134
1994-04-20,0.12449669042458233
1994-04-21,0.11145468333894559
1994-04-22,0.0946998429036109
1994-04-25,0.07874643732098101
1994-04-26,0.08539703709414118
1994-04-28,0.09879238422106225
1994-04-29,0.11955017676195019
1994-05-02,0.17671233488474897
1994-05-03,0.27658056058001856
1994-05-04,0.33738878294973595
1994-05-05,0.4484079982497862
1994-05-06,0.4164465072673271
1994-05-09,0.420921672738564
1994-05-10,0.3853178811016341
1994-05-11,0.40612229822620965
1994-05-12,0.35535997640859157
1994-05-13,0.31675317371505607
1994-05-16,0.312479821460688
1994-05-17,0.31057131700800134
1994-05-18,0.2863051568000721
1994-05-19,0.34502309740789483
1994-05-20,0.36670424482306924
1994-05-23,0.33189859831288293
1994-05-24,0.2880484572698794
1994-05-25,0.28199492333022463
1994-05-26,0.24343209441943464
1994-05-27,0.20693382459751167
1994-05-31,0.19031777262055222
1994-06-01,0.1936684807592753
1994-06-02,0.18284298468890184
1994-06-03,0.17416826034775354
1994-06-06,0.17122648042978153
1994-06-07,0.15445185090171049
1994-06-08,0.14585175060154995
1994-06-09,0.16623582021043992
1994-06-10,0.15176330490774242
1994-06-13,0.18349642040832867
1994-06-14,0.1841426816507842
1994-06-15,0.18260348625271866
1994-06-16,0.1793861065192985
1994-06-17,0.1628994050164938
1994-06-20,0.12049509816411726
1994-06-21,0.11256280713646931
1994-06-22,0.10845275473724293
1994-06-23,0.09658166473213363
1994-06-24,0.09708756204908739
1994-06-27,0.09877089366863305
1994-06-28,0.11404328882654725
1994-06-29,0.11482943724014488
1994-06-30,0.12432788461134492
1994-07-01,0.11925557108936871
1994-07-05,0.11194465631550496
1994-07-06,0.0888171905628473
1994-07-07,0.090255630175599
1994-07-08,0.10419190085207104
1994-07-11,0.11121163332231188
1994-07-12,0.11825913594553511
1994-07-13,0.13148401805455334
1994-07-14,0.15338606453125872
1994-07-15,0.14395901417408136
1994-07-18,0.14005811636902832
1994-07-19,0.1354458626963999
1994-07-20,0.15079343239523219
1994-07-21,0.16087817727790227
1994-07-22,0.17578151497300018
1994-07-25,0.19281092605474007
1994-07-26,0.24357112874868056
1994-07-27,0.30436346278985443
1994-07-28,0.32527102361487104
1994-07-29,0.3443691344510105
1994-08-01,0.3358958071017149
1994-08-02,0.3757729770993384
1994-08-03,0.3391437668085383
1994-08-04,0.30652004366159746
1994-08-05,0.2829654010032688
1994-08-08,0.26495435352372343
1994-08-09,0.2520688809916849
1994-08-10,0.24020910694842953
1994-08-11,0.23533997656763864
1994-08-12,0.21379964301121762
1994-08-15,0.18626707948237312
1994-08-16,0.17893382118085016
1994-08-17,0.1683505845491885
1994-08-18,0.1695953800494369
1994-08-19,0.17873456802653828
1994-08-22,0.17773759629993638
1994-08-23,0.17206209838486217
1994-08-24,0.19124688323558708
1994-08-25,0.20213270529226093
1994-08-26,0.21261914678294486
1994-08-29,0.20328512827985223
1994-08-30,0.1908254994139839
1994-08-31,0.18243535684721301
1994-09-01,0.17292072831044233
1994-09-02,0.15129974095283738
1994-09-06,0.156695725629018
1994-09-07,0.14710270867625433
1994-09-08,0.13414111185639396
1994-09-09,0.13367870749295074
1994-09-12,0.14141910012295453
1994-09-13,0.14459865175235928
1994-09-14,0.1231925670948028
1994-09-15,0.12967486209815007
1994-09-16,0.10877523901744536
1994-09-19,0.10191232562469091
1994-09-20,0.09160174700826011
1994-09-21,0.08188057066807741
1994-09-22,0.08659554933798806
1994-09-23,0.08747266101251693
1994-09-26,0.08032742108250748
1994-09-27,0.09791564351094886
1994-09-28,0.09153162408525896
1994-09-29,0.08774753835841141
1994-09-30,0.08161764092962713
1994-10-03,0.09204104603450765
1994-10-04,0.09704461462969405
1994-10-05,0.1089695803244943
1994-10-06,0.11393443996576277
1994-10-07,0.12201053321320973
1994-10-10,0.12605252364623673
1994-10-11,0.1517082375124037
1994-10-12,0.16925719219910074
1994-10-13,0.1739777461505193
1994-10-14,0.20660095844320708
1994-10-17,0.2053635013513155
1994-10-18,0.22225354180250034
1994-10-19,0.21268850879469156
1994-10-20,0.25630068635133413
1994-10-21,0.268671312029621
1994-10-24,0.26974959494205475
1994-10-25,0.2845239661839937
1994-10-26,0.28784171580352647
1994-10-27,0.26815810996316997
1994-10-28,0.25163814773536347
1994-10-31,0.25003086016231235
1994-11-01,0.23776432952560447
1994-11-02,0.22752341044269483
1994-11-03,0.23212670886188969
1994-11-04,0.20317971476138036
1994-11-07,0.20826079279969295
1994-11-08,0.18495118235397495
1994-11-09,0.15894280602277866
1994-11-10,0.13318256053778865
1994-11-11,0.12165098767144851
1994-11-14,0.11358012878484318
1994-11-15,0.0971823082066255
1994-11-16,0.10167560926074898
1994-11-17,0.09857071455685283
1994-11-18,0.09031527149891647
1994-11-21,0.09745102956789745
1994-11-22,0.09630697694816581
1994-11-23,0.11374689433063333
1994-11-25,0.11955439264153885
1994-11-28,0.12606378270970345
1994-11-29,0.11581242450465566
1994-11-30,0.09724435342521084
1994-12-01,0.09846386907021339
1994-12-02,0.11028650770190779
1994-12-05,0.12279140415194678
1994-12-06,0.1292906341962018
1994-12-07,0.17239063427505794
1994-12-08,0.18900826115571606
1994-12-09,0.17849600717526534
1994-12-12,0.1779162514816756
1994-12-13,0.188835628014555
1994-12-14,0.17709110817893933
1994-12-15,0.1463762471081639
1994-12-16,0.14933921441496947
1994-12-19,0.16111529801427593
1994-12-20,0.1616983329723805
1994-12-21,0.15670085114522395
1994-12-22,0.19565863122858956
1994-12-23,0.2630958686556042
1994-12-27,0.3119275544009368
1994-12-28,0.3441002186055857
1994-12-29,0.337275107240937
1994-12-30,0.310781494057467
1995-01-03,0.2759035111156446
1995-01-04,0.26974574100549975
1995-01-05,0.23022449010691046
1995-01-06,0.2184540576936011
1995-01-09,0.21240697798517386
1995-01-10,0.23605728532284118
1995-01-11,0.29787984639783727
1995-01-12,0.28959733521799924
1995-01-13,0.28184154813573153
1995-01-16,0.27017940585172534
1995-01-17,0.24326975192716338
1995-01-18,0.1954800478211693
1995-01-19,0.1571915282388481
1995-01-20,0.13979355520107137
1995-01-23,0.13002766954018022
1995-01-24,0.11347387056177198
1995-01-25,0.10320370545176705
1995-01-26,0.09875189580394084
1995-01-27,0.09693108600066254
1995-01-30,0.10439031301941189
1995-01-31,0.10750543224032182
1995-02-01,0.12577505547956117
1995-02-02,0.12970780063103476
1995-02-03,0.13957524883696082
1995-02-06,0.13890979128762398
1995-02-07,0.1024799170710765
1995-02-08,0.0987157722917392
1995-02-09,0.09305796243343824
1995-02-10,0.09373297145066663
1995-02-13,0.08202833381987304
1995-02-14,0.07919756517304966
1995-02-15,0.07247602876897556
1995-02-16,0.07656118206076624
1995-02-17,0.07617258621237166
1995-02-21,0.07900635250966752
1995-02-22,0.08325562309969069
1995-02-23,0.09794013113772666
1995-02-24,0.1024572386631101
1995-02-27,0.08535472836181529
1995-02-28,0.08673025938853438
1995-03-01,0.08587272743512615
1995-03-02,0.08209087057967951
1995-03-03,0.0796186530010386
1995-03-06,0.08117714542584936
1995-03-07,0.08512510590121083
1995-03-08,0.08228427952102625
1995-03-09,0.07528640637122334
1995-03-10,0.08037452949481534
1995-03-13,0.07451249278231199
1995-03-14,0.08428644306724943
1995-03-15,0.08773645020935568
1995-03-16,0.09263560619933879
1995-03-17,0.1003750372075472
1995-03-20,0.10955879242451749
1995-03-21,0.11703910172702903
1995-03-22,0.12522758923143354
1995-03-23,0.13352384143175194
1995-03-24,0.13647166609472106
1995-03-27,0.13751290781741243
1995-03-28,0.1201202934781665
1995-03-29,0.12142326544580972
1995-03-30,0.08687503919136749
1995-03-31,0.06942668962712305
1995-04-03,0.06629962815461947
1995-04-04,0.05188580806975872
1995-04-05,0.0641108477293947
1995-04-06,0.07641698696149724
1995-04-07,0.09353690196367505
1995-04-10,0.09635839453181179
1995-04-11,0.10673460478670299
1995-04-12,0.10801228066608777
1995-04-13,0.10068520191845665
1995-04-17,0.1036062289363755
1995-04-18,0.09864910351861546
1995-04-19,0.09201499236778025
1995-04-20,0.09640978275253552
1995-04-21,0.10711321277618663
1995-04-24,0.1389151663038686
1995-04-25,0.15326474097617632
1995-04-26,0.18264954488990787
1995-04-27,0.1947020010722531
1995-04-28,0.20103877084854335
1995-05-01,0.21654041376385347
1995-05-02,0.23765612661642535
1995-05-03,0.2528162498573573
1995-05-04,0.24449903987384067
1995-05-05,0.2428365505554568
1995-05-08,0.23134785653095855
1995-05-09,0.2017217528183808
1995-05-10,0.20944619288766764
1995-05-11,0.17966637205454994
1995-05-12,0.19376155272451395
1995-05-15,0.19121207882831773
1995-05-16,0.19733890748742122
1995-05-17,0.24682749003417515
1995-05-18,0.30267170438211055
1995-05-19,0.34449322692149564
1995-05-22,0.3585612851225814
1995-05-23,0.3593916646216877
1995-05-24,0.34652616343855847
1995-05-25,0.35401306938561117
1995-05-26,0.3424694607271405
1995-05-30,0.32489782947572604
1995-05-31,0.31117790439744886
1995-06-01,0.32403967270298356
1995-06-02,0.32173306392155687
1995-06-05,0.30138243839519935
1995-06-06,0.2864728371951333
1995-06-07,0.27675495067365724
1995-06-08,0.23554816727776728
1995-06-09,0.22869038533028302
1995-06-12,0.21679478294872584
1995-06-13,0.212367123639877
1995-06-14,0.21688949782521788
1995-06-15,0.19891811920405675
1995-06-16,0.20676807968656888
1995-06-19,0.20146894222327347
1995-06-20,0.2300646567671282
1995-06-21,0.2152831891876038
1995-06-22,0.2105902127889011
1995-06-23,0.17226944719701553
1995-06-26,0.14117518238932733
1995-06-27,0.12833698484086364
1995-06-28,0.15205540315552887
1995-06-29,0.15965304037605121
1995-06-30,0.12712457733153693
1995-07-03,0.14890305651652494
1995-07-05,0.1718054445169151
1995-07-06,0.165147284686061
1995-07-07,0.17511433022819206
1995-07-10,0.20893580349179336
1995-07-11,0.22413077414741386
1995-07-12,0.2654156243179448
1995-07-13,0.28535728844408176
1995-07-14,0.3160933069922963
1995-07-17,0.3367262824912709
1995-07-18,0.35517822535162713
1995-07-19,0.34488046128581346
1995-07-20,0.3071258230122251
1995-07-21,0.3114285008966529
1995-07-24,0.3161197172800623
1995-07-25,0.27648578493200515
1995-07-26,0.26481262858911336
1995-07-27,0.2942297685903695
1995-07-28,0.33178500971312436
1995-07-31,0.3653040731543059
1995-08-01,0.4125608267704094
1995-08-02,0.43458691541391214
1995-08-03,0.4391670716853345
1995-08-04,0.41530948714432764
1995-08-07,0.3579284920090023
1995-08-08,0.3307159718867151
1995-08-09,0.3096563546036061
1995-08-10,0.32903173463677904
1995-08-11,0.2862731473957265
1995-08-14,0.3145037844950774
1995-08-15,0.33187534146358993
1995-08-16,0.35852213799268096
1995-08-17,0.3906149583753606
1995-08-18,0.4479228381713127
1995-08-21,0.45808969461686566
1995-08-22,0.46969956543138347
1995-08-23,0.4787119040185028
1995-08-24,0.48699805963017295
1995-08-25,0.4674461553316193
1995-08-28,0.488333196270939
1995-08-29,0.5178779761432116
1995-08-30,0.553048826311473
1995-08-31,0.5802040842670344
1995-09-01,0.5894462201939455
1995-09-05,0.5780479347018157
1995-09-06,0.5700529078620786
1995-09-07,0.5353207494383372
1995-09-08,0.520693854477873
1995-09-11,0.47073629736201916
1995-09-12,0.44645895567737615
1995-09-13,0.4534995876909097
1995-09-14,0.42470646992496774
1995-09-15,0.46262768298198853
1995-09-18,0.4348394445139499
1995-09-19,0.447227370246284
1995-09-20,0.3839190803515954
1995-09-21,0.3680104120425782
1995-09-22,0.32889777507599827
1995-09-25,0.31548971278446974
1995-09-26,0.3048783205500783
1995-09-27,0.30170159764489207
1995-09-28,0.3341297138245099
1995-09-29,0.3291460965699761
1995-10-02,0.339691335832427
1995-10-03,0.3360528522274561
1995-10-04,0.2814126603539075
1995-10-05,0.23563939359871805
1995-10-06,0.2124113362009033
1995-10-09,0.21756760456691449
1995-10-10,0.220956681032759
1995-10-11,0.26590213842034816
1995-10-12,0.28479525620498136
1995-10-13,0.3203527920319365
1995-10-16,0.3387571466896316
1995-10-17,0.3651018080582729
1995-10-18,0.3703691289848687
1995-10-19,0.38829169945579317
1995-10-20,0.35548925179017454
1995-10-23,0.36769174373415797
1995-10-24,0.3504770563115527
1995-10-25,0.36124175879100034
1995-10-26,0.3722272695471762
1995-10-27,0.41722078980403154
1995-10-30,0.46982589297976013
1995-10-31,0.5017811338314315
1995-11-01,0.5185321687598905
1995-11-02,0.5141756645383562
1995-11-03,0.5266709391662899
1995-11-06,0.45966982497242914
1995-11-07,0.4471095368934049
1995-11-08,0.48222221451315755
1995-11-09,0.4961973482328601
1995-11-10,0.4789620606625934
1995-11-13,0.4563495175694152
1995-11-14,0.4820664772458292
1995-11-15,0.48302292570734473
1995-11-16,0.44748683830537894
1995-11-17,0.4206260806457535
1995-11-20,0.3975817451934591
1995-11-21,0.3652194120376371
1995-11-22,0.29720683751545973
1995-11-24,0.27067400991170154
1995-11-27,0.2784073381325026
1995-11-28,0.3436648083439474
1995-11-29,0.35987282026816425
1995-11-30,0.36737151703591103
1995-12-01,0.3764812723286142
1995-12-04,0.4144200922382178
1995-12-05,0.38073002124065614
1995-12-06,0.3650990708280451
1995-12-07,0.36130768297461174
1995-12-08,0.34397600147269497
1995-12-11,0.3302382120587361
1995-12-12,0.3470136437361239
1995-12-13,0.3627249964045946
1995-12-14,0.4141573632597517
1995-12-15,0.46979565482610286
1995-12-18,0.5109970536639201
1995-12-19,0.513108571177141
1995-12-20,0.5081651011415341
1995-12-21,0.5441638128954792
1995-12-22,0.5127352402366785
1995-12-26,0.5115680100475614
1995-12-27,0.5278891446655808
1995-12-28,0.5416267423626624
1995-12-29,0.5227662661473342
1996-01-02,0.5060749024318602
1996-01-03,0.5108368761792484
1996-01-04,0.508831562718998
1996-01-05,0.45890419771346486
1996-01-08,0.431265587003048
1996-01-09,0.4153761822088294
1996-01-10,0.42937227285360646
1996-01-11,0.40521534989236563
1996-01-12,0.3881113597665997
1996-01-15,0.4287979338446893
1996-01-16,0.45774172643396444
1996-01-17,0.5049619092714369
1996-01-18,0.5340428528090372
1996-01-19,0.5990074667673534
1996-01-22,0.5725057560699833
1996-01-23,0.6290962312647047
1996-01-24,0.6149965581611568
1996-01-25,0.6177024286253603
1996-01-26,0.6045238896136103
1996-01-29,0.6217356433269773
1996-01-30,0.6004075286225058
1996-01-31,0.5947602239678731
1996-02-01,0.5617738325603359
1996-02-02,0.5693813228263265
1996-02-05,0.6223520953520674
1996-02-06,0.6473623994859504
1996-02-07,0.6371923153606125
1996-02-08,0.7024073783342314
1996-02-09,0.7719431880947656
1996-02-12,0.7712802727411245
1996-02-13,0.7829363664102428
1996-02-14,0.8072232248398037
1996-02-15,0.7844602411800335
1996-02-16,0.7710290365979604
1996-02-20,0.7331654803119388
1996-02-21,0.6880023413854782
1996-02-22,0.658087819734425
1996-02-23,0.643335403202078
1996-02-26,0.5796183527534429
1996-02-27,0.5318572390843731
1996-02-28,0.5058904753811153
1996-02-29,0.44793949982522085
1996-03-01,0.3715205299091929
1996-03-04,0.30688748948657896
1996-03-05,0.26595881504680363
1996-03-06,0.23453939200922666
1996-03-07,0.20449458966429296
1996-03-08,0.1807695047509988
1996-03-11,0.19391473578769847
1996-03-12,0.18235892715993895
1996-03-13,0.19890312924978842
1996-03-14,0.18988234643783072
1996-03-15,0.2273852199780436
1996-03-18,0.2680417457064088
1996-03-19,0.3268784133686823
1996-03-20,0.369967240995638
1996-03-21,0.4642200745557565
1996-03-22,0.47293612320649786
1996-03-25,0.4865415079757751
1996-03-26,0.5243665566692713
1996-03-27,0.5968445829112883
1996-03-28,0.62124235849269
1996-03-29,0.6514280494425915
1996-04-01,0.6865524943424762
1996-04-02,0.6896128755325361
1996-04-03,0.6742784037046401
1996-04-04,0.6396480509960363
1996-04-08,0.6392427539905386
1996-04-09,0.6040506395300171
1996-04-10,0.7026284928225623
1996-04-11,0.6680603426586137
1996-04-12,0.7016093080343737
1996-04-15,0.7075518166613315
1996-04-16,0.6855107243096292
1996-04-17,0.6398406353975657
1996-04-18,0.5544757527358668
1996-04-19,0.5215234819763198
1996-04-22,0.5196451096264948
1996-04-23,0.5364947731946421
1996-04-24,0.508621148353581
1996-04-25,0.5210074145353482
1996-04-26,0.5202211048531268
1996-04-29,0.5519942606882692
1996-04-30,0.5444155442965471
1996-05-01,0.570375609841032
1996-05-02,0.5681194743846592
1996-05-03,0.5626257556930722
1996-05-06,0.5428157629904936
1996-05-07,0.559493535903043
1996-05-08,0.6106418492823417
1996-05-09,0.6436444013459508
1996-05-10,0.7090139976306655
1996-05-13,0.7558348547945063
1996-05-14,0.7680451006338468
1996-05-15,0.7449491136495879
1996-05-16,0.7172539426054801
1996-05-17,0.6473437831193224
1996-05-20,0.5794930269902198
1996-05-21,0.5529805072493379
1996-05-22,0.5413652478386884
1996-05-23,0.4992669194692836
1996-05-24,0.4943058933166583
1996-05-28,0.43528702360698734
1996-05-29,0.4078659124301035
1996-05-30,0.4406073557813927
1996-05-31,0.4330943454684766
1996-06-03,0.41221421866585223
1996-06-04,0.5021452796799311
1996-06-05,0.5381327001340017
1996-06-06,0.5336960922097216
1996-06-07,0.5577176518319783
1996-06-10,0.5116649014134046
1996-06-11,0.5114413130619658
1996-06-12,0.4968808588474562
1996-06-13,0.4386268261582003
1996-06-14,0.3958678636294146
1996-06-17,0.4056639527984299
1996-06-18,0.4301300612688165
1996-06-19,0.39618226980872423
1996-06-20,0.37179391081973107
1996-06-21,0.4267365351625068
1996-06-24,0.3955711358565343
1996-06-25,0.36125619163981554
1996-06-26,0.32421380536340566
1996-06-27,0.361267156959135
1996-06-28,0.3699096691976013
1996-07-01,0.3647648952279494
1996-07-02,0.4067634203814659
1996-07-03,0.454405456756726
1996-07-05,0.498985546065294
1996-07-08,0.49654580377881574
1996-07-09,0.5494702739144436
1996-07-10,0.5365586562563214
1996-07-11,0.5835307524456348
1996-07-12,0.5899765063573091
1996-07-15,0.5964339047533528
1996-07-16,0.6068679539482938
1996-07-17,0.5903545118980832
1996-07-18,0.5283968254260322
1996-07-19,0.5336635252274263
1996-07-22,0.5064496451516118
1996-07-23,0.5009599124636368
1996-07-24,0.48326328492891046
1996-07-25,0.4701349852837813
1996-07-26,0.47361940936708935
1996-07-29,0.4706914990823066
1996-07-30,0.4305225797521277
1996-07-31,0.383182960278801
1996-08-01,0.33280292195171074
1996-08-02,0.3124016471336698
1996-08-05,0.2892101793218855
1996-08-06,0.34843679023869173
1996-08-07,0.38626254987041414
1996-08-08,0.3932545244243222
1996-08-09,0.3979742864327895
1996-08-12,0.46561452245697676
1996-08-13,0.49481154992667975
1996-08-14,0.5867761645622322
1996-08-15,0.6290564037828984
1996-08-16,0.6195160236860177
1996-08-19,0.5800135114312697
1996-08-20,0.5922026231188408
1996-08-21,0.596048538028328
1996-08-22,0.589407328084497
1996-08-23,0.579658855464619
1996-08-26,0.5751637831906337
1996-08-27,0.5375317433435316
1996-08-28,0.5455027447222968
1996-08-29,0.492754104119773
1996-08-30,0.4252689080412927
1996-09-03,0.34130610120497257
1996-09-04,0.28138464942318303
1996-09-05,0.26559746159102693
1996-09-06,0.23611097858368188
1996-09-09,0.22232288022586905
1996-09-10,0.22362781159024966
1996-09-11,0.23645346866592015
1996-09-12,0.23620765227110346
1996-09-13,0.29963107154963814
1996-09-16,0.3159460995692222
1996-09-17,0.3294917539562877
1996-09-18,0.3282854812176378
1996-09-19,0.3434287730538622
1996-09-20,0.3206821346450033
1996-09-23,0.3172375864433626
1996-09-24,0.29224694660921685
1996-09-25,0.30536434490761255
1996-09-26,0.31410382912984186
1996-09-27,0.33693577093016774
1996-09-30,0.34587120389390696
1996-10-01,0.38675517741557275
1996-10-02,0.43308944885614054
1996-10-03,0.421966583095728
1996-10-04,0.4248547518887756
1996-10-07,0.45986660288980735
1996-10-08,0.39824444834516187
1996-10-09,0.32850512967737105
1996-10-10,0.317231012602426
1996-10-11,0.30059185156896734
1996-10-14,0.26676949325480775
1996-10-15,0.21502639363216194
1996-10-16,0.21445913729239927
1996-10-17,0.21656195514686233
1996-10-18,0.232526457339699
1996-10-21,0.21393229619856347
1996-10-22,0.19881763124987045
1996-10-23,0.20720404913319368
1996-10-24,0.1955184404673394
1996-10-25,0.16608408931838942
1996-10-28,0.17247643309362856
1996-10-29,0.19108102086422693
1996-10-30,0.1886828111650288
1996-10-31,0.20703741700914102
1996-11-01,0.23686747702900224
1996-11-04,0.2683055256511836
1996-11-05,0.24873427709986726
1996-11-06,0.24377363598331267
1996-11-07,0.2807814947586931
1996-11-08,0.31409383613895797
1996-11-11,0.3317741710666283
1996-11-12,0.3280868079135426
1996-11-13,0.3190619341346799
1996-11-14,0.3534964963423843
1996-11-15,0.36505789108677666
1996-11-18,0.3711054297883213
1996-11-19,0.3452689136428931
1996-11-20,0.37864955091639274
1996-11-21,0.3905381285792509
1996-11-22,0.39591139881584636
1996-11-25,0.42746369860858163
1996-11-26,0.483924230983336
1996-11-27,0.533942930798419
1996-11-29,0.5189798074600936
1996-12-02,0.5463097844032591
1996-12-03,0.5674252249301186
1996-12-04,0.5936427872882951
1996-12-05,0.5740317124024691
1996-12-06,0.5023622319066039
1996-12-09,0.43768002506829884
1996-12-10,0.4037650603915909
1996-12-11,0.34732107691067576
1996-12-12,0.316702835443177
1996-12-13,0.2754306630203457
1996-12-16,0.25208910749767377
1996-12-17,0.18616821401666384
1996-12-18,0.1847761769272374
1996-12-19,0.1501085004532812
1996-12-20,0.13796239804576216
1996-12-23,0.13119823280704976
1996-12-24,0.14550798528423622
1996-12-26,0.1387150015149623
1996-12-27,0.1295163503077647
1996-12-30,0.14842892859546614
1996-12-31,0.17693233061969393
1997-01-02,0.18389166494026554
1997-01-03,0.18874391704162324
1997-01-06,0.23995575657535384
1997-01-07,0.293742819940349
1997-01-08,0.2751061852093312
1997-01-09,0.25253839766032793
1997-01-10,0.24464143175862554
1997-01-13,0.24540960103197043
1997-01-14,0.25383636947198057
1997-01-15,0.35636650227112465
1997-01-16,0.39152176487861134
1997-01-17,0.4837672984531309
1997-01-20,0.5331284268658206
1997-01-21,0.5538104324650996
1997-01-22,0.4778409812439143
1997-01-23,0.48367434037366835
1997-01-24,0.4504672750523019
1997-01-27,0.42711495125420795
1997-01-28,0.3919805703067754
1997-01-29,0.4137475266629442
1997-01-30,0.4609947622864872
1997-01-31,0.554538783493896
1997-02-03,0.5837132068089208
1997-02-04,0.5963656629054523
1997-02-05,0.6495957562909822
1997-02-06,0.649340443045435
1997-02-07,0.6740925349977157
1997-02-10,0.6250155412798842
1997-02-11,0.6078676020641122
1997-02-12,0.5738154900378689
1997-02-13,0.4886061671682784
1997-02-14,0.4243606263421667
1997-02-18,0.36244155751295426
1997-02-19,0.26230753252083333
1997-02-20,0.2489505690732668
1997-02-21,0.24631171993622958
1997-02-24,0.2190975436668152
1997-02-25,0.20406991040456102
1997-02-26,0.2222258461604742
1997-02-27,0.2311331961191313
1997-02-28,0.21055059995410572
1997-03-03,0.2024732853845843
1997-03-04,0.20016470521879284
1997-03-05,0.21549773266058386
1997-03-06,0.1991653758334921
1997-03-07,0.202905682275934
1997-03-10,0.17175257419672188
1997-03-11,0.19655734242837775
1997-03-12,0.16510623978262595
1997-03-13,0.1860479631158352
1997-03-14,0.18910107867003087
1997-03-17,0.16658982948989656
1997-03-18,0.17929468985924787
1997-03-19,0.19726471724599248
1997-03-20,0.1710752956152701
1997-03-21,0.1810390667667345
1997-03-24,0.23555723211939486
1997-03-25,0.2579022467435324
1997-03-26,0.26298554312649325
1997-03-27,0.2688599924359683
1997-03-31,0.3161428473668955
1997-04-01,0.34829705178135084
1997-04-02,0.42390581867427496
1997-04-03,0.43921714131340445
1997-04-04,0.5014045820757413
1997-04-07,0.48345494797670224
1997-04-08,0.4487110573546871
1997-04-09,0.38357006766012597
1997-04-10,0.2815768140490882
1997-04-11,0.23387427826212948
1997-04-14,0.249025805937422
1997-04-15,0.32207615543540413
1997-04-16,0.32809129415335264
1997-04-17,0.3368062665783267
1997-04-18,0.4099829476503486
1997-04-21,0.45842165507826527
1997-04-22,0.4823986548069153
1997-04-23,0.5039660095604811
1997-04-24,0.4861571746820393
1997-04-25,0.5059878820352807
1997-04-28,0.49115402376251693
1997-04-29,0.5582290970083531
1997-04-30,0.638963613809919
1997-05-01,0.6665423630513162
1997-05-02,0.6781834505275707
1997-05-05,0.6947613334887206
1997-05-06,0.6481395150798374
1997-05-07,0.5620862105296227
1997-05-08,0.5142669926033704
1997-05-09,0.47586900111477376
1997-05-12,0.4668490665335647
1997-05-13,0.6061338347619292
1997-05-14,0.6376101330531672
1997-05-15,0.6185554240604677
1997-05-16,0.5825595978169488
1997-05-19,0.6007781300403007
1997-05-20,0.5390688670440638
1997-05-21,0.5107368692571372
1997-05-22,0.44457935320192815
1997-05-23,0.4096031688192155
1997-05-27,0.40090546691524137
1997-05-28,0.36741897115837735
1997-05-29,0.289048781579888
1997-05-30,0.21875905743582996
1997-06-02,0.17105510273381455
1997-06-03,0.14858861831402298
1997-06-04,0.11043229252493256
1997-06-05,0.08289636443708943
1997-06-06,0.07037842495754558
1997-06-09,0.0835467566244085
1997-06-10,0.07671704778749878
1997-06-11,0.07361224331444892
1997-06-12,0.0685011160369689
1997-06-13,0.08289805728516199
1997-06-16,0.07939119918335195
1997-06-17,0.07375222717871867
1997-06-18,0.09131385328749253
1997-06-19,0.10287159615608886
1997-06-20,0.1068676601671756
1997-06-23,0.14198208787218403
1997-06-24,0.1861005433417905
1997-06-25,0.18236373978971457
1997-06-26,0.1859664154649999
1997-06-27,0.23171827886208693
1997-06-30,0.26483160156341623
1997-07-01,0.28526731621816515
1997-07-02,0.31315076243491824
1997-07-03,0.3480320747874377
1997-07-07,0.31458385706960856
1997-07-08,0.27875592034668745
1997-07-09,0.23755660724237482
1997-07-10,0.21545450563636825
1997-07-11,0.15988325453542446
1997-07-14,0.1387309306586739
1997-07-15,0.07664690303703672
1997-07-16,0.05744002169270544
1997-07-17,0.0566492056850627
1997-07-18,0.06886874111733403
1997-07-21,0.07004535921232373
1997-07-22,0.06696174535155051
1997-07-23,0.07142227433795778
1997-07-24,0.11606767391761909
1997-07-25,0.11495384933162345
1997-07-28,0.1593385168608038
1997-07-29,0.19863230607954338
1997-07-30,0.27420843282351753
1997-07-31,0.3642096239899393
1997-08-01,0.4793449952038681
1997-08-04,0.5680106737382032
1997-08-05,0.5713849929240488
1997-08-06,0.6470346682611083
1997-08-07,0.6619506673028283
1997-08-08,0.7099761102107961
1997-08-11,0.6929910149607449
1997-08-12,0.714692460428635
1997-08-13,0.6707827744622059
1997-08-14,0.6332243500674494
1997-08-15,0.5607119213552196
1997-08-18,0.5699349719423572
1997-08-19,0.6197648173036866
1997-08-20,0.620295944633204
1997-08-21,0.531807505774573
1997-08-22,0.5569191415568645
1997-08-25,0.516994134154237
1997-08-26,0.4757034662465699
1997-08-27,0.46396370548622023
1997-08-28,0.4336960199379356
1997-08-29,0.3512252652744282
1997-09-02,0.31199377239940534
1997-09-03,0.33727499017454493
1997-09-04,0.3132093788156709
1997-09-05,0.2709178700262752
1997-09-08,0.28121119495394853
1997-09-09,0.3770831661921659
1997-09-10,0.48133962941333724
1997-09-11,0.5369522789565595
1997-09-12,0.6582498865689403
1997-09-15,0.7700307726955028
1997-09-16,0.8079384621262696
1997-09-17,0.8727246620034058
1997-09-18,0.8736946279422447
1997-09-19,0.864531347113531
1997-09-22,0.84024975742244
1997-09-23,0.8576861705072634
1997-09-24,0.8338129539508395
1997-09-25,0.8256242424750307
1997-09-26,0.8381536487848465
1997-09-29,0.8380611177023269
1997-09-30,0.847481891029113
1997-10-01,0.847803680303618
1997-10-02,0.7876163477033526
1997-10-03,0.7529502328234589
1997-10-06,0.7419110030603763
1997-10-07,0.7094381385665207
1997-10-08,0.6435377369543468
1997-10-09,0.5916731429166148
1997-10-10,0.6139099077090976
1997-10-13,0.6511836332033589
1997-10-14,0.621693291862993
1997-10-15,0.6343529240399493
1997-10-16,0.5809062666223449
1997-10-17,0.594143949875216
1997-10-20,0.5646361561624066
1997-10-21,0.5178810986612997
1997-10-22,0.44900800041552563
1997-10-23,0.4518818593348357
1997-10-24,0.4361456468225143
1997-10-27,0.44219724484083733
1997-10-28,0.3631656477116307
1997-10-29,0.326803287720497
1997-10-30,0.31405897051251747
1997-10-31,0.27187350140703137
1997-11-03,0.2133974588062156
1997-11-04,0.20692212618199451
1997-11-05,0.21888946826100167
1997-11-06,0.22939555149006643
1997-11-07,0.26973342581044135
1997-11-10,0.31779559578310657
1997-11-11,0.3769563966117322
1997-11-12,0.40254693007364606
1997-11-13,0.43634750578225845
1997-11-14,0.4808697009676639
1997-11-17,0.5358044070586674
1997-11-18,0.5831842811350023
1997-11-19,0.5824388951700086
1997-11-20,0.5393111462754983
1997-11-21,0.536353470290815
1997-11-24,0.6088200932935275
1997-11-25,0.6655652232698881
1997-11-26,0.8616413459858044
1997-11-28,0.8135576820180909
1997-12-01,0.8608403955117574
1997-12-02,0.9007843401385166
1997-12-03,0.8734745054303735
1997-12-04,0.7404092143923798
1997-12-05,0.6674907515534351
1997-12-08,0.5569874454774805
1997-12-09,0.5219385931154112
1997-12-10,0.49567284868722683
1997-12-11,0.4729902293768829
1997-12-12,0.3911098217015492
1997-12-15,0.4431865543045289
1997-12-16,0.34542589663382245
1997-12-17,0.2930527144121086
1997-12-18,0.23494369853832117
1997-12-19,0.3023769005479674
1997-12-22,0.2759416026437015
1997-12-23,0.22552918242472794
1997-12-24,0.23244947253279313
1997-12-26,0.3283750787692885
1997-12-29,0.3665625863115957
1997-12-30,0.36743172972882787
1997-12-31,0.32894711715942104
1998-01-02,0.2772055389480469
1998-01-05,0.30698089122100325
1998-01-06,0.2646770615762261
1998-01-07,0.2756582482321733
1998-01-08,0.23315622793753993
1998-01-09,0.28557436031356626
1998-01-12,0.33968621693380535
1998-01-13,0.3879437509072445
1998-01-14,0.4993292920991354
1998-01-15,0.5581936023458032
1998-01-16,0.5679288926070067
1998-01-20,0.5984612575487197
1998-01-21,0.6155064383234942
1998-01-22,0.6672382888256094
1998-01-23,0.7131623982342015
1998-01-26,0.6656333095009513
1998-01-27,0.6633333922785543
1998-01-28,0.6673758868888277
1998-01-29,0.6374499348372803
1998-01-30,0.5690587533369792
1998-02-02,0.5247954372787658
1998-02-03,0.48354336173402773
1998-02-04,0.43030889864602506
1998-02-05,0.39608843678122735
1998-02-06,0.3629564233584025
1998-02-09,0.35009288287507095
1998-02-10,0.39995170034822114
1998-02-11,0.5044886801138151
1998-02-12,0.510705948527743
1998-02-13,0.5684217861700636
1998-02-17,0.6274079075981835
1998-02-18,0.6544154240659634
1998-02-19,0.6305077521139304
1998-02-20,0.5416642041498471
1998-02-23,0.5076545430964683
1998-02-24,0.5137066755801438
1998-02-25,0.5436451628893265
1998-02-26,0.5380862374981706
1998-02-27,0.4736003001900223
1998-03-02,0.3930361526635605
1998-03-03,0.3169798249064061
1998-03-04,0.2980569915271622
1998-03-05,0.1880968298371798
1998-03-06,0.17806704002401927
1998-03-09,0.156142238124193
1998-03-10,0.17392661729814762
1998-03-11,0.17011829225560218
1998-03-12,0.1845942125035642
1998-03-13,0.16705342837275497
1998-03-16,0.14277795337014504
1998-03-17,0.14360913863338234
1998-03-18,0.1581621427245291
1998-03-19,0.14313871786161345
1998-03-20,0.12867126404033014
1998-03-23,0.13969417387593303
1998-03-24,0.14355767998361949
1998-03-25,0.15953056405197188
1998-03-26,0.1945341308039278
1998-03-27,0.2112781598236757
1998-03-30,0.17662614647333652
1998-03-31,0.14159195239087888
1998-04-01,0.145316218203835
1998-04-02,0.11303880049304617
1998-04-03,0.1100585245389049
1998-04-06,0.15730724642134608
1998-04-07,0.1649764671185301
1998-04-08,0.2191639773165654
1998-04-09,0.22878277709598674
1998-04-13,0.2554625519648423
1998-04-14,0.19216692284505335
1998-04-15,0.21563811669811203
1998-04-16,0.22751339671527107
1998-04-17,0.27858585532275715
1998-04-20,0.2889182478864411
1998-04-21,0.3505697354636473
1998-04-22,0.343211013201846
1998-04-23,0.45221207404923724
1998-04-24,0.45218479623711616
1998-04-27,0.4963732117071814
1998-04-28,0.5030488346882676
1998-04-29,0.5848611165191688
1998-04-30,0.6857665933723294
1998-05-01,0.7224996442197206
1998-05-04,0.7190837386045151
1998-05-05,0.7698803431423442
1998-05-06,0.8381523137674785
1998-05-07,0.8397381110613145
1998-05-08,0.8373018432803122
1998-05-11,0.8666719216038415
1998-05-12,0.8653924861538773
1998-05-13,0.8772410159674318
1998-05-14,0.8515282866364073
1998-05-15,0.8444618882751991
1998-05-18,0.8647112487037183
1998-05-19,0.8024369642213647
1998-05-20,0.7777365517641613
1998-05-21,0.7661930682502812
1998-05-22,0.7281809013299954
1998-05-26,0.6966110190557435
1998-05-27,0.7502179056213915
1998-05-28,0.8025139815642779
1998-05-29,0.8028451204230571
1998-06-01,0.7913449272417009
1998-06-02,0.7745123551725875
1998-06-03,0.7257418685252842
1998-06-04,0.6664005510367054
1998-06-05,0.6166223616906348
1998-06-08,0.6242821725641299
1998-06-09,0.691246542756714
1998-06-10,0.6861184967212621
1998-06-11,0.7102576203763412
1998-06-12,0.7204829529444531
1998-06-15,0.7605743694481989
1998-06-16,0.7756268473364525
1998-06-17,0.7962822726543036
1998-06-18,0.7929993531472694
1998-06-19,0.7648195302778246
1998-06-22,0.7501322827911656
1998-06-23,0.7331501775125753
1998-06-24,0.6331818294220593
1998-06-25,0.708379954362085
1998-06-26,0.6897861039317998
1998-06-29,0.6502865231291854
1998-06-30,0.6629150900724585
1998-07-01,0.6555120313717762
1998-07-02,0.6251974776488979
1998-07-06,0.6718046473573963
1998-07-07,0.6749796277555902
1998-07-08,0.5869784381509554
1998-07-09,0.5984016259112778
1998-07-10,0.5303601410395891
1998-07-13,0.5218867672576262
1998-07-14,0.544321928615565
1998-07-15,0.5360284391274279
1998-07-16,0.6403084534940338
1998-07-17,0.6885597845047794
1998-07-20,0.6445446084676867
1998-07-21,0.5716851091270849
1998-07-22,0.5567203595574473
1998-07-23,0.5717015427988967
1998-07-24,0.4644815900508685
1998-07-27,0.41065663246476186
1998-07-28,0.4040419174183269
1998-07-29,0.36509707941944314
1998-07-30,0.3301699842554271
1998-07-31,0.35529232166867675
1998-08-03,0.313248973161647
1998-08-04,0.29258426019336004
1998-08-05,0.269628927208852
1998-08-06,0.26381307279617006
1998-08-07,0.23306747706900774
1998-08-10,0.20701191875267314
1998-08-11,0.14647766683619934
1998-08-12,0.14874879825781864
1998-08-13,0.10732296163119494
1998-08-14,0.09996475903192246
1998-08-17,0.09104453023660226
1998-08-18,0.06190328143303355
1998-08-19,0.06761570950120775
1998-08-20,0.1066454773573969
1998-08-21,0.15231276615660352
1998-08-24,0.19777706481667584
1998-08-25,0.2592975967552673
1998-08-26,0.2945240576294283
1998-08-27,0.34288803136230495
1998-08-28,0.3689978967384046
1998-08-31,0.2914981828767076
1998-09-01,0.31584338974284404
1998-09-02,0.43513675878088237
1998-09-03,0.5768675270650269
1998-09-04,0.5907440196657014
1998-09-08,0.6164404503487795
1998-09-09,0.6650895575745408
1998-09-10,0.6841328520885149
1998-09-11,0.6256169401382443
1998-09-14,0.4856222527236038
1998-09-15,0.49393084124402015
1998-09-16,0.47096552078201814
1998-09-17,0.43212551776488567
1998-09-18,0.3196116007362166
1998-09-21,0.32710787014554105
1998-09-22,0.330848473040045
1998-09-23,0.35364729824346103
1998-09-24,0.2899295423580841
1998-09-25,0.23536830576410991
1998-09-28,0.2104684427387771
1998-09-29,0.3129906000862658
1998-09-30,0.35451223897549183
1998-10-01,0.6061536069606512
1998-10-02,0.5987217271388212
1998-10-05,0.7169971404884458
1998-10-06,0.7811815205550067
1998-10-07,0.827096909054707
1998-10-08,0.6760810722582093
1998-10-09,0.6587109849676436
1998-10-12,0.6848606946791441
1998-10-13,0.5084414866505288
1998-10-14,0.34588359627908327
1998-10-15,0.27264392313142327
1998-10-16,0.18210759560444287
1998-10-19,0.14245364525282453
1998-10-20,0.09200607056824461
1998-10-21,0.08365667210036948
1998-10-22,0.08608180021086266
1998-10-23,0.04927965699293678
1998-10-26,0.041519384580871975
1998-10-27,0.030204024905637516
1998-10-28,0.008687572284400293
1998-10-29,0.01266534278291657
1998-10-30,0.021430322927756602
1998-11-02,0.029657808677000443
1998-11-03,0.035494181524978324
1998-11-04,0.11557135384405974
1998-11-05,0.20009073828587734
1998-11-06,0.3104122425816346
1998-11-09,0.40811783200515195
1998-11-10,0.3755160662205613
1998-11-11,0.3128160251274687
1998-11-12,0.30655331014423326
1998-11-13,0.1873235357421118
1998-11-16,0.09817014373056082
1998-11-17,0.0884386834026386
1998-11-18,0.0974296251370284
1998-11-19,0.0802709010832082
1998-11-20,0.08826849556106782
1998-11-23,0.10675407104929373
1998-11-24,0.1363033280886477
1998-11-25,0.11088973505169043
1998-11-27,0.1157005993793567
1998-11-30,0.11483473547411617
1998-12-01,0.09756248579891723
1998-12-02,0.10453955173857034
1998-12-03,0.09079395531687945
1998-12-04,0.10149461599550082
1998-12-07,0.09254613609354102
1998-12-08,0.10256982874646932
1998-12-09,0.10262198279739317
1998-12-10,0.11538756527649863
1998-12-11,0.11174392212764032
1998-12-14,0.10856690402600878
1998-12-15,0.11077432185934807
1998-12-16,0.11339539201826428
1998-12-17,0.1189358760271172
1998-12-18,0.1027713803462014
1998-12-21,0.08604564346559454
1998-12-22,0.06872582699115617
1998-12-23,0.06399874548844205
1998-12-24,0.03969392201089697
1998-12-28,0.03482541277193327
1998-12-29,0.03482671421023584
1998-12-30,0.04542813932099809
1998-12-31,0.09153705713098993
1999-01-04,0.11485440747780461
1999-01-05,0.1731260697514119
1999-01-06,0.2978260251825305
1999-01-07,0.27175671051613676
1999-01-08,0.24550587749153377
1999-01-11,0.24424285733877993
1999-01-12,0.1655372853603093
1999-01-13,0.19357911081632906
1999-01-14,0.22436648472332177
1999-01-15,0.32870879744142817
1999-01-19,0.2874250253854162
1999-01-20,0.39519275130686765
1999-01-21,0.4441929457579945
1999-01-22,0.4081544576103375
1999-01-25,0.30341793324834804
1999-01-26,0.26082949055886234
1999-01-27,0.17014912451449432
1999-01-28,0.15751400008299174
1999-01-29,0.15154522301555248
1999-02-01,0.13876800356375923
1999-02-02,0.15637875260323167
1999-02-03,0.23963758254633444
1999-02-04,0.294047979691373
1999-02-05,0.29868069469437114
1999-02-08,0.25148332076490987
1999-02-09,0.28855711716680593
1999-02-10,0.2563537607843316
1999-02-11,0.269350723558727
1999-02-12,0.33097479944033814
1999-02-16,0.4008265617558604
1999-02-17,0.5061609648232087
1999-02-18,0.484287031565351
1999-02-19,0.5230648902759575
1999-02-22,0.5040852688972701
1999-02-23,0.5748754538338282
1999-02-24,0.591036286214609
1999-02-25,0.5383190942989321
1999-02-26,0.5057270004659492
1999-03-01,0.5465645063345191
1999-03-02,0.4645742193868332
1999-03-03,0.3712952836098241
1999-03-04,0.3702245725498026
1999-03-05,0.3704494677333606
1999-03-08,0.2801548219865003
1999-03-09,0.38140865834813154
1999-03-10,0.3979646171050583
1999-03-11,0.4248871254516641
1999-03-12,0.524817739684275
1999-03-15,0.5640693125699334
1999-03-16,0.48417937106590236
1999-03-17,0.5929620346824303
1999-03-18,0.5812243321122073
1999-03-19,0.6162723221632339
1999-03-22,0.5767893548595594
1999-03-23,0.6077239103696473
1999-03-24,0.479810481817629
1999-03-25,0.4934412914499857
1999-03-26,0.4835921188300783
1999-03-29,0.4714799976954226
1999-03-30,0.4457452993750333
1999-03-31,0.4429179538942884
1999-04-01,0.48092723522759756
1999-04-05,0.4771077967986107
1999-04-06,0.43771139559583866
1999-04-07,0.33399879780458047
1999-04-08,0.28830181901758606
1999-04-09,0.22673929657870173
1999-04-12,0.16137711556192263
1999-04-13,0.13756296155341158
1999-04-14,0.1284454750777321
1999-04-15,0.1087485399401185
1999-04-16,0.11140986511122038
1999-04-19,0.10890950769797511
1999-04-20,0.1119154524417118
1999-04-21,0.13761531355367626
1999-04-22,0.15867930220380105
1999-04-23,0.23891158422069186
1999-04-26,0.23058224855297887
1999-04-27,0.19182821667618433
1999-04-28,0.15885070755824562
1999-04-29,0.11726261837069137
1999-04-30,0.11547166552007501
1999-05-03,0.15069110625941282
1999-05-04,0.172361952466005
1999-05-05,0.15959284743129723
1999-05-06,0.1821292619966107
1999-05-07,0.16167558352171646
1999-05-10,0.11193179410418375
1999-05-11,0.10493793718118546
1999-05-12,0.08672958889786198
1999-05-13,0.09896884860662594
1999-05-14,0.1327811331537216
1999-05-17,0.1642751737767103
1999-05-18,0.17735237769253398
1999-05-19,0.2640562797124283
1999-05-20,0.2803994484829337
1999-05-21,0.2614322143554501
1999-05-24,0.23120789788730056
1999-05-25,0.23799426887753172
1999-05-26,0.1761606048940545
1999-05-27,0.14607326716394345
1999-05-28,0.14952336374236708
1999-06-01,0.1469491318799783
1999-06-02,0.16699353144131632
1999-06-03,0.16693206215745596
1999-06-04,0.2047173805133666
1999-06-07,0.21707255753253252
1999-06-08,0.3108609361512594
1999-06-09,0.2990765230083895
1999-06-10,0.34327879968550434
1999-06-11,0.3039083749433243
1999-06-14,0.25091087830744885
1999-06-15,0.23524267086303965
1999-06-16,0.23304032772045885
1999-06-17,0.23956026048669246
1999-06-18,0.318438850140846
1999-06-21,0.337315600743752
1999-06-22,0.3684465231137709
1999-06-23,0.4198487467459789
1999-06-24,0.5629738082893715
1999-06-25,0.674233568959813
1999-06-28,0.6475202496481925
1999-06-29,0.746700751778444
1999-06-30,0.7483878759890948
1999-07-01,0.7485918845990238
1999-07-02,0.7462715033450995
1999-07-06,0.7188313835647397
1999-07-07,0.6412912782192953
1999-07-08,0.5917239947666904
1999-07-09,0.6422620743291797
1999-07-12,0.5872905094189962
1999-07-13,0.6154844856032475
1999-07-14,0.6223096203568216
1999-07-15,0.6531914057080809
1999-07-16,0.5992122672007101
1999-07-19,0.5307011088571664
1999-07-20,0.47330086272253186
1999-07-21,0.3951745082842372
1999-07-22,0.25737478960291743
1999-07-23,0.22236842487503342
1999-07-26,0.15319108261625083
1999-07-27,0.16316779620650648
1999-07-28,0.16291636816388244
1999-07-29,0.12328332726265433
1999-07-30,0.08949676811961574
1999-08-02,0.08821439705757571
1999-08-03,0.058136859955291664
1999-08-04,0.039827491461610375
1999-08-05,0.02150300456198205
1999-08-06,0.019775633812625603
1999-08-09,0.020703321832690337
1999-08-10,0.019915602275818775
1999-08-11,0.022043218565429734
1999-08-12,0.026401399775786337
1999-08-13,0.04138937201921802
1999-08-16,0.041644855322653995
1999-08-17,0.03929126838863271
1999-08-18,0.06747005029904204
1999-08-19,0.1474071080659144
1999-08-20,0.18098138363850538
1999-08-23,0.2733446738565552
1999-08-24,0.35583331552396896
1999-08-25,0.49021512779878873
1999-08-26,0.5155544710734925
1999-08-27,0.5138698577160633
1999-08-30,0.44415429490812036
1999-08-31,0.4272369852913612
1999-09-01,0.18677710761939748
1999-09-02,0.23776386201932
1999-09-03,0.22260417658115042
1999-09-07,0.17101107472038382
1999-09-08,0.161367591011591
1999-09-09,0.34892750894702124
1999-09-10,0.3773297279185662
1999-09-13,0.26555780639759463
1999-09-14,0.3941998099825034
1999-09-15,0.427908209902105
1999-09-16,0.41276653624777004
1999-09-17,0.3927280176670191
1999-09-20,0.3862576281799271
1999-09-21,0.41810304590832464
1999-09-22,0.4056068483889216
1999-09-23,0.3625082324106683
1999-09-24,0.47660556001222487
1999-09-27,0.38704235659357406
1999-09-28,0.4464319826316948
1999-09-29,0.5103183569408986
1999-09-30,0.6097928271235574
1999-10-01,0.47557426727514723
1999-10-04,0.350392682114319
1999-10-05,0.41030743384508983
1999-10-06,0.24378910779212157
1999-10-07,0.18550126420953597
1999-10-08,0.15188191307552637
1999-10-11,0.13184564941985338
1999-10-12,0.14814398160347725
1999-10-13,0.20482213754502898
1999-10-14,0.2405353497948535
1999-10-15,0.36575067787697835
1999-10-18,0.6025426553417962
1999-10-19,0.6642993570888841
1999-10-20,0.73311936716132
1999-10-21,0.8303184939459974
1999-10-22,0.8569933528410739
1999-10-25,0.9097654189775489
1999-10-26,0.9106602101629218
1999-10-27,0.9131658084625428
1999-10-28,0.9045501931243957
1999-10-29,0.9181911726037328
1999-11-01,0.906866774339481
1999-11-02,0.8989088234305744
1999-11-03,0.8756269590095421
1999-11-04,0.852060206527965
1999-11-05,0.7893242059659067
1999-11-08,0.7812582633465563
1999-11-09,0.6892082275188658
1999-11-10,0.586067274490864
1999-11-11,0.5668195666663834
1999-11-12,0.5747620806741249
1999-11-15,0.5227188679007219
1999-11-16,0.6418681823669097
1999-11-17,0.6448523822577695
1999-11-18,0.6661326028710636
1999-11-19,0.6023207281564428
1999-11-22,0.6315561980903553
1999-11-23,0.5769861398779625
1999-11-24,0.6366168262154921
1999-11-26,0.6289260006955877
1999-11-29,0.59432009562414
1999-11-30,0.47172184017295576
1999-12-01,0.3080378421563068
1999-12-02,0.2914018802072559
1999-12-03,0.2342358111379182
1999-12-06,0.13998948386704718
1999-12-07,0.13996652118342917
1999-12-08,0.15120031854378432
1999-12-09,0.12618766849273266
1999-12-10,0.13104761376636012
1999-12-13,0.10553366696179636
1999-12-14,0.09635152099207421
1999-12-15,0.057849996845907393
1999-12-16,0.07415233851298814
1999-12-17,0.05529338181887054
1999-12-20,0.07823101810140191
1999-12-21,0.0816219625595157
1999-12-22,0.12659591655286653
1999-12-23,0.15892907422965177
1999-12-27,0.30269099495328783
1999-12-28,0.3429110355701753
1999-12-29,0.4143014253800574
1999-12-30,0.5304533193133456
1999-12-31,0.5853692990661254
2000-01-03,0.5625732593181929
2000-01-04,0.5455125978558014
2000-01-05,0.5171845220199028
2000-01-06,0.5907071919410103
2000-01-07,0.5988523520731267
2000-01-10,0.61300646847207
2000-01-11,0.5789853208685056
2000-01-12,0.48656822659273
2000-01-13,0.4212758352709515
2000-01-14,0.3097862027169154
2000-01-18,0.29393079104939146
2000-01-19,0.24943965684003383
2000-01-20,0.2409963897388854
2000-01-21,0.19128607329838868
2000-01-24,0.1478832262754105
2000-01-25,0.13507498164589413
2000-01-26,0.1156853340802594
2000-01-27,0.09245534234749442
2000-01-28,0.10744960808410042
2000-01-31,0.12660711064543478
2000-02-01,0.12643980678260555
2000-02-02,0.11425643222751924
2000-02-03,0.14939354740617422
2000-02-04,0.19757977796228257
2000-02-07,0.19617062670397029
2000-02-08,0.23016450001948313
2000-02-09,0.15751412610418072
2000-02-10,0.14791380385824915
2000-02-11,0.1999395726377898
2000-02-14,0.15854894984798337
2000-02-15,0.13685004233125336
2000-02-16,0.11091828386929045
2000-02-17,0.15213102849921356
2000-02-18,0.14903446901333986
2000-02-22,0.22360805380833473
2000-02-23,0.24077877814991966
2000-02-24,0.32807414876004015
2000-02-25,0.32287795044404266
2000-02-28,0.34210890065615424
2000-02-29,0.34583927075899357
2000-03-01,0.41519007641380395
2000-03-02,0.3308164549058187
2000-03-03,0.3365827056825764
2000-03-06,0.41802494133926865
2000-03-07,0.4242782331536095
2000-03-08,0.40495999149469103
2000-03-09,0.43720369198122194
2000-03-10,0.40436596689835486
2000-03-13,0.42326620282564226
2000-03-14,0.4370748196047858
2000-03-15,0.5074925272051324
2000-03-16,0.47345462769366986
2000-03-17,0.47063177448048177
2000-03-20,0.4242841665076752
2000-03-21,0.3735018122094517
2000-03-22,0.3380599611842951
2000-03-23,0.3105673731503941
2000-03-24,0.32355963014172945
2000-03-27,0.3182756151059058
2000-03-28,0.43260433180999514
2000-03-29,0.37266269371746175
2000-03-30,0.29297691068112824
2000-03-31,0.24852776792191003
2000-04-03,0.26753465104268775
2000-04-04,0.16699441683913865
2000-04-05,0.1739836372613848
2000-04-06,0.263973807591504
2000-04-07,0.26907986742968304
2000-04-10,0.2189055869445933
2000-04-11,0.22878971212798738
2000-04-12,0.20764813148394573
2000-04-13,0.2069374545734716
2000-04-14,0.12934676569725057
2000-04-17,0.04248038233000078
2000-04-18,0.03290230832237491
2000-04-19,0.03517643862562587
2000-04-20,0.022942826176043343
2000-04-24,0.01725402318360193
2000-04-25,0.016572012725403127
2000-04-26,0.01894724426454677
2000-04-27,0.018345602831830173
2000-04-28,0.0203791782145703
2000-05-01,0.01906427699812634
2000-05-02,0.030870576412874676
2000-05-03,0.026607839518650776
2000-05-04,0.032772145628630726
2000-05-05,0.03589629405786396
2000-05-08,0.05611994279739394
2000-05-09,0.05331451814216855
2000-05-10,0.06513670580041923
2000-05-11,0.09192246922624737
2000-05-12,0.11743314591725489
2000-05-15,0.13771460253627504
2000-05-16,0.20453065681697224
2000-05-17,0.40663791258939785
2000-05-18,0.3860674254377455
2000-05-19,0.335247472763717
2000-05-22,0.3778240146967549
2000-05-23,0.30886463953421917
2000-05-24,0.19247329207339686
2000-05-25,0.11772853265346014
2000-05-26,0.08641810588238386
2000-05-30,0.08120882402999233
2000-05-31,0.07366349273057256
2000-06-01,0.0639823139091232
2000-06-02,0.08180486759344527
2000-06-05,0.15724379484193318
2000-06-06,0.19758966697696073
2000-06-07,0.16461375510428305
2000-06-08,0.20223258615441866
2000-06-09,0.20682648024415415
2000-06-12,0.22296388839574297
2000-06-13,0.1663209830513803
2000-06-14,0.15739578119608777
2000-06-15,0.15774666806628468
2000-06-16,0.1715653564046716
2000-06-19,0.2047233933987856
2000-06-20,0.24545426084128377
2000-06-21,0.3058595951767884
2000-06-22,0.33620958163957015
2000-06-23,0.3797000146439084
2000-06-26,0.3180874991997765
2000-06-27,0.3758672658438058
2000-06-28,0.41793555477347927
2000-06-29,0.35762745856415523
2000-06-30,0.3547990273040409
2000-07-03,0.32314017311994564
2000-07-05,0.25263966469921967
2000-07-06,0.2564940942417045
2000-07-07,0.24700476667520493
2000-07-10,0.2139402253981029
2000-07-11,0.20552445427179017
2000-07-12,0.20932077617334216
2000-07-13,0.22698930131975353
2000-07-14,0.19766540134781788
2000-07-17,0.2017632600439293
2000-07-18,0.1617810438548215
2000-07-19,0.12963941969922355
2000-07-20,0.09667534169029787
2000-07-21,0.07934440064120382
2000-07-24,0.06336501111069326
2000-07-25,0.06846244874437706
2000-07-26,0.08593428530058443
2000-07-27,0.08746350916397495
2000-07-28,0.08452518522900239
2000-07-31,0.07976627085619481
2000-08-01,0.09169537879061121
2000-08-02,0.07244542919560129
2000-08-03,0.047718063159835025
2000-08-04,0.06167797611007352
2000-08-07,0.05255403420762639
2000-08-08,0.041161451944019996
2000-08-09,0.03612728804991563
2000-08-10,0.04758083784561939
2000-08-11,0.04233623501966759
2000-08-14,0.0610870262939834
2000-08-15,0.06871036315343404
2000-08-16,0.0972387854282862
2000-08-17,0.11809518760935095
2000-08-18,0.1436172818638847
2000-08-21,0.15757810082006193
2000-08-22,0.24465523842787218
2000-08-23,0.3244638423410894
2000-08-24,0.4062893659739609
2000-08-25,0.4740368906360464
2000-08-28,0.5011468380121322
2000-08-29,0.5267713245473021
2000-08-30,0.4916515758500756
2000-08-31,0.48436111223341916
2000-09-01,0.41592959781207156
2000-09-05,0.4686289718113602
2000-09-06,0.4008371049767573
2000-09-07,0.3202900753378024
2000-09-08,0.27948860417216337
2000-09-11,0.2844868930308038
2000-09-12,0.25264660881231266
2000-09-13,0.20091462448868996
2000-09-14,0.13709778201458567
2000-09-15,0.1330648242860391
2000-09-18,0.1439241772338973
2000-09-19,0.11267590037557686
2000-09-20,0.08133213736517353
2000-09-21,0.08157439962795682
2000-09-22,0.06203596368078647
2000-09-25,0.05140271212357431
2000-09-26,0.0512163955665141
2000-09-27,0.053611919852015404
2000-09-28,0.045489665111038725
2000-09-29,0.060000183139286636
2000-10-02,0.07426934272053883
2000-10-03,0.09327300115596152
2000-10-04,0.10536835238799157
2000-10-05,0.1845323219036806
2000-10-06,0.2347020924873703
2000-10-09,0.3006073109504733
2000-10-10,0.3680424939099179
2000-10-11,0.38562223787171634
2000-10-12,0.34323263120913156
2000-10-13,0.3129998349188592
2000-10-16,0.21079375737483075
2000-10-17,0.21407842426047236
2000-10-18,0.24631682031383725
2000-10-19,0.27810259685920585
2000-10-20,0.28606866847785845
2000-10-23,0.3688761449467199
2000-10-24,0.3700954677604442
2000-10-25,0.3576926513234025
2000-10-26,0.4048400155449322
2000-10-27,0.5237416185000611
2000-10-30,0.5028557636273411
2000-10-31,0.5435760520625683
2000-11-01,0.546145640035516
2000-11-02,0.5821872782544121
2000-11-03,0.5532962348690874
2000-11-06,0.5471855127615848
2000-11-07,0.6131463345634932
2000-11-08,0.6072127991616681
2000-11-09,0.6475455655462552
2000-11-10,0.7065263652360827
2000-11-13,0.8024815409676653
2000-11-14,0.6930726146131126
2000-11-15,0.7192679527040209
2000-11-16,0.729738568672902
2000-11-17,0.7404590344774407
2000-11-20,0.5537368832782757
2000-11-21,0.4740101069748637
2000-11-22,0.3556352147469163
2000-11-24,0.28317397850330206
2000-11-27,0.264504018801234
2000-11-28,0.22126390174635713
2000-11-29,0.1461077012685418
2000-11-30,0.11835058250115132
2000-12-01,0.0832801167729189
2000-12-04,0.08434946215064479
2000-12-05,0.057675576519164766
2000-12-06,0.043330999690200635
2000-12-07,0.034730941493342285
2000-12-08,0.03338799958527741
2000-12-11,0.039200781819841275
2000-12-12,0.042602394241259646
2000-12-13,0.06456871748364068
2000-12-14,0.10083687738088334
2000-12-15,0.10160594529469048
2000-12-18,0.11113570349285101
2000-12-19,0.14562082832690945
2000-12-20,0.17478671187951375
2000-12-21,0.21145104408837723
2000-12-22,0.26478026612809286
2000-12-26,0.34995583947075337
2000-12-27,0.3440449409962445
2000-12-28,0.35422466149237464
2000-12-29,0.37040093055519185
2001-01-02,0.3318057673990852
2001-01-03,0.3073081243499103
2001-01-04,0.17255304640312685
2001-01-05,0.12431901995377907
2001-01-08,0.05312047804507245
2001-01-09,0.06342145685092701
2001-01-10,0.05565034276069548
2001-01-11,0.03334607791468734
2001-01-12,0.025281528515506024
2001-01-16,0.035430128084431974
2001-01-17,0.04319495704486102
2001-01-18,0.041914762919153574
2001-01-19,0.05961497827537423
2001-01-22,0.057541788914924064
2001-01-23,0.07161375033306175
2001-01-24,0.08148401961292272
2001-01-25,0.08612396247132734
2001-01-26,0.05860220812689927
2001-01-29,0.04899436615772911
2001-01-30,0.025218169522241162
2001-01-31,0.026918336018171854
2001-02-01,0.03085203755852168
2001-02-02,0.049541529499075226
2001-02-05,0.03403760828856832
2001-02-06,0.050011461859295
2001-02-07,0.08150621735937709
2001-02-08,0.11638422286631965
2001-02-09,0.09101828368241383
2001-02-12,0.0906842482567538
2001-02-13,0.057890304420382316
2001-02-14,0.05232243831301988
2001-02-15,0.0433778089163722
2001-02-16,0.03338767210431627
2001-02-20,0.026289478008162566
2001-02-21,0.018380694458167226
2001-02-22,0.018205577068297823
2001-02-23,0.015626028989300468
2001-02-26,0.013680839951813671
2001-02-27,0.011370340575735634
2001-02-28,0.014506408131423868
2001-03-01,0.015944604848488565
2001-03-02,0.018060538891665694
2001-03-05,0.023994821887525115
2001-03-06,0.04043726261511986
2001-03-07,0.05371922869023956
2001-03-08,0.04352579329574763
2001-03-09,0.05897896116884071
2001-03-12,0.1105561003693323
2001-03-13,0.12495434879602484
2001-03-14,0.14285477780830144
2001-03-15,0.11296468407311705
2001-03-16,0.1794772171539853
2001-03-19,0.31028364329100877
2001-03-20,0.3268455617046635
2001-03-21,0.39089242796963
2001-03-22,0.6002716641422414
2001-03-23,0.7186005918399544
2001-03-26,0.7711146123162501
2001-03-27,0.7934867026803017
2001-03-28,0.7348650647343035
2001-03-29,0.6656342234801718
2001-03-30,0.6251344834374055
2001-04-02,0.4622725313262421
2001-04-03,0.3882769563453129
2001-04-04,0.30954290705631515
2001-04-05,0.20396388486827036
2001-04-06,0.11321331221881263
2001-04-09,0.08215284270543445
2001-04-10,0.08964747306412855
2001-04-11,0.1127402235131895
2001-04-12,0.08268113013863541
2001-04-16,0.07968959128235921
2001-04-17,0.05421088936183746
2001-04-18,0.025284903877828432
2001-04-19,0.018630723625949117
2001-04-20,0.028156918625472958
2001-04-23,0.027733932096762844
2001-04-24,0.03320328781126058
2001-04-25,0.03229555939815138
2001-04-26,0.05332996699840617
2001-04-27,0.030177669089891977
2001-04-30,0.03700048212509005
2001-05-01,0.030968554448169906
2001-05-02,0.029508807032684187
2001-05-03,0.025079881819268783
2001-05-04,0.032354689074082316
2001-05-07,0.029275833953118828
2001-05-08,0.018634335116155174
2001-05-09,0.020514285094543536
2001-05-10,0.016216034878946715
2001-05-11,0.007714259691836879
2001-05-14,0.008386801861412604
2001-05-15,0.007416088658558794
2001-05-16,0.008909232964086085
2001-05-17,0.007720698499854421
2001-05-18,0.004246284578643821
2001-05-21,0.0032461920628698566
2001-05-22,0.0027109904605776922
2001-05-23,0.002799469347290657
2001-05-24,0.002205946466438075
2001-05-25,0.002582238904082551
2001-05-29,0.002292085502260055
2001-05-30,0.002200661828838179
2001-05-31,0.004025911676094227
2001-06-01,0.004097347658887152
2001-06-04,0.006409335645454996
2001-06-05,0.015105313115566078
2001-06-06,0.01884932442425072
2001-06-07,0.022602636323914738
2001-06-08,0.036762439976395174
2001-06-11,0.0445799222054854
2001-06-12,0.0404386937472417
2001-06-13,0.04384968618719227
2001-06-14,0.058076536787070296
2001-06-15,0.0654357013053847
2001-06-18,0.05555964631073328
2001-06-19,0.047072295045725986
2001-06-20,0.05200354721179034
2001-06-21,0.03340895743867022
2001-06-22,0.030560263393968966
2001-06-25,0.027295330712554803
2001-06-26,0.023040800909914727
2001-06-27,0.02745908132666448
2001-06-28,0.02920096855691615
2001-06-29,0.04063981789065033
2001-07-02,0.036208264982073954
2001-07-03,0.04451860908166428
2001-07-05,0.05385608256433796
2001-07-06,0.03835391195829196
2001-07-09,0.04381490414904562
2001-07-10,0.05116495020230334
2001-07-11,0.05773520549211334
2001-07-12,0.06869500289731884
2001-07-13,0.08787351283448998
2001-07-16,0.11842057738828571
2001-07-17,0.18699549285747527
2001-07-18,0.21951814798478803
2001-07-19,0.21278400537739292
2001-07-20,0.19290272820739215
2001-07-23,0.1785763082296829
2001-07-24,0.11074845618432091
2001-07-25,0.08067933439009156
2001-07-26,0.07031817391036031
2001-07-27,0.048360898258156135
2001-07-30,0.040379585362287085
2001-07-31,0.023446510460246654
2001-08-01,0.022336711101363798
2001-08-02,0.01707324049032109
2001-08-03,0.015467051925591793
2001-08-06,0.017549440803664166
2001-08-07,0.029794598665093926
2001-08-08,0.0365547667737295
2001-08-09,0.055949832578673676
2001-08-10,0.06603983598955628
2001-08-13,0.04899195235619778
2001-08-14,0.04682412631976809
2001-08-15,0.06412843350976699
2001-08-16,0.05079413344587148
2001-08-17,0.04993561348111341
2001-08-20,0.05687313769433597
2001-08-21,0.06110890143099877
2001-08-22,0.07543593129073294
2001-08-23,0.09661072570157511
2001-08-24,0.09240899778001928
2001-08-27,0.08345840903928764
2001-08-28,0.07927416352942204
2001-08-29,0.07159631775220741
2001-08-30,0.05029151739851839
2001-08-31,0.03507461395425153
2001-09-04,0.031066467438637023
2001-09-05,0.030466175170159718
2001-09-06,0.02960090438428215
2001-09-07,0.024112080589916627
2001-09-10,0.03523437913142366
2001-09-17,0.03433986554953577
2001-09-18,0.02684478805472623
2001-09-19,0.021186677548133505
2001-09-20,0.02216576971849451
2001-09-21,0.01961417246037816
2001-09-24,0.014048034290068456
2001-09-25,0.012946316158529744
2001-09-26,0.012443278782858991
2001-09-27,0.012970788886275847
2001-09-28,0.01127770381307475
2001-10-01,0.011602750627019334
2001-10-02,0.008045519309424584
2001-10-03,0.007061498631420929
2001-10-04,0.0078189111815795
2001-10-05,0.012203312529950263
2001-10-08,0.013064364288024098
2001-10-09,0.014628347372049872
2001-10-10,0.016333113248244234
2001-10-11,0.02008329973632287
2001-10-12,0.026940669895010656
2001-10-15,0.028240478078054944
2001-10-16,0.025475167317582027
2001-10-17,0.04922560112788056
2001-10-18,0.049706774839710914
2001-10-19,0.04450191156319258
2001-10-22,0.11194139852722394
2001-10-23,0.1800171648049244
2001-10-24,0.09468258968385383
2001-10-25,0.07777362198355334
2001-10-26,0.13311370073816595
2001-10-29,0.10006278908434178
2001-10-30,0.05180178992792375
2001-10-31,0.043345872991518
2001-11-01,0.021820913876400557
2001-11-02,0.01048430679312208
2001-11-05,0.008582526606961927
2001-11-06,0.008110997135612464
2001-11-07,0.010146572611152626
2001-11-08,0.010427506029782261
2001-11-09,0.009407280349230315
2001-11-12,0.008155139136371416
2001-11-13,0.00927833750020018
2001-11-14,0.008057336908789427
2001-11-15,0.005342168151441082
2001-11-16,0.005983684536878553
2001-11-19,0.004774575292910823
2001-11-20,0.004052193583565121
2001-11-21,0.004861948475267622
2001-11-23,0.006093457922677718
2001-11-26,0.005024973691998156
2001-11-27,0.004450154043261182
2001-11-28,0.003671724594358735
2001-11-29,0.005534243303378658
2001-11-30,0.0056955768398750835
2001-12-03,0.0073329570053706624
2001-12-04,0.006423029619506342
2001-12-05,0.006640034385795544
2001-12-06,0.00604859343517113
2001-12-07,0.0039260241998282834
2001-12-10,0.0037184012516819484
2001-12-11,0.0037903207733748904
2001-12-12,0.006486132621310415
2001-12-13,0.006062108381613604
2001-12-14,0.005723546902150833
2001-12-17,0.008827450699176021
2001-12-18,0.012332762298832588
2001-12-19,0.012101385330771158
2001-12-20,0.009878386437998606
2001-12-21,0.010426924925663649
2001-12-24,0.00872531759136313
2001-12-26,0.008003651792974596
2001-12-27,0.005677077745321011
2001-12-28,0.0036393291296815834
2001-12-31,0.005174039138271956
2002-01-02,0.007156205362018494
2002-01-03,0.009826905156351522
2002-01-04,0.017247605868955726
2002-01-07,0.023365432550282252
2002-01-08,0.018788018806624708
2002-01-09,0.01326684154393115
2002-01-10,0.028293852711502903
2002-01-11,0.031106496194391643
2002-01-14,0.025424365616384517
2002-01-15,0.02968700735981583
2002-01-16,0.05116982912645488
2002-01-17,0.059528323949035955
2002-01-18,0.0633020245455288
2002-01-22,0.06139311717565651
2002-01-23,0.06832208035241252
2002-01-24,0.07790970958746328
2002-01-25,0.08571439208599343
2002-01-28,0.07985345085371015
2002-01-29,0.07578823670016865
2002-01-30,0.07569907694258186
2002-01-31,0.0699730787377263
2002-02-01,0.06931172973147001
2002-02-04,0.05950969677648616
2002-02-05,0.05632562718690507
2002-02-06,0.054235730461546304
2002-02-07,0.04957667846322174
2002-02-08,0.04699837137439397
2002-02-11,0.0386222294181272
2002-02-12,0.039151323806866395
2002-02-13,0.04111243803693554
2002-02-14,0.03773070584491913
2002-02-15,0.029277033522956023
2002-02-19,0.030146407725172325
2002-02-20,0.030479977210792642
2002-02-21,0.02861574032978719
2002-02-22,0.0288899042685253
2002-02-25,0.02989709457295513
2002-02-26,0.022004034314891195
2002-02-27,0.015905540189947352
2002-02-28,0.010769239055458145
2002-03-01,0.013685862730154501
2002-03-04,0.009634644129007155
2002-03-05,0.009863167973913416
2002-03-06,0.010512967148611978
2002-03-07,0.014665196922400425
2002-03-08,0.016603187873546203
2002-03-11,0.01961531435099203
2002-03-12,0.02658883526155461
2002-03-13,0.02958526252008541
2002-03-14,0.02922774686643265
2002-03-15,0.034393583138999186
2002-03-18,0.0222886913417722
2002-03-19,0.010858534800579137
2002-03-20,0.013257018126693406
2002-03-21,0.011220405882989387
2002-03-22,0.008985760010316503
2002-03-25,0.009023339541390542
2002-03-26,0.013423332923973477
2002-03-27,0.008029174135032263
2002-03-28,0.006014573001724918
2002-04-01,0.005172625347675413
2002-04-02,0.007075862580999008
2002-04-03,0.005887467752006932
2002-04-04,0.007636291495785013
2002-04-05,0.0077461090740871446
2002-04-08,0.007756050401765717
2002-04-09,0.011021106044215544
2002-04-10,0.010431208249664025
2002-04-11,0.006727161824691274
2002-04-12,0.007246821140032537
2002-04-15,0.018218039043315374
2002-04-16,0.017406122209456785
2002-04-17,0.019852347044405774
2002-04-18,0.03893111152276881
2002-04-19,0.054374441767761794
2002-04-22,0.09607464326918602
2002-04-23,0.11966447092084116
2002-04-24,0.18969394017262134
2002-04-25,0.4011070941470563
2002-04-26,0.5125423441570484
2002-04-29,0.5027098558265694
2002-04-30,0.47391500769372186
2002-05-01,0.44739088487146195
2002-05-02,0.47089787505513964
2002-05-03,0.4713548122011996
2002-05-06,0.48867251618327284
2002-05-07,0.47503324208163733
2002-05-08,0.5254112064099717
2002-05-09,0.5206162898382712
2002-05-10,0.36000298503037126
2002-05-13,0.39917872432043827
2002-05-14,0.32504692060633356
2002-05-15,0.2764636857297513
2002-05-16,0.15892104797273088
2002-05-17,0.13922775630922962
2002-05-20,0.09048990306215274
2002-05-21,0.07088000238803246
2002-05-22,0.06591651064476907
2002-05-23,0.0954144722371671
2002-05-24,0.11824074127559393
2002-05-28,0.14426152412320808
2002-05-29,0.23347799457621524
2002-05-30,0.2758958871626385
2002-05-31,0.1945317658079806
2002-06-03,0.16230430158897574
2002-06-04,0.12504126943274513
2002-06-05,0.09848011573101141
2002-06-06,0.07702369239481544
2002-06-07,0.07457095532122301
2002-06-10,0.04392889872297871
2002-06-11,0.050394985946411806
2002-06-12,0.07483988496325765
2002-06-13,0.05106236498020745
2002-06-14,0.03838790821381267
2002-06-17,0.034788827959020364
2002-06-18,0.023519591914838787
2002-06-19,0.014604606547118084
2002-06-20,0.011616060495833296
2002-06-21,0.008952597801439748
2002-06-24,0.007018448511107387
2002-06-25,0.005645988120770787
2002-06-26,0.007121509589886081
2002-06-27,0.01017954757183504
2002-06-28,0.01591199792187002
2002-07-01,0.018232566302672948
2002-07-02,0.021235018930162386
2002-07-03,0.034845937285878904
2002-07-05,0.03732277665874347
2002-07-08,0.04003366030167536
2002-07-09,0.05703534276099561
2002-07-10,0.0745871856850609
2002-07-11,0.07303664954501869
2002-07-12,0.08727308587770313
2002-07-15,0.06255247625643687
2002-07-16,0.07088943831230154
2002-07-17,0.05266177659655941
2002-07-18,0.03018076992239263
2002-07-19,0.03213129759277121
2002-07-22,0.041941579851276424
2002-07-23,0.03912652506516984
2002-07-24,0.05417382067315126
2002-07-25,0.04971184712622523
2002-07-26,0.06539626928415718
2002-07-29,0.061011183925097044
2002-07-30,0.03529962394883987
2002-07-31,0.020816127983716123
2002-08-01,0.02794369347032334
2002-08-02,0.035618879786328266
2002-08-05,0.029825301597771827
2002-08-06,0.01891631771266344
2002-08-07,0.026557108650477414
2002-08-08,0.039114490112407974
2002-08-09,0.06061731628278467
2002-08-12,0.05202766484161516
2002-08-13,0.05359815324567277
2002-08-14,0.06184121966263489
2002-08-15,0.05642224567677556
2002-08-16,0.036612319153273676
2002-08-19,0.04558503243481191
2002-08-20,0.07403020770079914
2002-08-21,0.11362235737342641
2002-08-22,0.17449469409825147
2002-08-23,0.11454232894890766
2002-08-26,0.09948125679358528
2002-08-27,0.07051466394723169
2002-08-28,0.017499556632521895
2002-08-29,0.008063337100077521
2002-08-30,0.004067259624321303
2002-09-03,0.005764421530211325
2002-09-04,0.0060474504995051545
2002-09-05,0.008633181070984168
2002-09-06,0.005516451384851915
2002-09-09,0.003729765849436931
2002-09-10,0.002186478715767015
2002-09-11,0.0015236724270490604
2002-09-12,0.001049683681761319
2002-09-13,0.0008364824343833187
2002-09-16,0.00035034492779709777
2002-09-17,0.0003074798685794465
2002-09-18,0.00015119438565871184
2002-09-19,9.30966175211232e-05
2002-09-20,8.338555020232627e-05
2002-09-23,5.414011669246611e-05
2002-09-24,3.3535391703188646e-05
2002-09-25,9.785484714423698e-05
2002-09-26,0.00015361532856672237
2002-09-27,0.00024106627633982514
2002-09-30,0.0006535358449487267
2002-10-01,0.0019597553827010255
2002-10-02,0.003525456387303636
2002-10-03,0.015338263967533941
2002-10-04,0.035838265647446015
2002-10-07,0.0777476578785913
2002-10-08,0.09743704597077696
2002-10-09,0.10872884825767361
2002-10-10,0.09450450239367625
2002-10-11,0.12393926687193539
2002-10-14,0.1948457015263917
2002-10-15,0.17598978475360683
2002-10-16,0.17417225643640394
2002-10-17,0.237397965785414
2002-10-18,0.18715876857476868
2002-10-21,0.191999620166543
2002-10-22,0.1546187942444386
2002-10-23,0.1720858311840147
2002-10-24,0.16811121347341373
2002-10-25,0.11226175980058505
2002-10-28,0.08193344884777606
2002-10-29,0.11082594602445307
2002-10-30,0.08037449137286637
2002-10-31,0.027193979210717818
2002-11-01,0.031306629589149725
2002-11-04,0.04568355277718452
2002-11-05,0.055536647449523156
2002-11-06,0.08276820696575331
2002-11-07,0.10029868610244834
2002-11-08,0.15146091990518418
2002-11-11,0.10450327491876613
2002-11-12,0.058228566265634545
2002-11-13,0.035093736690571364
2002-11-14,0.01630834456545759
2002-11-15,0.014326402554386362
2002-11-18,0.007648273764758489
2002-11-19,0.005714432552294694
2002-11-20,0.004574303025468093
2002-11-21,0.004834552517755322
2002-11-22,0.0036681594241102615
2002-11-25,0.005040422325729885
2002-11-26,0.004450766361018775
2002-11-27,0.0050382358458111835
2002-11-29,0.0046596494757909475
2002-12-02,0.004621465393425386
2002-12-03,0.004441616911779664
2002-12-04,0.0031197854498873478
2002-12-05,0.003388130370230375
2002-12-06,0.004902012864202137
2002-12-09,0.004928570822846967
2002-12-10,0.007413817726392613
2002-12-11,0.008840075259994707
2002-12-12,0.013707583673726351
2002-12-13,0.014050752312491782
2002-12-16,0.012423812410885068
2002-12-17,0.00947859114343099
2002-12-18,0.009764312463808492
2002-12-19,0.011102410825960033
2002-12-20,0.012046810725282008
2002-12-23,0.008491331711111421
2002-12-24,0.0070970010431025575
2002-12-26,0.007923746638553065
2002-12-27,0.007803400384673143
2002-12-30,0.010935363321407408
2002-12-31,0.008808760328643583
2003-01-02,0.008639481849133776
2003-01-03,0.010843311980406124
2003-01-06,0.016209346382925694
2003-01-07,0.01804946068525707
2003-01-08,0.02222620346003608
2003-01-09,0.0228916200277788
2003-01-10,0.034768218097764175
2003-01-13,0.03117492351517066
2003-01-14,0.02803582517915592
2003-01-15,0.026175864359824844
2003-01-16,0.03446579278978115
2003-01-17,0.01770556424137055
2003-01-21,0.02010333128927439
2003-01-22,0.021156729666596118
2003-01-23,0.022072426679801138
2003-01-24,0.018315087085793363
2003-01-27,0.018827367759670473
2003-01-28,0.019188661298627098
2003-01-29,0.018573158115455086
2003-01-30,0.015303773230684166
2003-01-31,0.01575957658140777
2003-02-03,0.018063757732951772
2003-02-04,0.009876080509851245
2003-02-05,0.0062587489308204725
2003-02-06,0.003964896733457663
2003-02-07,0.0034209786343559374
2003-02-10,0.0031616513639406126
2003-02-11,0.0030054816741922332
2003-02-12,0.004118428655184448
2003-02-13,0.005024447975589554
2003-02-14,0.0067113156820631376
2003-02-18,0.00995550266655712
2003-02-19,0.010474345780071774
2003-02-20,0.010788766128488957
2003-02-21,0.018640811986587413
2003-02-24,0.020444514132381818
2003-02-25,0.02180453173114204
2003-02-26,0.0506763093647775
2003-02-27,0.08730729675543249
2003-02-28,0.09233963733874191
2003-03-03,0.09801663574038015
2003-03-04,0.21113616349683537
2003-03-05,0.2502430264467872
2003-03-06,0.21365756194506408
2003-03-07,0.2842482080660951
2003-03-10,0.29163214473433685
2003-03-11,0.28111067321867994
2003-03-12,0.28159358337958845
2003-03-13,0.23264744182082223
2003-03-14,0.18277926156769664
2003-03-17,0.1655550247936933
2003-03-18,0.14898252938732764
2003-03-19,0.08457891209523244
2003-03-20,0.04978124630727894
2003-03-21,0.03112667621357821
2003-03-24,0.025017546610475075
2003-03-25,0.012651930423289494
2003-03-26,0.00916313715965011
2003-03-27,0.00740616183476485
2003-03-28,0.008618187014263914
2003-03-31,0.006523339137670101
2003-04-01,0.005557639761844838
2003-04-02,0.005331879732720813
2003-04-03,0.005720898400894191
2003-04-04,0.004438340704157177
2003-04-07,0.004692701355127149
2003-04-08,0.004389211080406427
2003-04-09,0.006183499800914587
2003-04-10,0.009234389040261453
2003-04-11,0.007302967316604117
2003-04-14,0.005326009539509206
2003-04-15,0.004916878037040204
2003-04-16,0.003983462078473741
2003-04-17,0.0029246140805586586
2003-04-21,0.002218859445540607
2003-04-22,0.0020601737935801836
2003-04-23,0.0011851652463167198
2003-04-24,0.0017413088011709683
2003-04-25,0.0014020593301455925
2003-04-28,0.0015824890970855994
2003-04-29,0.0014708535560624986
2003-04-30,0.0017699900058151044
2003-05-01,0.0028634603522299214
2003-05-02,0.003432865403569922
2003-05-05,0.002869135577681531
2003-05-06,0.003251167757999388
2003-05-07,0.002902284878534208
2003-05-08,0.0026767849993727536
2003-05-09,0.004863020796973927
2003-05-12,0.0065655964093015474
2003-05-13,0.00608519540620626
2003-05-14,0.010958007750591888
2003-05-15,0.015620084609875996
2003-05-16,0.014856913435833867
2003-05-19,0.021255202098262625
2003-05-20,0.02353247280056222
2003-05-21,0.02141540854183116
2003-05-22,0.012777397605203059
2003-05-23,0.0121278599970498
2003-05-27,0.013595052010672359
2003-05-28,0.013360137138136748
2003-05-29,0.009060934281330951
2003-05-30,0.00839995788631354
2003-06-02,0.009110885514811498
2003-06-03,0.009494928896119323
2003-06-04,0.004967294764247717
2003-06-05,0.004948827418799358
2003-06-06,0.0047809482853926576
2003-06-09,0.003685196258117601
2003-06-10,0.004118185166800588
2003-06-11,0.004292527689094591
2003-06-12,0.003099826886484859
2003-06-13,0.003823859392629503
2003-06-16,0.004056043322652941
2003-06-17,0.003742999384984006
2003-06-18,0.006770184001160294
2003-06-19,0.014636038871544027
2003-06-20,0.016914541140987883
2003-06-23,0.017609412013116103
2003-06-24,0.016086018583474394
2003-06-25,0.018463517853879525
2003-06-26,0.010423047041860275
2003-06-27,0.008757205227827544
2003-06-30,0.011337561750919198
2003-07-01,0.010432156850038624
2003-07-02,0.007884483363620083
2003-07-03,0.005980049952066207
2003-07-07,0.005616857260898786
2003-07-08,0.008455161865512576
2003-07-09,0.007830445676304726
2003-07-10,0.00779117523945585
2003-07-11,0.005271714802057645
2003-07-14,0.005420558720124058
2003-07-15,0.004657017014901357
2003-07-16,0.00498660105114857
2003-07-17,0.0028573718348222183
2003-07-18,0.003799783119085894
2003-07-21,0.003506156502263731
2003-07-22,0.003142242294649187
2003-07-23,0.0020639735605676363
2003-07-24,0.0019402604485519255
2003-07-25,0.00469751306798859
2003-07-28,0.00650972297903491
2003-07-29,0.010631449937524007
2003-07-30,0.04997748190275434
2003-07-31,0.11983891438919374
2003-08-01,0.19592663028133733
2003-08-04,0.17746547939301247
2003-08-05,0.19240107803283102
2003-08-06,0.09942674174874501
2003-08-07,0.12033450221307916
2003-08-08,0.14877586024597644
2003-08-11,0.2691208786904573
2003-08-12,0.3045927586269068
2003-08-13,0.3785935836877436
2003-08-14,0.39482194241112145
2003-08-15,0.5823870197209146
2003-08-18,0.6639348567640608
2003-08-19,0.6260001459984887
2003-08-20,0.7498127627137737
2003-08-21,0.7098452162877578
2003-08-22,0.7101682909657887
2003-08-25,0.7412173226392164
2003-08-26,0.6071403856946116
2003-08-27,0.563823005781049
2003-08-28,0.5277813960309281
2003-08-29,0.4377413413026355
2003-09-02,0.3634999304980105
2003-09-03,0.35358637730357284
2003-09-04,0.18128793164028006
2003-09-05,0.19859414445269707
2003-09-08,0.1364669244113064
2003-09-09,0.1335603381885174
2003-09-10,0.13460466426152023
2003-09-11,0.15944267640534757
2003-09-12,0.13155429197904825
2003-09-15,0.0986675329718783
2003-09-16,0.09039046933325288
2003-09-17,0.08846012113209561
2003-09-18,0.05505310714263837
2003-09-19,0.04788438835529205
2003-09-22,0.03127316463613913
2003-09-23,0.029042794756825155
2003-09-24,0.027105476365290152
2003-09-25,0.021106290366040042
2003-09-26,0.0297324215117759
2003-09-29,0.04751793574502394
2003-09-30,0.03426347190729466
2003-10-01,0.029275422786559337
2003-10-02,0.050786580908558386
2003-10-03,0.03604764194176701
2003-10-06,0.028972424671362972
2003-10-07,0.024960789522114907
2003-10-08,0.019080442696528484
2003-10-09,0.02712346437432195
2003-10-10,0.02640985242728601
2003-10-13,0.04897572565715378
2003-10-14,0.10987814610882238
2003-10-15,0.20663585657747527
2003-10-16,0.4072530310056002
2003-10-17,0.47707300103718175
2003-10-20,0.6025219920197984
2003-10-21,0.6701571226292022
2003-10-22,0.7850249207222036
2003-10-23,0.7470859489525666
2003-10-24,0.824013719764577
2003-10-27,0.8251241554103639
2003-10-28,0.8826301747616715
2003-10-29,0.843355646074288
2003-10-30,0.838872286822918
2003-10-31,0.7919822027568878
2003-11-03,0.7404037300908555
2003-11-04,0.6934144310102304
2003-11-05,0.6481742294249587
2003-11-06,0.5811829015701243
2003-11-07,0.5791354083258262
2003-11-10,0.43311009954873153
2003-11-11,0.3475560351549046
2003-11-12,0.22292921293055964
2003-11-13,0.18660774250868023
2003-11-14,0.15290867489346047
2003-11-17,0.17263617874007145
2003-11-18,0.2036483499894568
2003-11-19,0.1920734593709649
2003-11-20,0.20550227433034504
2003-11-21,0.32508380740619525
2003-11-24,0.4248063173845873
2003-11-25,0.45254362586582914
2003-11-26,0.5109280944209508
2003-11-28,0.4338248278018844
2003-12-01,0.5179989526274993
2003-12-02,0.4960879577600209
2003-12-03,0.43845445026661384
2003-12-04,0.3306903603326106
2003-12-05,0.338287903369608
2003-12-08,0.27703130691988914
2003-12-09,0.2534665336978733
2003-12-10,0.18295825229995416
2003-12-11,0.21377159533997026
2003-12-12,0.19708606266109566
2003-12-15,0.1568358202861687
2003-12-16,0.12240676671200139
2003-12-17,0.18313183440752742
2003-12-18,0.18568961996381936
2003-12-19,0.17654284211679486
2003-12-22,0.15222895632461367
2003-12-23,0.22415865069586452
2003-12-24,0.24238756269903952
2003-12-26,0.20660649176246743
2003-12-29,0.20697707193905607
2003-12-30,0.16871394306910992
2003-12-31,0.16990321835746694
2004-01-02,0.14335149790257354
2004-01-05,0.22470334171816686
2004-01-06,0.24297562281670204
2004-01-07,0.3383732126820509
2004-01-08,0.3919833825657369
2004-01-09,0.38020191357990113
2004-01-12,0.47802953011794375
2004-01-13,0.5084147999490025
2004-01-14,0.46631673517589967
2004-01-15,0.4630945525834848
2004-01-16,0.4385195511677829
2004-01-20,0.3835512687593297
2004-01-21,0.3068727762257181
2004-01-22,0.20982066309376082
2004-01-23,0.15420110488703984
2004-01-26,0.1445930815881963
2004-01-27,0.08552049906124451
2004-01-28,0.0595049698087939
2004-01-29,0.06337688505594419
2004-01-30,0.05553317762380065
2004-02-02,0.03650340678639934
2004-02-03,0.04229618685568187
2004-02-04,0.05643601982640677
2004-02-05,0.04523093732636223
2004-02-06,0.04728528952938075
2004-02-09,0.05240334709987577
2004-02-10,0.046969637956103254
2004-02-11,0.06456911946432682
2004-02-12,0.06901672511718931
2004-02-13,0.07774621656115634
2004-02-17,0.08729985244700363
2004-02-18,0.14788568175678354
2004-02-19,0.2112952405007237
2004-02-20,0.2519785899148639
2004-02-23,0.2564984364688987
2004-02-24,0.3627458042331167
2004-02-25,0.3570842072975873
2004-02-26,0.35105376277903383
2004-02-27,0.34953322590978847
2004-03-01,0.47691904951148223
2004-03-02,0.5059273482647169
2004-03-03,0.5268448453324379
2004-03-04,0.5010658561750648
2004-03-05,0.5735428099320596
2004-03-08,0.5674381298283784
2004-03-09,0.5845541775827859
2004-03-10,0.44289578297866405
2004-03-11,0.40810018053927516
2004-03-12,0.38560593245790564
2004-03-15,0.4399131853414016
2004-03-16,0.43877336955152535
2004-03-17,0.6088864781994163
2004-03-18,0.6564133303154018
2004-03-19,0.7592777969691011
2004-03-22,0.8105806323582572
2004-03-23,0.88038115501868
2004-03-24,0.8278669336483276
2004-03-25,0.8510670304734006
2004-03-26,0.8206200080716619
2004-03-29,0.7918272379883647
2004-03-30,0.7357173718641372
2004-03-31,0.6309653420596293
2004-04-01,0.6409338218927714
2004-04-02,0.6849813497006761
2004-04-05,0.643646845592426
2004-04-06,0.6352604975086136
2004-04-07,0.6905315453160432
2004-04-08,0.6946771247197783
2004-04-12,0.6629896731380628
2004-04-13,0.7100983252365076
2004-04-14,0.6588489259817596
2004-04-15,0.7491158708679977
2004-04-16,0.7683889211699126
2004-04-19,0.7136116451932379
2004-04-20,0.7460323507013277
2004-04-21,0.7823267179445419
2004-04-22,0.8532992229515342
2004-04-23,0.8691037083149497
2004-04-26,0.8773405822414948
2004-04-27,0.826918511791503
2004-04-28,0.8527834371590335
2004-04-29,0.7985529725555793
2004-04-30,0.7188439170626227
2004-05-03,0.652603086402584
2004-05-04,0.6587214313678147
2004-05-05,0.5681342320124046
2004-05-06,0.5272747439998953
2004-05-07,0.48300159257430025
2004-05-10,0.4367677858805678
2004-05-11,0.4462078649582392
2004-05-12,0.4623594763171117
2004-05-13,0.48894340079873744
2004-05-14,0.4975056238613523
2004-05-17,0.5454084899025826
2004-05-18,0.5114955200672916
2004-05-19,0.4023738226769385
2004-05-20,0.4168155037317518
2004-05-21,0.4046489114959111
2004-05-24,0.3772037817567984
2004-05-25,0.37292209747510474
2004-05-26,0.46760684984185535
2004-05-27,0.48147288746429795
2004-05-28,0.5307797929690677
2004-06-01,0.6313997907357936
2004-06-02,0.6962980206668229
2004-06-03,0.7017059013710757
2004-06-04,0.7516986389263104
2004-06-07,0.7639177851019513
2004-06-08,0.7594526416415266
2004-06-09,0.7415342732767651
2004-06-10,0.7831703673744447
2004-06-14,0.7873034712105494
2004-06-15,0.7797950260772808
2004-06-16,0.7452406267787626
2004-06-17,0.7908948865179458
2004-06-18,0.7983427806096046
2004-06-21,0.745687252697892
2004-06-22,0.6736910612054644
2004-06-23,0.6412460528753162
2004-06-24,0.5071153994338718
2004-06-25,0.4095690973187912
2004-06-28,0.2640712865573976
2004-06-29,0.23343034846155863
2004-06-30,0.15736350904599955
2004-07-01,0.1354074012910359
2004-07-02,0.131358546859409
2004-07-06,0.14294133260944125
2004-07-07,0.1396947367755815
2004-07-08,0.17507212865457852
2004-07-09,0.16776759158671267
2004-07-12,0.16257419081600896
2004-07-13,0.16133825953096245
2004-07-14,0.18004020634861587
2004-07-15,0.21742922207639256
2004-07-16,0.20775060685088162
2004-07-19,0.2116849039107746
2004-07-20,0.21011172299680636
2004-07-21,0.2476806678820519
2004-07-22,0.21653817684960278
2004-07-23,0.23168752577280877
2004-07-26,0.21477023717506713
2004-07-27,0.2130680787501419
2004-07-28,0.26394510186673537
2004-07-29,0.2770098333322316
2004-07-30,0.2523214981781689
2004-08-02,0.24132600233484225
2004-08-03,0.29018891571652355
2004-08-04,0.2682015274349059
2004-08-05,0.2987736499052476
2004-08-06,0.2559784458303239
2004-08-09,0.2900626549733586
2004-08-10,0.2955647308099617
2004-08-11,0.30157528245697535
2004-08-12,0.3005299144114126
2004-08-13,0.3675462718378955
2004-08-16,0.3807125874136985
2004-08-17,0.4284324235038634
2004-08-18,0.44062130402985583
2004-08-19,0.4585140309795637
2004-08-20,0.5103688724498603
2004-08-23,0.5019620214725299
2004-08-24,0.5396238355201116
2004-08-25,0.5049300310698696
2004-08-26,0.47129285345410693
2004-08-27,0.4518473540046088
2004-08-30,0.4095912545045102
2004-08-31,0.3799075877649114
2004-09-01,0.3560076895123337
2004-09-02,0.4082635225380763
2004-09-03,0.42400874263011856
2004-09-07,0.49004030830061734
2004-09-08,0.5390737017685066
2004-09-09,0.5940627748335792
2004-09-10,0.5214586564921959
2004-09-13,0.4720916713954227
2004-09-14,0.49999984374067274
2004-09-15,0.46266444025896775
2004-09-16,0.3575870056421355
2004-09-17,0.3705473510887607
2004-09-20,0.31115324963345287
2004-09-21,0.3347850132684534
2004-09-22,0.281424698962966
2004-09-23,0.24355109407879535
2004-09-24,0.23223481683016559
2004-09-27,0.15728044451020323
2004-09-28,0.11890997691261508
2004-09-29,0.08707549987705823
2004-09-30,0.09553648795908241
2004-10-01,0.06861084677469785
2004-10-04,0.08994536470165854
2004-10-05,0.08696815924066481
2004-10-06,0.12025898391963703
2004-10-07,0.12982389691407992
2004-10-08,0.17412889173377008
2004-10-11,0.17312950370109698
2004-10-12,0.1869572267441301
2004-10-13,0.19080049902469917
2004-10-14,0.2132588223976884
2004-10-15,0.24260693567841857
2004-10-18,0.2462204379217041
2004-10-19,0.25151633826252984
2004-10-20,0.25517567411667225
2004-10-21,0.2587524085489451
2004-10-22,0.2973793642476439
2004-10-25,0.2740922424794217
2004-10-26,0.2718414955083423
2004-10-27,0.2696725160487122
2004-10-28,0.24947508227014534
2004-10-29,0.2601598839359341
2004-11-01,0.25545706298781495
2004-11-02,0.21260884460823373
2004-11-03,0.2029172397562702
2004-11-04,0.22186386404090602
2004-11-05,0.18250100213956133
2004-11-08,0.19077565291307197
2004-11-09,0.22540594254683216
2004-11-10,0.216600625212082
2004-11-11,0.20510989015509976
2004-11-12,0.23218850701238147
2004-11-15,0.3052723019191489
2004-11-16,0.29811617975428234
2004-11-17,0.2689357096271751
2004-11-18,0.2839533548696784
2004-11-19,0.255105313771743
2004-11-22,0.247250451302772
2004-11-23,0.2333221263348757
2004-11-24,0.23663674916221664
2004-11-26,0.23496087982927094
2004-11-29,0.20985721043970088
2004-11-30,0.21453931569424647
2004-12-01,0.20576433927624585
2004-12-02,0.2201223811155082
2004-12-03,0.20216695557603098
2004-12-06,0.173633207796709
2004-12-07,0.1433647580056525
2004-12-08,0.11643915995049864
2004-12-09,0.11724852448632635
2004-12-10,0.09680683612260688
2004-12-13,0.09132934082973287
2004-12-14,0.0944361167424868
2004-12-15,0.09650089432550492
2004-12-16,0.09375035749165725
2004-12-17,0.11791530593606073
2004-12-20,0.121484957675447
2004-12-21,0.1456440420276396
2004-12-22,0.18564587205282473
2004-12-23,0.21136103389781175
2004-12-27,0.24021664448477217
2004-12-28,0.25248254768821005
2004-12-29,0.26582008878470337
2004-12-30,0.31681407969034553
2004-12-31,0.3437523980758587
2005-01-03,0.32076329225988465
2005-01-04,0.32928510424112356
2005-01-05,0.37526187363819485
2005-01-06,0.3722269240615358
2005-01-07,0.40174642237128827
2005-01-10,0.4097740959528189
2005-01-11,0.36657691095819617
2005-01-12,0.3724684891223487
2005-01-13,0.31397381401625774
2005-01-14,0.29000759406786925
2005-01-18,0.25201390826189035
2005-01-19,0.26056838472059374
2005-01-20,0.25996528615461795
2005-01-21,0.2828956546305485
2005-01-24,0.2542316125898031
2005-01-25,0.23852662458060991
2005-01-26,0.26171792653061243
2005-01-27,0.23486968053811055
2005-01-28,0.16838956434709199
2005-01-31,0.16873860484295908
2005-02-01,0.15921061988723473
2005-02-02,0.1526721654333698
2005-02-03,0.15934747947191102
2005-02-04,0.17728357064897657
2005-02-07,0.19900818858133304
2005-02-08,0.24292154626094753
2005-02-09,0.26476673555810615
2005-02-10,0.2782177237231923
2005-02-11,0.34085480109745997
2005-02-14,0.3189847890122351
2005-02-15,0.3248270716924733
2005-02-16,0.3351725517868094
2005-02-17,0.294954149778992
2005-02-18,0.29255116740552
2005-02-22,0.3069826293053157
2005-02-23,0.30778993343032957
2005-02-24,0.29834912429212856
2005-02-25,0.3028898480862521
2005-02-28,0.28725961774542613
2005-03-01,0.2636475529512024
2005-03-02,0.2786021350439976
2005-03-03,0.22213613042600105
2005-03-04,0.19139048289769622
2005-03-07,0.17740989843786223
2005-03-08,0.175065884366011
2005-03-09,0.12394848932589944
2005-03-10,0.10774053241185981
2005-03-11,0.08130529574906215
2005-03-14,0.0663950601984832
2005-03-15,0.06621658124887449
2005-03-16,0.047650217811488524
2005-03-17,0.04843659266938722
2005-03-18,0.05702546604991942
2005-03-21,0.05983668751462075
2005-03-22,0.059310539248480024
2005-03-23,0.056194854846442044
2005-03-24,0.07455531502409683
2005-03-28,0.07354861496899508
2005-03-29,0.08965192358400768
2005-03-30,0.08748556356590714
2005-03-31,0.13137322322429254
2005-04-01,0.14906404771711484
2005-04-04,0.17072706701565935
2005-04-05,0.1992204923787059
2005-04-06,0.2271689351924594
2005-04-07,0.2593083897053269
2005-04-08,0.2833497423032381
2005-04-11,0.31139267936238274
2005-04-12,0.30967150031036783
2005-04-13,0.35413608449206635
2005-04-14,0.29852534310944767
2005-04-15,0.302200597492648
2005-04-18,0.31297309438115206
2005-04-19,0.3188614890107161
2005-04-20,0.306246400289632
2005-04-21,0.27581552803936443
2005-04-22,0.3048519878827634
2005-04-25,0.33644890494614677
2005-04-26,0.33000911034695274
2005-04-27,0.2992321685436971
2005-04-28,0.3263729922989685
2005-04-29,0.24122525603930758
2005-05-02,0.19573474506406113
2005-05-03,0.1685013967840754
2005-05-04,0.16217772237552436
2005-05-05,0.13444422577359527
2005-05-06,0.12872913628949773
2005-05-09,0.10930841034156664
2005-05-10,0.09918934465640296
2005-05-11,0.0793300513685646
2005-05-12,0.07655912528072378
2005-05-13,0.08414621199325616
2005-05-16,0.09719037923750784
2005-05-17,0.1313154629544837
2005-05-18,0.13207925513986318
2005-05-19,0.15301274568655132
2005-05-20,0.18650260923857376
2005-05-23,0.1603171862066048
2005-05-24,0.1813485705907527
2005-05-25,0.17991842257342713
2005-05-26,0.25302806586710486
2005-05-27,0.26372596688917027
2005-05-31,0.34176521651803815
2005-06-01,0.3220734813381705
2005-06-02,0.32927260368204453
2005-06-03,0.3362669801064911
2005-06-06,0.2703265245048974
2005-06-07,0.2608499876883047
2005-06-08,0.2897706584760378
2005-06-09,0.26590914572984586
2005-06-10,0.25042883421325285
2005-06-13,0.251422672978162
2005-06-14,0.2533074558989956
2005-06-15,0.27199611497334447
2005-06-16,0.25363582216953673
2005-06-17,0.2252461487944916
2005-06-20,0.19833055420472093
2005-06-21,0.17005442052289263
2005-06-22,0.15631621600435344
2005-06-23,0.15226150255279516
2005-06-24,0.13786305810048657
2005-06-27,0.13443179904261945
2005-06-28,0.12662431763858634
2005-06-29,0.13161057563880216
2005-06-30,0.1474365581169063
2005-07-01,0.11704018305028496
2005-07-05,0.10910167976473349
2005-07-06,0.10414250177457941
2005-07-07,0.10300742545263983
2005-07-08,0.08904061485576376
2005-07-11,0.096949836335124
2005-07-12,0.09699592134395102
2005-07-13,0.10616338803034708
2005-07-14,0.10422010337965534
2005-07-15,0.10481713942092617
2005-07-18,0.10008735526615474
2005-07-19,0.09753971166183503
2005-07-20,0.09914613014798554
2005-07-21,0.08365667808825411
2005-07-22,0.08999414750834216
2005-07-25,0.0834646088968993
2005-07-26,0.09930435141756697
2005-07-27,0.13425096158239927
2005-07-28,0.15919458031877753
2005-07-29,0.17330849057952288
2005-08-01,0.2136858355164786
2005-08-02,0.2714630044193299
2005-08-03,0.25878369591588773
2005-08-04,0.23858224017315735
2005-08-05,0.22181963361253917
2005-08-08,0.1753044254657379
2005-08-09,0.13843273618039048
2005-08-10,0.13667482930226554
2005-08-11,0.12384676868769771
2005-08-12,0.10185234007540152
2005-08-15,0.10136417969561137
2005-08-16,0.1239232157258347
2005-08-17,0.14064712209193198
2005-08-18,0.16227625014152494
2005-08-19,0.1643484631029876
2005-08-22,0.2153272948808616
2005-08-23,0.21146366661401747
2005-08-24,0.23209352124713983
2005-08-25,0.2629699407303141
2005-08-26,0.27622129500437353
2005-08-29,0.27540269005767365
2005-08-30,0.2911536102281539
2005-08-31,0.31981685408369803
2005-09-01,0.31122715836628373
2005-09-02,0.3504525846531822
2005-09-06,0.37437649068234974
2005-09-07,0.43150863688767166
2005-09-08,0.4308753451959627
2005-09-09,0.4288596247176244
2005-09-12,0.44798340028036804
2005-09-13,0.4192023958574047
2005-09-14,0.4181718431632601
2005-09-15,0.3660206677159017
2005-09-16,0.406233063825409
2005-09-19,0.41268476807075766
2005-09-20,0.39282153177134027
2005-09-21,0.40271909477460127
2005-09-22,0.34883972925907514
2005-09-23,0.3194179325537359
2005-09-26,0.3201691407902059
2005-09-27,0.2782893814160935
2005-09-28,0.2887351321113217
2005-09-29,0.2813025925320955
2005-09-30,0.28912966511014937
2005-10-03,0.295227164182485
2005-10-04,0.3095539884640632
2005-10-05,0.31190834041708443
2005-10-06,0.29865089232145314
2005-10-07,0.25899591272797473
2005-10-10,0.2320163087748769
2005-10-11,0.20109213540207688
2005-10-12,0.1777925060817556
2005-10-13,0.16553365574936543
2005-10-14,0.14755508073057932
2005-10-17,0.1530565691723692
2005-10-18,0.1514436730501589
2005-10-19,0.1459920149954904
2005-10-20,0.16332382826286682
2005-10-21,0.1922634522122184
2005-10-24,0.16813363486693989
2005-10-25,0.16735041122187094
2005-10-26,0.20284675977462344
2005-10-27,0.2461723919871188
2005-10-28,0.25484260551125526
2005-10-31,0.2560423796545208
2005-11-01,0.2759701855515691
2005-11-02,0.29004347353204
2005-11-03,0.3561660021203893
2005-11-04,0.47778644761638395
2005-11-07,0.5446896474480446
2005-11-08,0.5690248750120572
2005-11-09,0.626275979290041
2005-11-10,0.6415247506127871
2005-11-11,0.666634178359735
2005-11-14,0.672231532769844
2005-11-15,0.6298029936411597
2005-11-16,0.5630710445912432
2005-11-17,0.5792488008915554
2005-11-18,0.4851505090243512
2005-11-21,0.44300482184488993
2005-11-22,0.4089920711117111
2005-11-23,0.31971049039017835
2005-11-25,0.2908709640532225
2005-11-28,0.28219322615018
2005-11-29,0.276019014635991
2005-11-30,0.19645352233162505
2005-12-01,0.19527329106114805
2005-12-02,0.18047442328831684
2005-12-05,0.146090224139986
2005-12-06,0.12361679690447526
2005-12-07,0.10468744347126811
2005-12-08,0.0991232369338824
2005-12-09,0.1025892076423378
2005-12-12,0.09729356907548976
2005-12-13,0.10129542539683029
2005-12-14,0.11352336693299689
2005-12-15,0.1272605704344686
2005-12-16,0.1339433847408037
2005-12-19,0.12751098231154875
2005-12-20,0.11561668181145827
2005-12-21,0.12299609575631405
2005-12-22,0.12209716042647425
2005-12-23,0.1110365302512977
2005-12-27,0.10118052570944616
2005-12-28,0.11226167058760765
2005-12-29,0.1312104928680764
2005-12-30,0.13535515825129188
2006-01-03,0.15370980511633595
2006-01-04,0.13219693456611073
2006-01-05,0.11590936298632364
2006-01-06,0.10752220370851633
2006-01-09,0.1018840300235217
2006-01-10,0.096799680274859
2006-01-11,0.10603785572763232
2006-01-12,0.10318812101165606
2006-01-13,0.11547785703139289
2006-01-17,0.10282051730582788
2006-01-18,0.10791241698907486
2006-01-19,0.1261194184082915
2006-01-20,0.12287677438953667
2006-01-23,0.11990727722237478
2006-01-24,0.11805408367203919
2006-01-25,0.11337678450507815
2006-01-26,0.10915253070130392
2006-01-27,0.113343080156518
2006-01-30,0.13303168527211012
2006-01-31,0.13869114752864278
2006-02-01,0.17831103635359427
2006-02-02,0.235603356482539
2006-02-03,0.22842129999427202
2006-02-06,0.21812705902743235
2006-02-07,0.25420811451837777
2006-02-08,0.22844716962573938
2006-02-09,0.208702538631036
2006-02-10,0.18782454431657838
2006-02-13,0.18621202595256478
2006-02-14,0.20759921098894293
2006-02-15,0.2046540722574859
2006-02-16,0.22418366047367033
2006-02-17,0.25221657120920665
2006-02-21,0.231437160788371
2006-02-22,0.28551200246082276
2006-02-23,0.2460839342429659
2006-02-24,0.24505354296270057
2006-02-27,0.260591870511076
2006-02-28,0.2756174884440213
2006-03-01,0.22620100065042995
2006-03-02,0.23477022500413205
2006-03-03,0.24666247805352148
2006-03-06,0.24036660856426886
2006-03-07,0.2834396447514302
2006-03-08,0.3224293270814014
2006-03-09,0.3243934058872172
2006-03-10,0.32592765021584325
2006-03-13,0.30995859359363737
2006-03-14,0.27092947676102536
2006-03-15,0.24870447277981836
2006-03-16,0.21954661157374641
2006-03-17,0.16262735565768846
2006-03-20,0.14562738913054857
2006-03-21,0.1242995164160568
2006-03-22,0.10574227821937368
2006-03-23,0.0896524057251546
2006-03-24,0.0783437425848927
2006-03-27,0.07781754883451587
2006-03-28,0.08031477923745252
2006-03-29,0.07162818607516436
2006-03-30,0.10183458530155422
2006-03-31,0.10192794126295918
2006-04-03,0.10467428266345517
2006-04-04,0.11888505467024871
2006-04-05,0.16281891570181456
2006-04-06,0.188841156737966
2006-04-07,0.22394810940519583
2006-04-10,0.24795275007897924
2006-04-11,0.25381336423359585
2006-04-12,0.2716746191503354
2006-04-13,0.21889941935241486
2006-04-17,0.17740911447665528
2006-04-18,0.1281470322009813
2006-04-19,0.11485424543906918
2006-04-20,0.10905406975785982
2006-04-21,0.09444569745027463
2006-04-24,0.11196498487052967
2006-04-25,0.116620171095108
2006-04-26,0.14189287235053893
2006-04-27,0.13923955381371214
2006-04-28,0.17130938560615533
2006-05-01,0.14725415219558488
2006-05-02,0.18222906663307256
2006-05-03,0.2088484805940907
2006-05-04,0.21993139442350546
2006-05-05,0.2501904136858234
2006-05-08,0.26648645746070426
2006-05-09,0.2902841928832025
2006-05-10,0.3595765838470019
2006-05-11,0.34670294816843017
2006-05-12,0.40167559689912397
2006-05-15,0.3784011596821065
2006-05-16,0.36119402183480614
2006-05-17,0.37321870763586046
2006-05-18,0.3292887171329756
2006-05-19,0.33249884231335075
2006-05-22,0.33595786404045697
2006-05-23,0.33723924607399197
2006-05-24,0.34647118452135445
2006-05-25,0.371220149939599
2006-05-26,0.3451338937484357
2006-05-30,0.3475964917204036
2006-05-31,0.33402965532691253
2006-06-01,0.3119081050545264
2006-06-02,0.30299450027604224
2006-06-05,0.31071243961907197
2006-06-06,0.2705241903192293
2006-06-07,0.2315361563500635
2006-06-08,0.21818457521883827
2006-06-09,0.2024297728005332
2006-06-12,0.1990361517153471
2006-06-13,0.22292530385005352
2006-06-14,0.267910591832171
2006-06-15,0.2799824336590997
2006-06-16,0.31024102018049343
2006-06-19,0.3900840667281387
2006-06-20,0.45023260933573733
2006-06-21,0.4432431986996154
2006-06-22,0.45643436898096484
2006-06-23,0.48403831291642957
2006-06-26,0.4268587169890694
2006-06-27,0.32494694459425283
2006-06-28,0.26800881179006764
2006-06-29,0.30519491836311413
2006-06-30,0.2443312414233337
2006-07-03,0.17710592933987582
2006-07-05,0.16882029374919896
2006-07-06,0.22455626482735414
2006-07-07,0.18770772523355184
2006-07-10,0.19512754885897704
2006-07-11,0.2262988086884976
2006-07-12,0.2708422202818187
2006-07-13,0.31521400999701105
2006-07-14,0.37387203010290077
2006-07-17,0.3849511238397292
2006-07-18,0.3286679349301167
2006-07-19,0.31866017786215056
2006-07-20,0.35219763917138175
2006-07-21,0.3444556472869709
2006-07-24,0.27654881184500774
2006-07-25,0.30117304974343456
2006-07-26,0.28707173967601635
2006-07-27,0.24976350507999615
2006-07-28,0.25386661521930576
2006-07-31,0.25183286414935263
2006-08-01,0.16987027920405365
2006-08-02,0.1526428254226486
2006-08-03,0.13300956173596992
2006-08-04,0.128406962652576
2006-08-07,0.09810363232625843
2006-08-08,0.09433413491412752
2006-08-09,0.08707573837047615
2006-08-10,0.0891447963934159
2006-08-11,0.10041116609150436
2006-08-14,0.14295785443636283
2006-08-15,0.16120305468016774
2006-08-16,0.1890426706092172
2006-08-17,0.1762658529513235
2006-08-18,0.15075814728646364
2006-08-21,0.15605564901150198
2006-08-22,0.1613994489770008
2006-08-23,0.12934224018120177
2006-08-24,0.11234946310299807
2006-08-25,0.10589665661483323
2006-08-28,0.11479517315615387
2006-08-29,0.08814543309910297
2006-08-30,0.0913903886762147
2006-08-31,0.09390237429987597
2006-09-01,0.10308926991993025
2006-09-05,0.10555972744509318
2006-09-06,0.11202167398875428
2006-09-07,0.14236798994353694
2006-09-08,0.16277894401648949
2006-09-11,0.17356064528419793
2006-09-12,0.19546068424012794
2006-09-13,0.2298689430026218
2006-09-14,0.22430654951477097
2006-09-15,0.19250364118483337
2006-09-18,0.1730620447805125
2006-09-19,0.17404046551502692
2006-09-20,0.14576656892928866
2006-09-21,0.13349823239993622
2006-09-22,0.11604419819820239
2006-09-25,0.12670408357747537
2006-09-26,0.11829849364082119
2006-09-27,0.11999466814729258
2006-09-28,0.11091332375660964
2006-09-29,0.11400153721746471
2006-10-02,0.12729489455570675
2006-10-03,0.13467858287521325
2006-10-04,0.12750628479147116
2006-10-05,0.11311027927624451
2006-10-06,0.1106757701317472
2006-10-09,0.11249852977475928
2006-10-10,0.11281965436905998
2006-10-11,0.10617088412342862
2006-10-12,0.09846069838877272
2006-10-13,0.09074724112088672
2006-10-16,0.0905838082763132
2006-10-17,0.09555218647178858
2006-10-18,0.10198840553330543
2006-10-19,0.09925106596907203
2006-10-20,0.12485428200593385
2006-10-23,0.12169381265569577
2006-10-24,0.13752280723543506
2006-10-25,0.16359857902575684
2006-10-26,0.16369330394367526
2006-10-27,0.16206343904995718
2006-10-30,0.14874865009263932
2006-10-31,0.19549789828126188
2006-11-01,0.23223926729070052
2006-11-02,0.23805206323888206
2006-11-03,0.2530577861571148
2006-11-06,0.2919257926503126
2006-11-07,0.31544789128108314
2006-11-08,0.32455640588729884
2006-11-09,0.3173690123960705
2006-11-10,0.3315595222447049
2006-11-13,0.3256634448119001
2006-11-14,0.32456042200704044
2006-11-15,0.31065065355829374
2006-11-16,0.3116107138049719
2006-11-17,0.30642149791122014
2006-11-20,0.3328577969443287
2006-11-21,0.34145100162939485
2006-11-22,0.34485933642670275
2006-11-24,0.3715061864993672
2006-11-27,0.37894094717905247
2006-11-28,0.36081511825328205
2006-11-29,0.3419121175841266
2006-11-30,0.3310716018925576
2006-12-01,0.3012680012863329
2006-12-04,0.34903263875794255
2006-12-05,0.3509065879259558
2006-12-06,0.3516198862782939
2006-12-07,0.3234571760135941
2006-12-08,0.30653369635019634
2006-12-11,0.27381563898564215
2006-12-12,0.2768232533290472
2006-12-13,0.2576767432524736
2006-12-14,0.25873883273380077
2006-12-15,0.2522180534462945
2006-12-18,0.24287989987244765
2006-12-19,0.22113907714914832
2006-12-20,0.1980378742616438
2006-12-21,0.1884301610750917
2006-12-22,0.1824397217633198
2006-12-26,0.1835461710406714
2006-12-27,0.19490919784370306
2006-12-28,0.21512893462783955
2006-12-29,0.2225506132271411
2007-01-03,0.20242928726916393
2007-01-04,0.19062951830002856
2007-01-05,0.2412662349338191
2007-01-08,0.2351486637079918
2007-01-09,0.23119909067902433
2007-01-10,0.2735169895346203
2007-01-11,0.3205642795460596
2007-01-12,0.31907562264149364
2007-01-16,0.3361419750089163
2007-01-17,0.3362672495517863
2007-01-18,0.33906227961773067
2007-01-19,0.2938537354776709
2007-01-22,0.2675358777172773
2007-01-23,0.27600695787030055
2007-01-24,0.20974941009012513
2007-01-25,0.198724482371671
2007-01-26,0.20364646925707103
2007-01-29,0.21119535060982422
2007-01-30,0.21321145484525955
2007-01-31,0.23102849984025475
2007-02-01,0.2523713920852893
2007-02-02,0.2611366902078216
2007-02-05,0.27148888945179467
2007-02-06,0.25045978870519064
2007-02-07,0.252772138177431
2007-02-08,0.24508969216270735
2007-02-09,0.22428926042763192
2007-02-12,0.23785412870570702
2007-02-13,0.22469582897916626
2007-02-14,0.2203714615830253
2007-02-15,0.21022262402822164
2007-02-16,0.24301087905964935
2007-02-20,0.2621017082756243
2007-02-21,0.2848059106781613
2007-02-22,0.3165307875428066
2007-02-23,0.3131466898681898
2007-02-26,0.3146992430748557
2007-02-27,0.34213569740051636
2007-02-28,0.33911882369136265
2007-03-01,0.34175704563343784
2007-03-02,0.2871467057970751
2007-03-05,0.2821667427002543
2007-03-06,0.24276619177726252
2007-03-07,0.22223853083574033
2007-03-08,0.1875761629147155
2007-03-09,0.17323210201182437
2007-03-12,0.16340026086487322
2007-03-13,0.14859533642840364
2007-03-14,0.1727797843448884
2007-03-15,0.1877223775113355
2007-03-16,0.20103179645331973
2007-03-19,0.2000075946348403
2007-03-20,0.21383708971471962
2007-03-21,0.22387102955062937
2007-03-22,0.2134216544722659
2007-03-23,0.19962141676398582
2007-03-26,0.2114601581516056
2007-03-27,0.21218228042684703
2007-03-28,0.21764044490926593
2007-03-29,0.3352798375732922
2007-03-30,0.34350192323887624
2007-04-02,0.40624399559292595
2007-04-03,0.4782832194910956
2007-04-04,0.5368097120721985
2007-04-05,0.47802224754504347
2007-04-09,0.5025049938274885
2007-04-10,0.4768040713463357
2007-04-11,0.4377116859026577
2007-04-12,0.3509406263733068
2007-04-13,0.40259489450989777
2007-04-16,0.33756424585926037
2007-04-17,0.30959999530194005
2007-04-18,0.3045747400651976
2007-04-19,0.2619209199772571
2007-04-20,0.26049387240931104
2007-04-23,0.20840208348340367
2007-04-24,0.19538201504199795
2007-04-25,0.1760318552505908
2007-04-26,0.1617230087608296
2007-04-27,0.15007603751353193
2007-04-30,0.17759629137149927
2007-05-01,0.18179703217686816
2007-05-02,0.19532276888296657
2007-05-03,0.19620984338742176
2007-05-04,0.20280063443140717
2007-05-07,0.18944099145047721
2007-05-08,0.19014516852388824
2007-05-09,0.21106183445986793
2007-05-10,0.21041828049503475
2007-05-11,0.2297846871920209
2007-05-14,0.2271565528401142
2007-05-15,0.19434382320646476
2007-05-16,0.14133101481593477
2007-05-17,0.13151357798960456
2007-05-18,0.11184319572754227
2007-05-21,0.08367070422806452
2007-05-22,0.062183113867612924
2007-05-23,0.06699079129588631
2007-05-24,0.06366944176437689
2007-05-25,0.051498669374257934
2007-05-29,0.05488613516428908
2007-05-30,0.07350364371937285
2007-05-31,0.1007848672711136
2007-06-01,0.09431845887673951
2007-06-04,0.11683038012551995
2007-06-05,0.1534122506210971
2007-06-06,0.1735376167829346
2007-06-07,0.1426577478185194
2007-06-08,0.15690093836961191
2007-06-11,0.15024463701542323
2007-06-12,0.18893632880473496
2007-06-13,0.16910107820236436
2007-06-14,0.16000739123760002
2007-06-15,0.14744626275095518
2007-06-18,0.1488044966260757
2007-06-19,0.18940728897245054
2007-06-20,0.1764346590179801
2007-06-21,0.16283033690508256
2007-06-22,0.17663508703326244
2007-06-25,0.21716949910978436
2007-06-26,0.2263531302772084
2007-06-27,0.21972035012488383
2007-06-28,0.2501008840013944
2007-06-29,0.23165466448817482
2007-07-02,0.2502882726757805
2007-07-03,0.3053762636438681
2007-07-05,0.3161508351714612
2007-07-06,0.38068120714280945
2007-07-09,0.42661096463853054
2007-07-10,0.542438472397033
2007-07-11,0.5026427669439811
2007-07-12,0.5316042929866951
2007-07-13,0.5878115073253593
2007-07-16,0.49650632999796906
2007-07-17,0.3835343644730989
2007-07-18,0.3101937029500991
2007-07-19,0.28033295183261475
2007-07-20,0.2364714510408687
2007-07-23,0.3060364605926453
2007-07-24,0.2724789952040527
2007-07-25,0.3084228844100379
2007-07-26,0.4014773878025376
2007-07-27,0.47044262278448074
2007-07-30,0.43574261597775615
2007-07-31,0.424300246833622
2007-08-01,0.47126651990316293
2007-08-02,0.41800482945074047
2007-08-03,0.3628635963075086
2007-08-06,0.36692086834728016
2007-08-07,0.35048534775273776
2007-08-08,0.328563429544648
2007-08-09,0.35439284642849556
2007-08-10,0.3238929539168871
2007-08-13,0.2542511614174296
2007-08-14,0.2418129274520209
2007-08-15,0.21571416100694435
2007-08-16,0.18535766670800083
2007-08-17,0.19925714881278755
2007-08-20,0.20667262769385308
2007-08-21,0.2551957531157183
2007-08-22,0.2695073174193294
2007-08-23,0.34220524252335544
2007-08-24,0.3552332542494161
2007-08-27,0.45501769525218183
2007-08-28,0.5477436556469419
2007-08-29,0.541603100854851
2007-08-30,0.6170197717624202
2007-08-31,0.6192162039585264
2007-09-04,0.5912964086192427
2007-09-05,0.6528198092825377
2007-09-06,0.5913401914472801
2007-09-07,0.5438392687067681
2007-09-10,0.4310171863138735
2007-09-11,0.49027659799915213
2007-09-12,0.436901024744814
2007-09-13,0.3990263922155433
2007-09-14,0.4698188583504026
2007-09-17,0.5557970093676124
2007-09-18,0.5418401698279947
2007-09-19,0.45811998850750635
2007-09-20,0.45019251352218936
2007-09-21,0.3882549609857619
2007-09-24,0.3039768312946746
2007-09-25,0.23698708289636408
2007-09-26,0.18068386343901643
2007-09-27,0.19932313961603207
2007-09-28,0.2701332688748869
2007-10-01,0.228871088610449
2007-10-02,0.2539260541257294
2007-10-03,0.23932247508213514
2007-10-04,0.21247190064092403
2007-10-05,0.21243462429780427
2007-10-08,0.2195761112712785
2007-10-09,0.2512539438541304
2007-10-10,0.2587897713825343
2007-10-11,0.24859275881093357
2007-10-12,0.25844062698011044
2007-10-15,0.23803670208950486
2007-10-16,0.2535196372416933
2007-10-17,0.267730511665931
2007-10-18,0.20414176442541215
2007-10-19,0.17546787579760087
2007-10-22,0.1855094852113764
2007-10-23,0.1648279751630582
2007-10-24,0.15872661993928572
2007-10-25,0.16405611016786392
2007-10-26,0.15982756935720452
2007-10-29,0.1704063531633258
2007-10-30,0.19647751600673016
2007-10-31,0.15900751179266281
2007-11-01,0.15179302709131115
2007-11-02,0.1485829169165541
2007-11-05,0.12714047290019462
2007-11-06,0.10315176848435806
2007-11-07,0.1068768821934639
2007-11-08,0.11212970166983222
2007-11-09,0.11681931381653471
2007-11-12,0.13444763919084474
2007-11-13,0.12824685474253794
2007-11-14,0.15398108584707998
2007-11-15,0.1891116833090916
2007-11-16,0.20942999171903057
2007-11-19,0.22056469004414378
2007-11-20,0.32279620682493937
2007-11-21,0.34678047963540165
2007-11-23,0.3391403842089629
2007-11-26,0.366942252780741
2007-11-27,0.3876194205877344
2007-11-28,0.3049846663651256
2007-11-29,0.22595893027921377
2007-11-30,0.21839548200369502
2007-12-03,0.18493668462839277
2007-12-04,0.22425427176624016
2007-12-05,0.2123807208159813
2007-12-06,0.2589978793581819
2007-12-07,0.24488117886009067
2007-12-10,0.3435107952358267
2007-12-11,0.3311186940946742
2007-12-12,0.3891004892451283
2007-12-13,0.427508402111492
2007-12-14,0.3428634178472095
2007-12-17,0.3385625582040387
2007-12-18,0.39370180045995395
2007-12-19,0.357777909378024
2007-12-20,0.38469107690140847
2007-12-21,0.39324841854510567
2007-12-24,0.4482662898628049
2007-12-26,0.3641172871623059
2007-12-27,0.4151090556802129
2007-12-28,0.3484369146961891
2007-12-31,0.24868033705248524
2008-01-02,0.19537853860991108
2008-01-03,0.1425600015513548
2008-01-04,0.1185573803755081
2008-01-07,0.10662379177625515
2008-01-08,0.07303378200940915
2008-01-09,0.05297220316447046
2008-01-10,0.05015696458844206
2008-01-11,0.04204328042593046
2008-01-14,0.060260683880272246
2008-01-15,0.06625980942880803
2008-01-16,0.07224383053639825
2008-01-17,0.09659299091248699
2008-01-18,0.13769544634088626
2008-01-22,0.14070689224719396
2008-01-23,0.14645408082726583
2008-01-24,0.15498265744700074
2008-01-25,0.14597404163154948
2008-01-28,0.10746033150623484
2008-01-29,0.09778916164418838
2008-01-30,0.10819116960487694
2008-01-31,0.1080094259875851
2008-02-01,0.1256818064593006
2008-02-04,0.17334832781377882
2008-02-05,0.20284995391262936
2008-02-06,0.29012908066136206
2008-02-07,0.3068512366145165
2008-02-08,0.38020330792661255
2008-02-11,0.3281676993829154
2008-02-12,0.2672622149528925
2008-02-13,0.2668924694697763
2008-02-14,0.23608405945329217
2008-02-15,0.2886957729264826
2008-02-19,0.30389147487977686
2008-02-20,0.4290543028761139
2008-02-21,0.49631751764558496
2008-02-22,0.5757609707580641
2008-02-25,0.501778995186397
2008-02-26,0.4296394045799719
2008-02-27,0.40363715976379133
2008-02-28,0.18150412988107278
2008-02-29,0.11713453931801689
2008-03-03,0.0829177615465992
2008-03-04,0.04194782759982235
2008-03-05,0.020385238626936746
2008-03-06,0.024060824859739434
2008-03-07,0.03485379283419392
2008-03-10,0.04375936819078221
2008-03-11,0.04928398774804428
2008-03-12,0.0687778407357943
2008-03-13,0.05257945418905289
2008-03-14,0.046648477509716325
2008-03-17,0.033170792413655156
2008-03-18,0.0340344403237854
2008-03-19,0.03520696267029947
2008-03-20,0.042962709868990784
2008-03-24,0.055062028668687826
2008-03-25,0.08102262427184952
2008-03-26,0.08615919568616437
2008-03-27,0.08027066599073093
2008-03-28,0.07217069744136805
2008-03-31,0.05933935947415657
2008-04-01,0.05961352044006991
2008-04-02,0.07689744192912948
2008-04-03,0.07633740022714222
2008-04-04,0.09009103118404825
2008-04-07,0.09436746933503082
2008-04-08,0.1460997015132183
2008-04-09,0.1779152959144204
2008-04-10,0.23900232734480778
2008-04-11,0.1579986315431604
2008-04-14,0.18440338060184616
2008-04-15,0.16135132049286235
2008-04-16,0.20221122348580897
2008-04-17,0.19836209394740686
2008-04-18,0.1286622197559489
2008-04-21,0.1640908606449426
2008-04-22,0.14144730634919964
2008-04-23,0.09885905338531693
2008-04-24,0.0751496968399519
2008-04-25,0.08739525176125372
2008-04-28,0.08287142059253803
2008-04-29,0.08140145719135954
2008-04-30,0.0673946300623257
2008-05-01,0.04518413371459752
2008-05-02,0.044775388259287466
2008-05-05,0.041050552538029285
2008-05-06,0.035055334626512925
2008-05-07,0.03363150519739198
2008-05-08,0.038384328514670024
2008-05-09,0.049854434794444284
2008-05-12,0.03925973398037861
2008-05-13,0.06098140971677508
2008-05-14,0.06816193343017522
2008-05-15,0.0727783791843407
2008-05-16,0.06699781278464427
2008-05-19,0.0708490535529877
2008-05-20,0.058992822411602044
2008-05-21,0.05571034630052046
2008-05-22,0.05630907699105405
2008-05-23,0.05128875379731649
2008-05-27,0.040550930306158625
2008-05-28,0.04054795164986893
2008-05-29,0.04283528363970916
2008-05-30,0.049196226374698476
2008-06-02,0.04970023247782026
2008-06-03,0.04402403000065717
2008-06-04,0.04511675378272961
2008-06-05,0.046012533073235114
2008-06-06,0.03498936302676285
2008-06-09,0.03111626772750186
2008-06-10,0.03349988104835672
2008-06-11,0.03573594283567417
2008-06-12,0.027128459079087515
2008-06-13,0.03650951106907732
2008-06-16,0.04148992093198678
2008-06-17,0.041383735606307676
2008-06-18,0.04008042286200715
2008-06-19,0.04398554902809639
2008-06-20,0.041955483289290364
2008-06-23,0.05909774365012076
2008-06-24,0.051761499505648144
2008-06-25,0.061632432177252894
2008-06-26,0.05649194646060453
2008-06-27,0.06287099640141185
2008-06-30,0.056269135477569183
2008-07-01,0.055982499391027556
2008-07-02,0.07168812138684937
2008-07-03,0.08583739638703053
2008-07-07,0.0918686687830805
2008-07-08,0.07958805594591323
2008-07-09,0.12914777882183157
2008-07-10,0.11075187618962559
2008-07-11,0.12091451241748544
2008-07-14,0.1838038972342848
2008-07-15,0.20850736593013633
2008-07-16,0.16990294645326956
2008-07-17,0.17020204802483194
2008-07-18,0.17440096322325868
2008-07-21,0.17431887008656524
2008-07-22,0.1213645706277882
2008-07-23,0.15060377505786396
2008-07-24,0.11168038695852575
2008-07-25,0.1116318224031831
2008-07-28,0.06296408924523768
2008-07-29,0.06529745619607562
2008-07-30,0.06147677045231085
2008-07-31,0.04400298008171431
2008-08-01,0.039204006288332385
2008-08-04,0.05535211089786207
2008-08-05,0.03716288145979107
2008-08-06,0.049368694084688365
2008-08-07,0.04460104369826992
2008-08-08,0.07461623771456467
2008-08-11,0.04354975603389219
2008-08-12,0.05612421020297384
2008-08-13,0.0622109864546169
2008-08-14,0.057453419070509576
2008-08-15,0.0277153319667515
2008-08-18,0.022500609512240824
2008-08-19,0.027654272885202055
2008-08-20,0.023836324485295966
2008-08-21,0.018607176156661836
2008-08-22,0.02161397025237762
2008-08-25,0.033932581718238264
2008-08-26,0.037959383997194895
2008-08-27,0.04689023038727664
2008-08-28,0.028838379596702133
2008-08-29,0.030900080144337365
2008-09-02,0.03159102059698239
2008-09-03,0.03789166226874662
2008-09-04,0.04413262832363138
2008-09-05,0.030851293628181183
2008-09-08,0.03268837806532313
2008-09-09,0.03590990013256132
2008-09-10,0.022902532041915568
2008-09-11,0.01988916216311663
2008-09-12,0.023769988596624363
2008-09-15,0.028311338267601193
2008-09-16,0.024225646829059283
2008-09-17,0.02152657235353962
2008-09-18,0.039855888656310616
2008-09-19,0.050348947528126554
2008-09-22,0.04016434019904032
2008-09-23,0.04075543909100782
2008-09-24,0.03506909031820947
2008-09-25,0.04111512880927776
2008-09-26,0.0384254099040122
2008-09-29,0.03269119717997666
2008-09-30,0.02111249229750783
2008-10-01,0.026639758273253808
2008-10-02,0.0243010639217946
2008-10-03,0.02080918558963132
2008-10-06,0.02797207110263874
2008-10-07,0.03266489015506532
2008-10-08,0.022691872766665774
2008-10-09,0.036323315513954214
2008-10-10,0.03160320188587512
2008-10-13,0.019902667357770857
2008-10-14,0.01457488134039735
2008-10-15,0.021185504139255924
2008-10-16,0.01022935957196743
2008-10-17,0.016073419674924636
2008-10-20,0.00842610387408914
2008-10-21,0.002995961966683208
2008-10-22,0.003591183967690906
2008-10-23,0.004165749752438005
2008-10-24,0.0029061252213548614
2008-10-27,0.0018484003526121303
2008-10-28,0.0024393628605299134
2008-10-29,0.008764695324402045
2008-10-30,0.004036911455459555
2008-10-31,0.004854215345880603
2008-11-03,0.006560743809751116
2008-11-04,0.009371094380795354
2008-11-05,0.012218194151635955
2008-11-06,0.037592938498199155
2008-11-07,0.03830506089796362
2008-11-10,0.13422880345456337
2008-11-11,0.16711731973793864
2008-11-12,0.039715444842469715
2008-11-13,0.042765408299149925
2008-11-14,0.11441840676568717
2008-11-17,0.03959002208492123
2008-11-18,0.0271267736208784
2008-11-19,0.009292243111809165
2008-11-20,0.010576538333073334
2008-11-21,0.010346726952422699
2008-11-24,0.007847186984320477
2008-11-25,0.0059647876345198525
2008-11-26,0.01107343235855173
2008-11-28,0.004352106444879156
2008-12-01,0.0034489608843341654
2008-12-02,0.0018006720717188074
2008-12-03,0.0008376834361226096
2008-12-04,0.00037788388391832474
2008-12-05,0.00018380991111832667
2008-12-08,0.0003678628504621494
2008-12-09,0.0007600368480712438
2008-12-10,0.0008380539651084395
2008-12-11,0.0010038870731304413
2008-12-12,0.0018673539184930951
2008-12-15,0.004261858396963785
2008-12-16,0.0014670014741191516
2008-12-17,0.001972054062520557
2008-12-18,0.0034010628700932564
2008-12-19,0.0025292648114410084
2008-12-22,0.0049778294943021335
2008-12-23,0.02597954720137998
2008-12-24,0.020051943252892397
2008-12-26,0.010522560597010594
2008-12-29,0.009943597787760015
2008-12-30,0.00431736019449495
2008-12-31,0.0013787947367509303
2009-01-02,0.002395548829946388
2009-01-05,0.0011385125082152975
2009-01-06,0.0004481205300749825
2009-01-07,0.0006026428810656384
2009-01-08,0.00030696664074784957
2009-01-09,0.0001416892875630548
2009-01-12,0.00016212359808646262
2009-01-13,0.00010839305286879176
2009-01-14,0.00015900683485187123
2009-01-15,0.00012989434055147144
2009-01-16,0.0001621382390300445
2009-01-20,5.3602752666493116e-05
2009-01-21,5.700908186644776e-05
2009-01-22,5.1638928661809564e-05
2009-01-23,7.573423266904373e-05
2009-01-26,0.00015756036158691352
2009-01-27,0.0002704124683102235
2009-01-28,0.0005316840413728072
2009-01-29,0.0008535122814678264
2009-01-30,0.0011087267040458266
2009-02-02,0.0010979802859997097
2009-02-03,0.001418345413673196
2009-02-04,0.000880135386108202
2009-02-05,0.0005427152513511795
2009-02-06,0.0004074215425498036
2009-02-09,0.0005968026382580854
2009-02-10,0.0004701466200919056
2009-02-11,0.000780613705845748
2009-02-12,0.0015955087196180165
2009-02-13,0.0032130867643058087
2009-02-17,0.005935077504693155
2009-02-18,0.008735027077355392
2009-02-19,0.008641375287346488
2009-02-20,0.021279215790440485
2009-02-23,0.01093518652921343
2009-02-24,0.013928291451580133
2009-02-25,0.016222074234863562
2009-02-26,0.01796719424217334
2009-02-27,0.011923593291885786
2009-03-02,0.006361830415290242
2009-03-03,0.005446048223013813
2009-03-04,0.00596460108763819
2009-03-05,0.00461522648262047
2009-03-06,0.0030464113384755143
2009-03-09,0.0020619078785131854
2009-03-10,0.0011108810519016186
2009-03-11,0.0003907040206633355
2009-03-12,0.00039029683979023295
2009-03-13,0.0005355356327657908
2009-03-16,0.0004906744393243168
2009-03-17,0.0003818475152727993
2009-03-18,0.0005343981612405429
2009-03-19,0.002345105719417264
2009-03-20,0.001994895302068854
2009-03-23,0.00440663019724829
2009-03-24,0.008989235428245665
2009-03-25,0.02482898711357861
2009-03-26,0.0141411645295274
2009-03-27,0.015797776031379135
2009-03-30,0.016419299004762643
2009-03-31,0.0200859192701422
2009-04-01,0.04958613504090633
2009-04-02,0.0652520787956839
2009-04-03,0.05896246290812274
2009-04-06,0.12254908054043193
2009-04-07,0.13285710945453447
2009-04-08,0.09774428561681611
2009-04-09,0.022958409725388672
2009-04-13,0.014251889741725495
2009-04-14,0.0030062403272649633
2009-04-15,0.0010873286309783599
2009-04-16,0.0004763778876321722
2009-04-17,0.0002287300817129024
2009-04-20,0.00011061433055406068
2009-04-21,0.00013347751004425787
2009-04-22,0.00016931380391338447
2009-04-23,5.8191670053237564e-05
2009-04-24,8.165267772340646e-05
2009-04-27,8.175669186308804e-05
2009-04-28,5.826637121410893e-05
2009-04-29,6.292903394251788e-05
2009-04-30,0.00013148860945189599
2009-05-01,0.00015368593295994812
2009-05-04,0.00022877769776672674
2009-05-05,0.00023846729461632674
2009-05-06,0.00026904644551677717
2009-05-07,0.0003814735282200116
2009-05-08,0.0005379293888950078
2009-05-11,0.0005355690926472979
2009-05-12,0.00035213995323487267
2009-05-13,0.0004218803704795852
2009-05-14,0.0005513834213493018
2009-05-15,0.0004893261010936275
2009-05-18,0.0004603216772430712
2009-05-19,0.0005077950124902745
2009-05-20,0.0012139906389337833
2009-05-21,0.0010263756835078488
2009-05-22,0.0009653509792926737
2009-05-26,0.0009738146549003521
2009-05-27,0.0006969035470833601
2009-05-28,0.000676866513567516
2009-05-29,0.0007173368316996797
2009-06-01,0.0006209636195254295
2009-06-02,0.0006688008186089123
2009-06-03,0.0006475204805843201
2009-06-04,0.00037494670279920905
2009-06-05,0.0003448482273933464
2009-06-08,0.0003507036943353302
2009-06-09,0.0002686987889339808
2009-06-10,0.0001960186115993416
2009-06-11,0.0002760027392749342
2009-06-12,0.0002445140449760865
2009-06-15,0.0004333290010331119
2009-06-16,0.0006034269383616433
2009-06-17,0.0010335363364215374
2009-06-18,0.0008134143568839619
2009-06-19,0.0010484807701208565
2009-06-22,0.0013489549011457972
2009-06-23,0.0014418444687427524
2009-06-24,0.0015057681561816182
2009-06-25,0.0011292660519668827
2009-06-26,0.0018776349336345724
2009-06-29,0.0011473793153262471
2009-06-30,0.0009278431708932925
2009-07-01,0.0006518600791303609
2009-07-02,0.0006949078701079565
2009-07-06,0.0005374767084062964
2009-07-07,0.00047593449188788254
2009-07-08,0.0004754589734201342
2009-07-09,0.0007136396692438305
2009-07-10,0.0005474959932585026
2009-07-13,0.0007322794613956157
2009-07-14,0.0006656719425432986
2009-07-15,0.0007055514184723823
2009-07-16,0.0009412105865817193
2009-07-17,0.0022141026803511837
2009-07-20,0.0035447432208411105
2009-07-21,0.00466620473283159
2009-07-22,0.006905158571636841
2009-07-23,0.019772752695560517
2009-07-24,0.02804651844660199
2009-07-27,0.022162547674047108
2009-07-28,0.021494618029922342
2009-07-29,0.018240333460788443
2009-07-30,0.017685458264508853
2009-07-31,0.019955122902475392
2009-08-03,0.01509115765661443
2009-08-04,0.021935709340654204
2009-08-05,0.02167374512988874
2009-08-06,0.04626751086551479
2009-08-07,0.05514649583638809
2009-08-10,0.04706107261435184
2009-08-11,0.06733691539711181
2009-08-12,0.05622947456920983
2009-08-13,0.03385644367775898
2009-08-14,0.015942875551004595
2009-08-17,0.012479151038459129
2009-08-18,0.009450939424185987
2009-08-19,0.0048991609524479075
2009-08-20,0.003109152554018102
2009-08-21,0.0032152196421406662
2009-08-24,0.00232109432673758
2009-08-25,0.0022825235002809545
2009-08-26,0.0015934555368328754
2009-08-27,0.0016569733061970262
2009-08-28,0.0019267611402972585
2009-08-31,0.0023483804122093953
2009-09-01,0.002049638547752477
2009-09-02,0.0018619174157335787
2009-09-03,0.0018838803312943467
2009-09-04,0.0013768406019679814
2009-09-08,0.00161371975245445
2009-09-09,0.001931065578239099
2009-09-10,0.0015665913703818669
2009-09-11,0.0024233294918791426
2009-09-14,0.0034528948924199875
2009-09-15,0.003975353042898045
2009-09-16,0.0025794811555746853
2009-09-17,0.006039264763083869
2009-09-18,0.003073212081439388
2009-09-21,0.005158681859687555
2009-09-22,0.008986951612606197
2009-09-23,0.005554502072040594
2009-09-24,0.00436783042978996
2009-09-25,0.00493944998605953
2009-09-28,0.006608949546043799
2009-09-29,0.0062299843331051095
2009-09-30,0.0020281825141161376
2009-10-01,0.005086605098877684
2009-10-02,0.007863625316782665
2009-10-05,0.005015608762138853
2009-10-06,0.0034247199448145796
2009-10-07,0.0022406366555595032
2009-10-08,0.0007409541682352554
2009-10-09,0.00036099493953330316
2009-10-12,7.26586204923948e-05
2009-10-13,4.145556498960608e-05
2009-10-14,0.00016290632342694607
2009-10-15,0.00020929413572713437
2009-10-16,6.934411593044105e-05
2009-10-19,0.00023296089526937078
2009-10-20,0.00045507104059901274
2009-10-21,0.0013134586397746534
2009-10-22,0.0010973693282464287
2009-10-23,0.00110339717417909
2009-10-26,0.0022973271652376366
2009-10-27,0.0025804520415839746
2009-10-28,0.001525601493487526
2009-10-29,0.0077904040213330515
2009-10-30,0.014708256177157826
2009-11-02,0.05917742252190106
2009-11-03,0.16979685011380047
2009-11-04,0.33231539627505335
2009-11-05,0.5411558863610271
2009-11-06,0.4406002557574964
2009-11-09,0.24234590038890258
2009-11-10,0.21604886703443246
2009-11-11,0.1290836372552821
2009-11-12,0.07310634905728029
2009-11-13,0.024107847353646197
2009-11-16,0.04678582245328368
2009-11-17,0.02630258889489313
2009-11-18,0.013977017054897173
2009-11-19,0.01755528516341903
2009-11-20,0.010631270130580487
2009-11-23,0.002425774509835559
2009-11-24,0.005442275319799174
2009-11-25,0.017138204147261984
2009-11-27,0.021275826031877783
2009-11-30,0.08290536237119532
2009-12-01,0.19339829573273518
2009-12-02,0.18105816904170968
2009-12-03,0.3407849461524417
2009-12-04,0.5143873608915293
2009-12-07,0.44983957157644505
2009-12-08,0.5266350583080439
2009-12-09,0.7137689871433877
2009-12-10,0.625854566150012
2009-12-11,0.6648336267647775
2009-12-14,0.5812193429043723
2009-12-15,0.5972387610731319
2009-12-16,0.4841460365827329
2009-12-17,0.5942415251614296
2009-12-18,0.5253805912782133
2009-12-21,0.4598663674129746
2009-12-22,0.4673172631283757
2009-12-23,0.35387706976950645
2009-12-24,0.22080675295971858
2009-12-28,0.2101406649902353
2009-12-29,0.20991777192515698
2009-12-30,0.2534217375477362
2009-12-31,0.34350235645256916
2010-01-04,0.38767415609549516
2010-01-05,0.5497242667817026
2010-01-06,0.6431355844609163
2010-01-07,0.6933007302898018
2010-01-08,0.6304286596429398
2010-01-11,0.7027144359164454
2010-01-12,0.5987110540368619
2010-01-13,0.4530826817821873
2010-01-14,0.36593452398750825
2010-01-15,0.21037127407204043
2010-01-19,0.1652754483737784
2010-01-20,0.15374666797148048
2010-01-21,0.08527861182020853
2010-01-22,0.11636792740075148
2010-01-25,0.0923995003576452
2010-01-26,0.09376816510778894
2010-01-27,0.09053982321764939
2010-01-28,0.11232201331184587
2010-01-29,0.1692946039283387
2010-02-01,0.14076983956420847
2010-02-02,0.12340315610119337
2010-02-03,0.15385288357900062
2010-02-04,0.17963577709901662
2010-02-05,0.16058543331990263
2010-02-08,0.21897260210860056
2010-02-09,0.34066848996042554
2010-02-10,0.4088903139601793
2010-02-11,0.2889096444739135
2010-02-12,0.37081202714995665
2010-02-16,0.3670534786097102
2010-02-17,0.2919354354068608
2010-02-18,0.17080721654660463
2010-02-19,0.14648138640210584
2010-02-22,0.12197868278134222
2010-02-23,0.12560916294378682
2010-02-24,0.10287535072269129
2010-02-25,0.17727772570815328
2010-02-26,0.20668790483221292
2010-03-01,0.20193498256782105
2010-03-02,0.21180441292676275
2010-03-03,0.15648420535303242
2010-03-04,0.10609445617631126
2010-03-05,0.10850371968006678
2010-03-08,0.0637253462069168
2010-03-09,0.09725523694290537
2010-03-10,0.10556896021159352
2010-03-11,0.3349032374749704
2010-03-12,0.42748975355238167
2010-03-15,0.719770138461768
2010-03-16,0.8127051323365633
2010-03-17,0.8861493754773659
2010-03-18,0.9223610409070148
2010-03-19,0.9500351120974427
2010-03-22,0.9361974852575824
2010-03-23,0.9116759005567479
2010-03-24,0.9648415207386383
2010-03-25,0.9618885411795989
2010-03-26,0.9622252576692049
2010-03-29,0.9762211894848002
2010-03-30,0.9742957172617638
2010-03-31,0.9404034909654921
2010-04-01,0.9269705647859091
2010-04-05,0.9159231673268373
2010-04-06,0.9092534106317679
2010-04-07,0.8698515089470585
2010-04-08,0.847390562064672
2010-04-09,0.7640364806520191
2010-04-12,0.7527991905252345
2010-04-13,0.7887439750890224
2010-04-14,0.7796112665021431
2010-04-15,0.7117535460597599
2010-04-16,0.7295650703173047
2010-04-19,0.7581593894572034
2010-04-20,0.7546644515187396
2010-04-21,0.6011562328008467
2010-04-22,0.6128267759561769
2010-04-23,0.5546046742997395
2010-04-26,0.5853311026452973
2010-04-27,0.6292909535335374
2010-04-28,0.6338461817481872
2010-04-29,0.6089049324844481
2010-04-30,0.6748408586345351
2010-05-03,0.6747418287703782
2010-05-04,0.6474511662868973
2010-05-05,0.733273471622684
2010-05-06,0.7432960513916875
2010-05-07,0.7980816288015902
2010-05-10,0.7513436171502053
2010-05-11,0.7813336729805781
2010-05-12,0.7010943531523283
2010-05-13,0.6706323793314737
2010-05-14,0.4723179126878604
2010-05-17,0.4396222781517456
2010-05-18,0.3944784140918827
2010-05-19,0.4581032779218859
2010-05-20,0.39554894904639376
2010-05-21,0.39526887035546737
2010-05-24,0.32292928648452623
2010-05-25,0.27874834561279477
2010-05-26,0.3331723569821888
2010-05-27,0.3315993177031337
2010-05-28,0.34737834179608224
2010-06-01,0.3763331620403386
2010-06-02,0.5726161422760794
2010-06-03,0.5623605920548422
2010-06-04,0.6289200850868008
2010-06-07,0.7103884756926131
2010-06-08,0.825935017322971
2010-06-09,0.8612773232133265
2010-06-10,0.8122123083921885
2010-06-11,0.8094661782600763
2010-06-14,0.7760183085682926
2010-06-15,0.7479983047592005
2010-06-16,0.6540352151007665
2010-06-17,0.5521713981149223
2010-06-18,0.5549132582842591
2010-06-21,0.5732858407776569
2010-06-22,0.6901493719400189
2010-06-23,0.5234876997323276
2010-06-24,0.5556050407208177
2010-06-25,0.5627806481460353
2010-06-28,0.6339508984984308
2010-06-29,0.4519013321175181
2010-06-30,0.5030563024678556
2010-07-01,0.5266293723233294
2010-07-02,0.4367362562884701
2010-07-06,0.27350341889097896
2010-07-07,0.37287013269041847
2010-07-08,0.34098011110170723
2010-07-09,0.2849673316165984
2010-07-12,0.2919194207870449
2010-07-13,0.21857104383254358
2010-07-14,0.23127393430389961
2010-07-15,0.2350091554642123
2010-07-16,0.25208219559707384
2010-07-19,0.26324109939126367
2010-07-20,0.2823637707081709
2010-07-21,0.32368412774789557
2010-07-22,0.3787891045453049
2010-07-23,0.4347021454994324
2010-07-26,0.5445746346279017
2010-07-27,0.6537137772695978
2010-07-28,0.7032849719196658
2010-07-29,0.7245046916817984
2010-07-30,0.8154248298572679
2010-08-02,0.8700153265137376
2010-08-03,0.8755571000010716
2010-08-04,0.89840165008331
2010-08-05,0.9020165386203878
2010-08-06,0.8349660516013594
2010-08-09,0.7439953768055382
2010-08-10,0.688082436686017
2010-08-11,0.551883119726674
2010-08-12,0.3303841400406903
2010-08-13,0.28086478366468254
2010-08-16,0.24169017600540904
2010-08-17,0.25042486092812855
2010-08-18,0.15007523888930452
2010-08-19,0.13702698271006147
2010-08-20,0.1563902696150054
2010-08-23,0.12776546528885668
2010-08-24,0.12649108137904155
2010-08-25,0.11478630842419925
2010-08-26,0.12312659863157274
2010-08-27,0.12866470723449797
2010-08-30,0.14703638282206824
2010-08-31,0.1506828119782724
2010-09-01,0.11526002434810842
2010-09-02,0.094950159354184
2010-09-03,0.0798997529252573
2010-09-07,0.07767410582934584
2010-09-08,0.08380653658034755
2010-09-09,0.09004800167137059
2010-09-10,0.12336379575544551
2010-09-13,0.2344066418646143
2010-09-14,0.3039749121664745
2010-09-15,0.39225048273936713
2010-09-16,0.4749881772610763
2010-09-17,0.5287096636821966
2010-09-20,0.5014993939803534
2010-09-21,0.5687941162716993
2010-09-22,0.5591951590661025
2010-09-23,0.589336294821531
2010-09-24,0.5952091682922382
2010-09-27,0.5464067505093287
2010-09-28,0.5190004365594593
2010-09-29,0.4952003016592123
2010-09-30,0.5029587857617243
2010-10-01,0.4363745692940892
2010-10-04,0.22353587047246187
2010-10-05,0.14116591234159134
2010-10-06,0.10181311972770393
2010-10-07,0.09776369241490325
2010-10-08,0.06954476789061845
2010-10-11,0.06915017851882724
2010-10-12,0.07785221799756442
2010-10-13,0.0797582482091766
2010-10-14,0.07730366794264223
2010-10-15,0.09462491126317227
2010-10-18,0.1047385963303245
2010-10-19,0.0967807187386535
2010-10-20,0.09684450736469659
2010-10-21,0.099154408864473
2010-10-22,0.09599738676222487
2010-10-25,0.12422333616848345
2010-10-26,0.08657944199428598
2010-10-27,0.08227742350031733
2010-10-28,0.07629034182247159
2010-10-29,0.06380374717035342
2010-11-01,0.0831123416637804
2010-11-02,0.05331470891741389
2010-11-03,0.060795853792038425
2010-11-04,0.04832159940453944
2010-11-05,0.054285690014534906
2010-11-08,0.07052901103899599
2010-11-09,0.08096381883282974
2010-11-10,0.12047073555971895
2010-11-11,0.14088439771027403
2010-11-12,0.1663571082652972
2010-11-15,0.17178807647156405
2010-11-16,0.2022858963469258
2010-11-17,0.22418453603030195
2010-11-18,0.2833669469669552
2010-11-19,0.272077140731903
2010-11-22,0.2483683518338835
2010-11-23,0.24925876209279502
2010-11-24,0.2743533631045095
2010-11-26,0.2490556098670775
2010-11-29,0.2531886640615965
2010-11-30,0.20109788003132556
2010-12-01,0.21217150583786354
2010-12-02,0.22048805309445893
2010-12-03,0.19485498176917873
2010-12-06,0.14869980249022208
2010-12-07,0.11711969987889458
2010-12-08,0.09953671865764398
2010-12-09,0.07743995973619952
2010-12-10,0.08362160015328095
2010-12-13,0.08513464952617292
2010-12-14,0.10006224392185202
2010-12-15,0.1409334136277836
2010-12-16,0.15934699046997433
2010-12-17,0.22435292907472304
2010-12-20,0.2353090062457575
2010-12-21,0.23706555604125112
2010-12-22,0.25677726927633854
2010-12-23,0.2764268755929043
2010-12-27,0.32488956287700227
2010-12-28,0.3143575400266623
2010-12-29,0.37180724139691135
2010-12-30,0.3889574479062789
2010-12-31,0.42653911608738937
2011-01-03,0.32312138050128303
2011-01-04,0.3259659406141639
2011-01-05,0.3054831577346738
2011-01-06,0.28579939586912784
2011-01-07,0.2618243217263014
2011-01-10,0.2501595302720345
2011-01-11,0.2361467125880317
2011-01-12,0.1896373755386258
2011-01-13,0.1944382637693522
2011-01-14,0.1911405932975412
2011-01-18,0.1720898822428862
2011-01-19,0.18417944232893352
2011-01-20,0.16666227703196826
2011-01-21,0.12169303002465265
2011-01-24,0.07591379024223845
2011-01-25,0.06752211890612594
2011-01-26,0.05741984680224013
2011-01-27,0.055866640110358676
2011-01-28,0.048837165650217784
2011-01-31,0.04720716417053693
2011-02-01,0.06508314144791291
2011-02-02,0.08438425335635354
2011-02-03,0.07466735318769109
2011-02-04,0.05506459946404717
2011-02-07,0.05996225591487887
2011-02-08,0.056866261533481295
2011-02-09,0.06816419414482495
2011-02-10,0.07329434112298741
2011-02-11,0.09637512574961725
2011-02-14,0.10374191975727956
2011-02-15,0.16786499571278904
2011-02-16,0.1955501390560167
2011-02-17,0.24989196291550586
2011-02-18,0.3301681262311279
2011-02-22,0.3890849761112883
2011-02-23,0.35415633205185904
2011-02-24,0.37768500154279366
2011-02-25,0.37551676790292815
2011-02-28,0.3544819347187083
2011-03-01,0.36146990110453153
2011-03-02,0.4379469108585326
2011-03-03,0.43422435063994463
2011-03-04,0.413622087304244
2011-03-07,0.4873427092825816
2011-03-08,0.4762153208665351
2011-03-09,0.4398592442856982
2011-03-10,0.40667276205715325
2011-03-11,0.39854246807298455
2011-03-14,0.37945346248248907
2011-03-15,0.3591516317933552
2011-03-16,0.3437952231196758
2011-03-17,0.3427304370044436
2011-03-18,0.3416404982097759
2011-03-21,0.2963273323384258
2011-03-22,0.29240509505476053
2011-03-23,0.2984744370135167
2011-03-24,0.33429196197759603
2011-03-25,0.3453893185380023
2011-03-28,0.361652965516104
2011-03-29,0.3555907012708157
2011-03-30,0.3422790977227186
2011-03-31,0.37816716413811247
2011-04-01,0.39122540715380905
2011-04-04,0.34967774121427836
2011-04-05,0.3797039040677377
2011-04-06,0.40046076856105944
2011-04-07,0.3761544258459918
2011-04-08,0.38827308975887015
2011-04-11,0.4667900571882397
2011-04-12,0.44923418926838016
2011-04-13,0.5107377065252465
2011-04-14,0.5751041524272303
2011-04-15,0.6123355342747256
2011-04-18,0.5822302653095566
2011-04-19,0.5907333762903187
2011-04-20,0.5122573522907634
2011-04-21,0.4856356734992209
2011-04-25,0.45512010713470036
2011-04-26,0.3761362782592045
2011-04-27,0.25303310565833964
2011-04-28,0.24344833975979285
2011-04-29,0.2236123057123312
2011-05-02,0.1458214295876134
2011-05-03,0.15333041574176076
2011-05-04,0.10497071740148915
2011-05-05,0.08629502048889937
2011-05-06,0.04685462056126079
2011-05-09,0.031066883163207947
2011-05-10,0.04559440643221793
2011-05-11,0.04859556563936875
2011-05-12,0.06598859057278617
2011-05-13,0.08450283763523855
2011-05-16,0.09645891140680733
2011-05-17,0.11271234719617752
2011-05-18,0.10018682981916777
2011-05-19,0.11044183098649198
2011-05-20,0.06038716582590157
2011-05-23,0.062094816396829594
2011-05-24,0.0484324904283821
2011-05-25,0.05079635307160022
2011-05-26,0.0389156750144563
2011-05-27,0.06500597779995149
2011-05-31,0.06408619884981583
2011-06-01,0.059718744967614035
2011-06-02,0.10109379069575132
2011-06-03,0.1389881222749357
2011-06-06,0.10646054939617529
2011-06-07,0.10468248032191528
2011-06-08,0.1261407953544704
2011-06-09,0.12026100879729835
2011-06-10,0.16276006003241178
2011-06-13,0.2437518419784614
2011-06-14,0.2899302193813422
2011-06-15,0.45156530801654277
2011-06-16,0.5649518315311076
2011-06-17,0.6282828377818349
2011-06-20,0.6450232267923358
2011-06-21,0.6466183989003655
2011-06-22,0.5999708127796871
2011-06-23,0.5951702886436284
2011-06-24,0.502873099720062
2011-06-27,0.45671525218916487
2011-06-28,0.4115254555978169
2011-06-29,0.2700655018583011
2011-06-30,0.16804454811498012
2011-07-01,0.18124129515836077
2011-07-05,0.1557574648244562
2011-07-06,0.16391904554173473
2011-07-07,0.28224058675718583
2011-07-08,0.38348156313395276
2011-07-11,0.4726365139342064
2011-07-12,0.5189996178377838
2011-07-13,0.6778231477988216
2011-07-14,0.6907834907999856
2011-07-15,0.6739747385481811
2011-07-18,0.6414286877591016
2011-07-19,0.6644043925313917
2011-07-20,0.6637845644549707
2011-07-21,0.5741389072971613
2011-07-22,0.5762991730543254
2011-07-25,0.6216557961200964
2011-07-26,0.6603443941628834
2011-07-27,0.6896947394243257
2011-07-28,0.6513332423375433
2011-07-29,0.5675395956416134
2011-08-01,0.4700895147885413
2011-08-02,0.43569032800375584
2011-08-03,0.28808584354060507
2011-08-04,0.25386469306045956
2011-08-05,0.21992205600429848
2011-08-08,0.17300613065479198
2011-08-09,0.1645649938562898
2011-08-10,0.16805408013973108
2011-08-11,0.11171209280872582
2011-08-12,0.08639675068748114
2011-08-15,0.07874473707413807
2011-08-16,0.06346946310282592
2011-08-17,0.07156068029909846
2011-08-18,0.06101323240333801
2011-08-19,0.04934015846266244
2011-08-22,0.03803297102111613
2011-08-23,0.03540777371669173
2011-08-24,0.028043556951130345
2011-08-25,0.029903738538191078
2011-08-26,0.037594133077058785
2011-08-29,0.05626377982109569
2011-08-30,0.05935957205715604
2011-08-31,0.07955123203596072
2011-09-01,0.19251191773659412
2011-09-02,0.254498119919326
2011-09-06,0.5212324452107333
2011-09-07,0.588399630816852
2011-09-08,0.8750510279333099
2011-09-09,0.8545308031879778
2011-09-12,0.9420385498087885
2011-09-13,0.9151892419816563
2011-09-14,0.9129633200985633
2011-09-15,0.8431050444188684
2011-09-16,0.8315924203990012
2011-09-19,0.7485203304227993
2011-09-20,0.8380347634675757
2011-09-21,0.8395120992829883
2011-09-22,0.8167381993969874
2011-09-23,0.6688607241064719
2011-09-26,0.6351246743512199
2011-09-27,0.5342671694613449
2011-09-28,0.35923483265654005
2011-09-29,0.16916424475194802
2011-09-30,0.1091347167769719
2011-10-03,0.07692764020329142
2011-10-04,0.05467361429854991
2011-10-05,0.08384660545874892
2011-10-06,0.09431619325362464
2011-10-07,0.07774663625045855
2011-10-10,0.10470412325772065
2011-10-11,0.17891800882197723
2011-10-12,0.1707842874910018
2011-10-13,0.15771919046543392
2011-10-14,0.13127790413459206
2011-10-17,0.10022637795611979
2011-10-18,0.08073264797530465
2011-10-19,0.06667782326238315
2011-10-20,0.07221963181981123
2011-10-21,0.11398558552496582
2011-10-24,0.19772659299095632
2011-10-25,0.22887801537518324
2011-10-26,0.21867201384750795
2011-10-27,0.20845578677468937
2011-10-28,0.23938754111730937
2011-10-31,0.1712585599596372
2011-11-01,0.1851869001105245
2011-11-02,0.26425749938802257
2011-11-03,0.24702887431819937
2011-11-04,0.2576997111720334
2011-11-07,0.22341616321392044
2011-11-08,0.21994669487930588
2011-11-09,0.11003176880220969
2011-11-10,0.09074745086835634
2011-11-11,0.05798996140395359
2011-11-14,0.03893759134472881
2011-11-15,0.02073057400065123
2011-11-16,0.01750814831440606
2011-11-17,0.010548728387139774
2011-11-18,0.013330348032522688
2011-11-21,0.013220797850857308
2011-11-22,0.011727379747275014
2011-11-23,0.008580709316547006
2011-11-25,0.015336465770073452
2011-11-28,0.011818530745071429
2011-11-29,0.007117453118971521
2011-11-30,0.006418986163710126
2011-12-01,0.014659261580273251
2011-12-02,0.032184275130286946
2011-12-05,0.037600140638380346
2011-12-06,0.04557746844134745
2011-12-07,0.07621933757293925
2011-12-08,0.09422748873313926
2011-12-09,0.07992513503917938
2011-12-12,0.14431296021559284
2011-12-13,0.15414644554498963
2011-12-14,0.1363168507400772
2011-12-15,0.15055723453547135
2011-12-16,0.1687779544172747
2011-12-19,0.18346691079396285
2011-12-20,0.23165908231597218
2011-12-21,0.2734376937647346
2011-12-22,0.3645924586769234
2011-12-23,0.39426579969324815
2011-12-27,0.5014702529719685
2011-12-28,0.5189773822294438
2011-12-29,0.40397454285799883
2011-12-30,0.3277033030915705
2012-01-03,0.18091547907019698
2012-01-04,0.1624529639391569
2012-01-05,0.12041017676313368
2012-01-06,0.0901913722577293
2012-01-09,0.07060506431626876
2012-01-10,0.06278996524738077
2012-01-11,0.0728522150359112
2012-01-12,0.06209165428604653
2012-01-13,0.0868051896377174
2012-01-17,0.09961792189455605
2012-01-18,0.1401509295554427
2012-01-19,0.14252290884598645
2012-01-20,0.1350249065333661
2012-01-23,0.15689340200001842
2012-01-24,0.11585858367961385
2012-01-25,0.11374001123724005
2012-01-26,0.0972599011796065
2012-01-27,0.09466905080639565
2012-01-30,0.09490239067018134
2012-01-31,0.09058806809745935
2012-02-01,0.0864851241294608
2012-02-02,0.10816818001408861
2012-02-03,0.08980938510899407
2012-02-06,0.09121169656047574
2012-02-07,0.09117975815170937
2012-02-08,0.10270282738161561
2012-02-09,0.09818548298684061
2012-02-10,0.08770131263979151
2012-02-13,0.08666623904743208
2012-02-14,0.09335569966531904
2012-02-15,0.10471047922754045
2012-02-16,0.10134078195194944
2012-02-17,0.10352655051616771
2012-02-21,0.10624848297691869
2012-02-22,0.1136903473137207
2012-02-23,0.08245878198888229
2012-02-24,0.07297109747224607
2012-02-27,0.06043193774003732
2012-02-28,0.07016217246200782
2012-02-29,0.07469775734777066
2012-03-01,0.06666466585288404
2012-03-02,0.07242050752644158
2012-03-05,0.09317817448767513
2012-03-06,0.08676488447171206
2012-03-07,0.062408633320242754
2012-03-08,0.07033547022235763
2012-03-09,0.06830602551820435
2012-03-12,0.048981764837701454
2012-03-13,0.049635727040566714
2012-03-14,0.052917061136251664
2012-03-15,0.04156720490389519
2012-03-16,0.03177565177853293
2012-03-19,0.043187263112300804
2012-03-20,0.04166302711434584
2012-03-21,0.05199648197078206
2012-03-22,0.057917572520166896
2012-03-23,0.0770608541927417
2012-03-26,0.09233256584374618
2012-03-27,0.10696754200375724
2012-03-28,0.11232795307033945
2012-03-29,0.13363335866804432
2012-03-30,0.16746073269589073
2012-04-02,0.1659834062693365
2012-04-03,0.1996757177895727
2012-04-04,0.23255729212859716
2012-04-05,0.29330385947383736
2012-04-09,0.2981610898509447
2012-04-10,0.2853699079574112
2012-04-11,0.25750692869886255
2012-04-12,0.23817393312772683
2012-04-13,0.15469434421956058
2012-04-16,0.12760999160722156
2012-04-17,0.09729431234722924
2012-04-18,0.08787759578690953
2012-04-19,0.06255866676554542
2012-04-20,0.06839510360751569
2012-04-23,0.08297266679521675
2012-04-24,0.10437703733822662
2012-04-25,0.10804600266190972
2012-04-26,0.11813305321072327
2012-04-27,0.14590280327418884
2012-04-30,0.17095077383825436
2012-05-01,0.18684195605857357
2012-05-02,0.18463106018080627
2012-05-03,0.17468651962269646
2012-05-04,0.17202981806486245
2012-05-07,0.17489582891600183
2012-05-08,0.1804303360316638
2012-05-09,0.21817796492207828
2012-05-10,0.3081283575588312
2012-05-11,0.2881345190802842
2012-05-14,0.277012475699041
2012-05-15,0.2977121338075108
2012-05-16,0.2698018256800181
2012-05-17,0.19538480459582136
2012-05-18,0.1975933655579824
2012-05-21,0.20297898082192722
2012-05-22,0.1715542438667821
2012-05-23,0.1586506582251655
2012-05-24,0.15058206066181484
2012-05-25,0.1242945278040864
2012-05-29,0.1084959634040124
2012-05-30,0.10610819387028295
2012-05-31,0.12527164080220934
2012-06-01,0.08764899746491059
2012-06-04,0.08470577092682326
2012-06-05,0.07861278557428508
2012-06-06,0.08084231325010563
2012-06-07,0.07129535863475532
2012-06-08,0.07524065202587638
2012-06-11,0.10147630439972664
2012-06-12,0.09065695488648172
2012-06-13,0.09844750754670878
2012-06-14,0.14410952386165105
2012-06-15,0.13852121107225868
2012-06-18,0.148716412749624
2012-06-19,0.20814416863683394
2012-06-20,0.27816445087828723
2012-06-21,0.28968572628732964
2012-06-22,0.2941450680863634
2012-06-25,0.293796314083734
2012-06-26,0.23973659582022902
2012-06-27,0.23631078232267774
2012-06-28,0.2164815531203799
2012-06-29,0.2696289504946043
2012-07-02,0.30019559338782337
2012-07-03,0.46110280548682936
2012-07-05,0.4950060215227595
2012-07-06,0.5165391054830699
2012-07-09,0.47568423672188004
2012-07-10,0.43489979898161635
2012-07-11,0.283074749237709
2012-07-12,0.23527623758534974
2012-07-13,0.16542367198028723
2012-07-16,0.13490918523146259
2012-07-17,0.10311120894938232
2012-07-18,0.07369714960307903
2012-07-19,0.0781288404191298
2012-07-20,0.06503028702702979
2012-07-23,0.07469616578162988
2012-07-24,0.10203822090741126
2012-07-25,0.09745117991547105
2012-07-26,0.11534114438122431
2012-07-27,0.09075484876400042
2012-07-30,0.07381150904592368
2012-07-31,0.059669858605137675
2012-08-01,0.03719958668044937
2012-08-02,0.021594193126984896
2012-08-03,0.019540086380700046
2012-08-06,0.009773726471455706
2012-08-07,0.009377686656571415
2012-08-08,0.003334445737844091
2012-08-09,0.006544386738629546
2012-08-10,0.0035107690307935786
2012-08-13,0.008499838970665715
2012-08-14,0.009167094327758698
2012-08-15,0.022246431371585003
2012-08-16,0.023099568191287376
2012-08-17,0.03464597593468888
2012-08-20,0.02092024520667346
2012-08-21,0.022487913324479216
2012-08-22,0.027458549170734356
2012-08-23,0.05899693781273581
2012-08-24,0.09663653331166275
2012-08-27,0.10497163576866532
2012-08-28,0.1528180897731022
2012-08-29,0.29515027576448344
2012-08-30,0.3659004247915329
2012-08-31,0.42008376716097484
2012-09-04,0.4749226249748221
2012-09-05,0.36323535125617823
2012-09-06,0.3195191918164088
2012-09-07,0.3339267920168478
2012-09-10,0.2687979941237718
2012-09-11,0.1587306269995715
2012-09-12,0.16552667643413543
2012-09-13,0.19103923355914124
2012-09-14,0.22300123633833785
2012-09-17,0.27836616706255857
2012-09-18,0.32378074868290213
2012-09-19,0.30839812836270364
2012-09-20,0.305049589086673
2012-09-21,0.22242814978561076
2012-09-24,0.13667365919224872
2012-09-25,0.14359958880452012
2012-09-26,0.15876740325750646
2012-09-27,0.17059864478951567
2012-09-28,0.14940782529463048
2012-10-01,0.20246975846666754
2012-10-02,0.19652250115499678
2012-10-03,0.13847296335793394
2012-10-04,0.16287348446623445
2012-10-05,0.20392314894131683
2012-10-08,0.21199848420817718
2012-10-09,0.20409757469315712
2012-10-10,0.36365554106678377
2012-10-11,0.40500499643588567
2012-10-12,0.46530550257771025
2012-10-15,0.4418668173669956
2012-10-16,0.5478534475379406
2012-10-17,0.5015285220691063
2012-10-18,0.5812887176283019
2012-10-19,0.5358124169558498
2012-10-22,0.5518669836924701
2012-10-23,0.5895771091547799
2012-10-24,0.6517886003295854
2012-10-25,0.6209670821675697
2012-10-26,0.6929026159063104
2012-10-31,0.7780726629526086
2012-11-01,0.801820903762853
2012-11-02,0.7224372768222184
2012-11-05,0.5941382180018884
2012-11-06,0.576907752038973
2012-11-07,0.5442029046943454
2012-11-08,0.44066635155263495
2012-11-09,0.4219925601153385
2012-11-12,0.5153494546059969
2012-11-13,0.409891597138621
2012-11-14,0.417604371890859
2012-11-15,0.4848536888390334
2012-11-16,0.4171879247409475
2012-11-19,0.3499819066617358
2012-11-20,0.27578492849958747
2012-11-21,0.20567592321584266
2012-11-23,0.19654395491852866
2012-11-26,0.13797991716677876
2012-11-27,0.14098426323925956
2012-11-28,0.10952390342159743
2012-11-29,0.10627918570302902
2012-11-30,0.15556568533996726
2012-12-03,0.18805486249130207
2012-12-04,0.2886169249438088
2012-12-05,0.36150761710265916
2012-12-06,0.4232439504264061
2012-12-07,0.47350473862873554
2012-12-10,0.6054836891497445
2012-12-11,0.6803314650826704
2012-12-12,0.6377535611028525
2012-12-13,0.7003011742893265
2012-12-14,0.6819829036630813
2012-12-17,0.6907641768936915
2012-12-18,0.6254690965453289
2012-12-19,0.6030582252823291
2012-12-20,0.49499467608729875
2012-12-21,0.3959649415913039
2012-12-24,0.4322824587532432
2012-12-26,0.3547774601181538
2012-12-27,0.35460225694992337
2012-12-28,0.3819443972085023
2012-12-31,0.35335751983927494
2013-01-02,0.2762628153310951
2013-01-03,0.28195672409780814
2013-01-04,0.2670070388985362
2013-01-07,0.29064791803177187
2013-01-08,0.2760882866292758
2013-01-09,0.28402278128897257
2013-01-10,0.2828100875916815
2013-01-11,0.3054820998116871
2013-01-14,0.30280300009776145
2013-01-15,0.30259793180261846
2013-01-16,0.3263164788342458
2013-01-17,0.33388365334925424
2013-01-18,0.31106587535180985
2013-01-22,0.30635744440718826
2013-01-23,0.33666225626899765
2013-01-24,0.30272615817427917
2013-01-25,0.3278250707989762
2013-01-28,0.3353434972465528
2013-01-29,0.39087426858554414
2013-01-30,0.38435282314286007
2013-01-31,0.42889726870991207
2013-02-01,0.35737716422696203
2013-02-04,0.27023259449389453
2013-02-05,0.26799258041811974
2013-02-06,0.240366210679296
2013-02-07,0.26046083397892106
2013-02-08,0.26430511537771
2013-02-11,0.2776221153729243
2013-02-12,0.26959227181631573
2013-02-13,0.2841811659565258
2013-02-14,0.25896196819785355
2013-02-15,0.2662892642156344
2013-02-19,0.25706348740034196
2013-02-20,0.22267460612917872
2013-02-21,0.2286934492896199
2013-02-22,0.2225695997365355
2013-02-25,0.2115891158866304
2013-02-26,0.19575039863204993
2013-02-27,0.19366542196325534
2013-02-28,0.2011417429151098
2013-03-01,0.19347970902151912
2013-03-04,0.2148399427431483
2013-03-05,0.2160627337945262
2013-03-06,0.20399174829157612
2013-03-07,0.22373861461633218
2013-03-08,0.19358522022872793
2013-03-11,0.1571110958648789
2013-03-12,0.1689309237643429
2013-03-13,0.1781314563213607
2013-03-14,0.18046111757697852
2013-03-15,0.18251621347846872
2013-03-18,0.2424532963232288
2013-03-19,0.2590439730417027
2013-03-20,0.29765791245785717
2013-03-21,0.291565293108361
2013-03-22,0.3620047573342789
2013-03-25,0.38066144274906916
2013-03-26,0.35624481094661126
2013-03-27,0.3963379085499126
2013-03-28,0.4009498211478519
2013-04-01,0.400425207243139
2013-04-02,0.38409697498399753
2013-04-03,0.36436092509304485
2013-04-04,0.3228805096361083
2013-04-05,0.28384741258074814
2013-04-08,0.28013930593600705
2013-04-09,0.24177430346163586
2013-04-10,0.18354688324171348
2013-04-11,0.15903121705153558
2013-04-12,0.13034391890025893
2013-04-15,0.08906951377569988
2013-04-16,0.0762605703847687
2013-04-17,0.08680204022476141
2013-04-18,0.07658273945182893
2013-04-19,0.07929411998861734
2013-04-22,0.0975034118997267
2013-04-23,0.12067858565683698
2013-04-24,0.11304242683860705
2013-04-25,0.131692141335877
2013-04-26,0.11937069798156313
2013-04-29,0.13015351645906875
2013-04-30,0.15069513728546435
2013-05-01,0.19130873037058566
2013-05-02,0.20234816283921797
2013-05-03,0.24979848917283973
2013-05-06,0.28505188046005775
2013-05-07,0.3181721447451049
2013-05-08,0.28708577849550676
2013-05-09,0.23182081510383115
2013-05-10,0.18767836829893583
2013-05-13,0.15053150744190874
2013-05-14,0.11835854035197861
2013-05-15,0.14796400050779226
2013-05-16,0.12674586438340202
2013-05-17,0.14269508480759233
2013-05-20,0.16326248674961402
2013-05-21,0.16189429093651608
2013-05-22,0.12537470068719497
2013-05-23,0.09810610353201518
2013-05-24,0.11245755459048579
2013-05-28,0.09969929041448003
2013-05-29,0.1028211836722632
2013-05-30,0.10521812013142294
2013-05-31,0.11938687363086875
2013-06-03,0.16971585227061398
2013-06-04,0.14919884408279904
2013-06-05,0.14023199942320447
2013-06-06,0.10833613699412194
2013-06-07,0.1027763628511158
2013-06-10,0.09191493109887355
2013-06-11,0.12550885802274345
2013-06-12,0.12655844014911652
2013-06-13,0.1658270794998507
2013-06-14,0.15966637390011915
2013-06-17,0.20228528467851092
2013-06-18,0.21194423542850788
2013-06-19,0.23234407725159523
2013-06-20,0.27068146068379356
2013-06-21,0.2965850508639434
2013-06-24,0.3696894322010188
2013-06-25,0.4110534266501158
2013-06-26,0.36688389794408877
2013-06-27,0.3782837770336253
2013-06-28,0.3571052827198087
2013-07-01,0.34180636518794855
2013-07-02,0.416830981257198
2013-07-03,0.412381922691676
2013-07-05,0.5367950220828239
2013-07-08,0.6271396808492128
2013-07-09,0.6573488492727084
2013-07-10,0.6056860352205422
2013-07-11,0.5938813920671338
2013-07-12,0.5990381663375773
2013-07-15,0.5637713995143243
2013-07-16,0.46412924604891526
2013-07-17,0.4368186148875196
2013-07-18,0.45006787835765133
2013-07-19,0.39083098404983535
2013-07-22,0.4457993659414833
2013-07-23,0.5833966894605987
2013-07-24,0.6315710256563142
2013-07-25,0.6771105423112346
2013-07-26,0.6559278318978543
2013-07-29,0.593371456374505
2013-07-30,0.5047400091424369
2013-07-31,0.5134009554258492
2013-08-01,0.5174345641441577
2013-08-02,0.4974057273631929
2013-08-05,0.4972757632126098
2013-08-06,0.4824670719395324
2013-08-07,0.4293715785350865
2013-08-08,0.43289783170526075
2013-08-09,0.40602055050543256
2013-08-12,0.35753942286297563
2013-08-13,0.34100518005996605
2013-08-14,0.33684428522610244
2013-08-15,0.3408652527071884
2013-08-16,0.31493450968482584
2013-08-19,0.2867610495638447
2013-08-20,0.282417682718065
2013-08-21,0.3092403080222072
2013-08-22,0.3294050361758821
2013-08-23,0.3601987640245285
2013-08-26,0.3568624543311727
2013-08-27,0.3594834548990556
2013-08-28,0.3369513023067019
2013-08-29,0.35314181503504516
2013-08-30,0.3540764638072121
2013-09-03,0.32152545101611024
2013-09-04,0.3202845956922803
2013-09-05,0.3008171157311057
2013-09-06,0.31975093033697144
2013-09-09,0.32482546404926477
2013-09-10,0.3199778070331815
2013-09-11,0.4067159638077727
2013-09-12,0.4560277491821554
2013-09-13,0.4424982407691703
2013-09-16,0.48663706523253153
2013-09-17,0.576259978375252
2013-09-18,0.6530507411207722
2013-09-19,0.69861960058453
2013-09-20,0.7076283946120194
2013-09-23,0.7393552547030664
2013-09-24,0.7210004334902765
2013-09-25,0.682541325561093
2013-09-26,0.6560884791024252
2013-09-27,0.6748494523884868
2013-09-30,0.6079086288524338
2013-10-01,0.5558293830359378
2013-10-02,0.571616219283411
2013-10-03,0.5114132247302633
2013-10-04,0.4301214478416012
2013-10-07,0.38844513423550564
2013-10-08,0.3714439295885103
2013-10-09,0.3184800158163637
2013-10-10,0.2741155919605595
2013-10-11,0.23550236005844544
2013-10-14,0.19461205195245151
2013-10-15,0.15309543596314737
2013-10-16,0.12772593250107855
2013-10-17,0.10820070176893244
2013-10-18,0.10078926648525538
2013-10-21,0.11691198798733499
2013-10-22,0.1457860535330296
2013-10-23,0.1672504520411526
2013-10-24,0.16105465321064172
2013-10-25,0.1898759907259388
2013-10-28,0.1689448815933807
2013-10-29,0.16945057402232994
2013-10-30,0.18416020895742718
2013-10-31,0.17826690832929148
2013-11-01,0.1844795007975017
2013-11-04,0.2554452484688545
2013-11-05,0.24108979642467765
2013-11-06,0.28941753888478433
2013-11-07,0.39384310111676735
2013-11-08,0.3563694156228902
2013-11-11,0.2529427523337565
2013-11-12,0.2379500692635176
2013-11-13,0.20931613260023113
2013-11-14,0.18010741393151708
2013-11-15,0.11605257411395795
2013-11-18,0.1009934893075976
2013-11-19,0.09805360810428923
2013-11-20,0.13082819940087442
2013-11-21,0.1308077418188386
2013-11-22,0.16428368369220261
2013-11-25,0.22245414888409829
2013-11-26,0.24606949110817963
2013-11-27,0.24862413421081378
2013-11-29,0.2827532552808171
2013-12-02,0.3318828006612952
2013-12-03,0.36178870638096294
2013-12-04,0.3725705039794349
2013-12-05,0.385571607392422
2013-12-06,0.4333747493965148
2013-12-09,0.46058443643317737
2013-12-10,0.5373992497974962
2013-12-11,0.5114450820672851
2013-12-12,0.5480258278218495
2013-12-13,0.5698694073065375
2013-12-16,0.5357571456213435
2013-12-17,0.4719153965953341
2013-12-18,0.4737925431342057
2013-12-19,0.49999387555904745
2013-12-20,0.4662760086359274
2013-12-23,0.49852837458122645
2013-12-24,0.45353958721363025
2013-12-26,0.429520710892916
2013-12-27,0.3963864918896029
2013-12-30,0.3730112044559727
2013-12-31,0.29956426187095203
2014-01-02,0.3440588132223826
2014-01-03,0.4523245115060952
2014-01-06,0.4861009879254081
2014-01-07,0.5374209795502135
2014-01-08,0.5947336495035657
2014-01-09,0.5755081081867003
2014-01-10,0.5752182586992173
2014-01-13,0.6039300910335581
2014-01-14,0.6366454030058901
2014-01-15,0.6455690954966375
2014-01-16,0.659324296361673
2014-01-17,0.64412918015692
2014-01-21,0.6659072193374855
2014-01-22,0.6164166820296962
2014-01-23,0.6155432128900923
2014-01-24,0.5901233585285053
2014-01-27,0.5474352490330846
2014-01-28,0.5142115765671801
2014-01-29,0.4603463089950994
2014-01-30,0.43819905200437315
2014-01-31,0.38479841006962506
2014-02-03,0.3412777410194547
2014-02-04,0.38786069599806144
2014-02-05,0.350619425642648
2014-02-06,0.3874916256341132
2014-02-07,0.37431320411528546
2014-02-10,0.3701355967800678
2014-02-11,0.3705722311205056
2014-02-12,0.3646250078769961
2014-02-13,0.4084592406757803
2014-02-14,0.38677922755504573
2014-02-18,0.3818776471613641
2014-02-19,0.3811717837561691
2014-02-20,0.42891205034405006
2014-02-21,0.3639869429373874
2014-02-24,0.33389117996751083
2014-02-25,0.3872617988075226
2014-02-26,0.40198443317658034
2014-02-27,0.4373579489718104
2014-02-28,0.4818686211255336
2014-03-03,0.5537723889126851
2014-03-04,0.5398484028367293
2014-03-05,0.5812450172116748
2014-03-06,0.7038978238500004
2014-03-07,0.7021684348321777
2014-03-10,0.7224343685018476
2014-03-11,0.7160526989376893
2014-03-12,0.68839545625042
2014-03-13,0.6305967199145808
2014-03-14,0.5510432238850149
2014-03-17,0.519424934828234
2014-03-18,0.4468549597875725
2014-03-19,0.36974415274083067
2014-03-20,0.3173381788162685
2014-03-21,0.3365241807906379
2014-03-24,0.26376648897653354
2014-03-25,0.26112759721096745
2014-03-26,0.22958463321047232
2014-03-27,0.24957024624974466
2014-03-28,0.238715206021024
2014-03-31,0.2425606903056215
2014-04-01,0.22444681984390438
2014-04-02,0.2616818976595674
2014-04-03,0.20140019073966187
2014-04-04,0.21780981054456922
2014-04-07,0.20793440967823537
2014-04-08,0.23341365984861184
2014-04-09,0.24267222598620378
2014-04-10,0.3137237337198857
2014-04-11,0.345616811873835
2014-04-14,0.4074065893707193
2014-04-15,0.3683202599451864
2014-04-16,0.3959405836448965
2014-04-17,0.31146532417186623
2014-04-21,0.2861755350815521
2014-04-22,0.26812014361016995
2014-04-23,0.28108085759748347
2014-04-24,0.32246076186665373
2014-04-25,0.33139261695880823
2014-04-28,0.39585186353577445
2014-04-29,0.4271247690630927
2014-04-30,0.4582055887803153
2014-05-01,0.4390342382729039
2014-05-02,0.38886156493447865
2014-05-05,0.3833732669158779
2014-05-06,0.4032137337107142
2014-05-07,0.4365335975875677
2014-05-08,0.49787911300545856
2014-05-09,0.5355656404755745
2014-05-12,0.5207753182575209
2014-05-13,0.6327963920620632
2014-05-14,0.6886208184031836
2014-05-15,0.6964244393832156
2014-05-16,0.6949453123570167
2014-05-19,0.6518657329878537
2014-05-20,0.6449307239663117
2014-05-21,0.5840304190694074
2014-05-22,0.5256802409674521
2014-05-23,0.4621185016591885
2014-05-27,0.4162490305515851
2014-05-28,0.40786305360466985
2014-05-29,0.3939071511159859
2014-05-30,0.33673812063992686
2014-06-02,0.3199849399905641
2014-06-03,0.2561780786149936
2014-06-04,0.2454705804321292
2014-06-05,0.20256642560498686
2014-06-06,0.1822758299616841
2014-06-09,0.18132544436647793
2014-06-10,0.22062857705165367
2014-06-11,0.2172078702741628
2014-06-12,0.18542049853493478
2014-06-13,0.17657298455579262
2014-06-16,0.2298004796354378
2014-06-17,0.24488912233704935
2014-06-18,0.2595158413174592
2014-06-19,0.30044462380393966
2014-06-20,0.3203551036176274
2014-06-23,0.23642454391438428
2014-06-24,0.2264924735351166
2014-06-25,0.17276332361480248
2014-06-26,0.16078554142116275
2014-06-27,0.17017727571259317
2014-06-30,0.18390854043816285
2014-07-01,0.18309305952827074
2014-07-02,0.21361659590159
2014-07-03,0.23693254056419413
2014-07-07,0.2449636236300369
2014-07-08,0.26325808904932835
2014-07-09,0.2828502216205924
2014-07-10,0.3230150019260194
2014-07-11,0.3489878419803857
2014-07-14,0.42760839722854244
2014-07-15,0.487633418595577
2014-07-16,0.521986292294764
2014-07-17,0.5382814581186
2014-07-18,0.5694141900433571
2014-07-21,0.5688183728277942
2014-07-22,0.5593773964265768
2014-07-23,0.5344471731574155
2014-07-24,0.5081237565642338
2014-07-25,0.49091917583445766
2014-07-28,0.4629419632595164
2014-07-29,0.45431941467776654
2014-07-30,0.41955030426522316
2014-07-31,0.4036649843896361
2014-08-01,0.3557403554038447
2014-08-04,0.37152703787823455
2014-08-05,0.3384600829921061
2014-08-06,0.33271624773625036
2014-08-07,0.32372439645923695
2014-08-08,0.30046604768363383
2014-08-11,0.31050204027167344
2014-08-12,0.2959183945057065
2014-08-13,0.27820473805917706
2014-08-14,0.2875216139270225
2014-08-15,0.26315320592023506
2014-08-18,0.2492829534430606
2014-08-19,0.20978705358077318
2014-08-20,0.19581525169992953
2014-08-21,0.18303773664928444
2014-08-22,0.16332251217350616
2014-08-25,0.17532543470824755
2014-08-26,0.20360129012809397
2014-08-27,0.20927915256944626
2014-08-28,0.19461721491019227
2014-08-29,0.21540096831181318
2014-09-02,0.2903905504834006
2014-09-03,0.3132671432103724
2014-09-04,0.33153242716957243
2014-09-05,0.4397338888635095
2014-09-08,0.5007488089001318
2014-09-09,0.5413398764743578
2014-09-10,0.5644067696543766
2014-09-11,0.6078535564356714
2014-09-12,0.6282546160568374
2014-09-15,0.6001254822130512
2014-09-16,0.5829624826947569
2014-09-17,0.5899432423003143
2014-09-18,0.5537921019121346
2014-09-19,0.5474399212515744
2014-09-22,0.5173932207795532
2014-09-23,0.45781811021418295
2014-09-24,0.4166154497448123
2014-09-25,0.36679533199285763
2014-09-26,0.3130117015219888
2014-09-29,0.2814200628198088
2014-09-30,0.249082352108496
2014-10-01,0.2113711201937586
2014-10-02,0.22158024286744935
2014-10-03,0.2195905799917527
2014-10-06,0.20191533509152032
2014-10-07,0.2069637887169171
2014-10-08,0.202324266450738
2014-10-09,0.18735618274281307
2014-10-10,0.1755125949260793
2014-10-13,0.22652048072201095
2014-10-14,0.2661652506819306
2014-10-15,0.30110240359540225
2014-10-16,0.2912693999862778
2014-10-17,0.3651992673271812
2014-10-20,0.392967143307637
2014-10-21,0.42536037210920513
2014-10-22,0.4531657239153193
2014-10-23,0.515745583805551
2014-10-24,0.4764977793329516
2014-10-27,0.546966752568539
2014-10-28,0.5369919868998942
2014-10-29,0.5447406013217964
2014-10-30,0.5527907955954284
2014-10-31,0.5893603204893776
2014-11-03,0.5603745614354769
2014-11-04,0.5133801430383205
2014-11-05,0.5074491087215719
2014-11-06,0.5210769580855201
2014-11-07,0.4365876424760277
2014-11-10,0.42831967374725105
2014-11-11,0.5115420344945236
2014-11-12,0.5890395761795466
2014-11-13,0.5855453674867178
2014-11-14,0.6585291539610951
2014-11-17,0.6924897052399096
2014-11-18,0.6576074012514249
2014-11-19,0.5782791760408852
2014-11-20,0.46679433012911226
2014-11-21,0.41821902222946017
2014-11-24,0.3368971952756389
2014-11-25,0.28467848521949235
2014-11-26,0.2528102993073143
2014-11-28,0.21210910168577715
2014-12-01,0.20577049868597178
2014-12-02,0.18015130606261398
2014-12-03,0.1415466337547263
2014-12-04,0.12113965157171985
2014-12-05,0.11562476590964724
2014-12-08,0.09484585909620245
2014-12-09,0.09652674570192596
2014-12-10,0.09955678690555128
2014-12-11,0.09690786151962219
2014-12-12,0.08787237648623758
2014-12-15,0.08923679000935898
2014-12-16,0.09309683215079981
2014-12-17,0.10610042994757109
2014-12-18,0.10898862311997513
2014-12-19,0.13685384807998416
2014-12-22,0.15206749262457012
2014-12-23,0.1749373829517026
2014-12-24,0.18955898367145946
2014-12-26,0.2113943294560696
2014-12-29,0.24392959435560427
2014-12-30,0.251212700876676
2014-12-31,0.27186729460344
2015-01-02,0.3179808190783877
2015-01-05,0.283196637080895
2015-01-06,0.2645331547988984
2015-01-07,0.2561857674035101
2015-01-08,0.256092382745527
2015-01-09,0.2579691228101442
2015-01-12,0.2594875713311409
2015-01-13,0.32239410743816893
2015-01-14,0.2811830880709051
2015-01-15,0.36893005600386
2015-01-16,0.4208274273717846
2015-01-20,0.46901328945512316
2015-01-21,0.38391021695126565
2015-01-22,0.32801875091536004
2015-01-23,0.2857025978616616
2015-01-26,0.21231199277579854
2015-01-27,0.12683358043573892
2015-01-28,0.09637639118876441
2015-01-29,0.08692668863380383
2015-01-30,0.06598582821423862
2015-02-02,0.07536631896971377
2015-02-03,0.08603729045049414
2015-02-04,0.06795835344162991
2015-02-05,0.0982693285842064
2015-02-06,0.12322576747238234
2015-02-09,0.13641270462103977
2015-02-10,0.14211225537407113
2015-02-11,0.19417152240214072
2015-02-12,0.27253677821423367
2015-02-13,0.3086299826330417
2015-02-17,0.39236556208151785
2015-02-18,0.5114330925196605
2015-02-19,0.5369153197130568
2015-02-20,0.5306978433916362
2015-02-23,0.5395296789268418
2015-02-24,0.4652893298738274
2015-02-25,0.4602442839470051
2015-02-26,0.40818322780597116
2015-02-27,0.42768470055717744
2015-03-02,0.47845096088859085
2015-03-03,0.46250463544354126
2015-03-04,0.48404143052219883
2015-03-05,0.5049349364161587
2015-03-06,0.4371978506339522
2015-03-09,0.41802089833211903
2015-03-10,0.3604020277447561
2015-03-11,0.3296767840463291
2015-03-12,0.2857996032075621
2015-03-13,0.23465434879594024
2015-03-16,0.18486442923888363
2015-03-17,0.14377658890703082
2015-03-18,0.13881951000494938
2015-03-19,0.13941049299021133
2015-03-20,0.12530684417368326
2015-03-23,0.13587645031593623
2015-03-24,0.1296189584136422
2015-03-25,0.1210665318665421
2015-03-26,0.12097597002597023
2015-03-27,0.11124096275827881
2015-03-30,0.10847448144095272
2015-03-31,0.12611152824255512
2015-04-01,0.13929022463304164
2015-04-02,0.1762089564685929
2015-04-06,0.22105740745798874
2015-04-07,0.2447897013807475
2015-04-08,0.27794767882556093
2015-04-09,0.25847716547479216
2015-04-10,0.33214035710921547
2015-04-13,0.3904636988328787
2015-04-14,0.29834537914373016
2015-04-15,0.2795234769408008
2015-04-16,0.26465104173591514
2015-04-17,0.2708044095960875
2015-04-20,0.2392734674453406
2015-04-21,0.2576693907859105
2015-04-22,0.25367875189824163
2015-04-23,0.2787852199964307
2015-04-24,0.29059168835141364
2015-04-27,0.35138625843166116
2015-04-28,0.34101269421904096
2015-04-29,0.35378548500268414
2015-04-30,0.33775182173867924
2015-05-01,0.37789194215525196
2015-05-04,0.38120439014174057
2015-05-05,0.3672987541391965
2015-05-06,0.3476434080226694
2015-05-07,0.32524116184035856
2015-05-08,0.31193055349920845
2015-05-11,0.2790903193884261
2015-05-12,0.2609996529368114
2015-05-13,0.28501997604808654
2015-05-14,0.2782048242190433
2015-05-15,0.24024764901774343
2015-05-18,0.2137476207366122
2015-05-19,0.24922378014062554
2015-05-20,0.22783576746418932
2015-05-21,0.20492803676216476
2015-05-22,0.21129462124239637
2015-05-26,0.22029236890031312
2015-05-27,0.22499228841997293
2015-05-28,0.25467382961404417
2015-05-29,0.2567628940566986
2015-06-01,0.2885809437167541
2015-06-02,0.3447490253175333
2015-06-03,0.3391465175353548
2015-06-04,0.33653898877515215
2015-06-05,0.393920533162338
2015-06-08,0.4382673300365038
2015-06-09,0.4392681917993353
2015-06-10,0.4034830380227114
2015-06-11,0.421439883269983
2015-06-12,0.41290723110417255
2015-06-15,0.3680916135780734
2015-06-16,0.3143242591008436
2015-06-17,0.28980262577756616
2015-06-18,0.26713013581012796
2015-06-19,0.26825948263200744
2015-06-22,0.26166317800722505
2015-06-23,0.25497833371671985
2015-06-24,0.2566893662664865
2015-06-25,0.2671526318176587
2015-06-26,0.25405129918671515
2015-06-29,0.24812091044272194
2015-06-30,0.2663277378515991
2015-07-01,0.261160697609053
2015-07-02,0.2754677074219611
2015-07-06,0.26875792340588617
2015-07-07,0.3158016734263169
2015-07-08,0.32012759728786233
2015-07-09,0.33061711304698616
2015-07-10,0.3425851682386004
2015-07-13,0.29438419636996765
2015-07-14,0.2708539796184879
2015-07-15,0.28448051991602213
2015-07-16,0.2772250982364984
2015-07-17,0.2554074862410596
2015-07-20,0.2154705304802239
2015-07-21,0.21147087076694634
2015-07-22,0.20541613678745613
2015-07-23,0.1890280766631745
2015-07-24,0.17933458608221386
2015-07-27,0.19709645244196528
2015-07-28,0.19369178958748667
2015-07-29,0.19161327877134643
2015-07-30,0.2361118502780069
2015-07-31,0.23991534865443648
2015-08-03,0.17802599994888288
2015-08-04,0.16664366059768299
2015-08-05,0.18855094960566934
2015-08-06,0.14406207536521842
2015-08-07,0.16243566994072658
2015-08-10,0.1585548066147048
2015-08-11,0.1624694936052085
2015-08-12,0.1443850184726491
2015-08-13,0.14106517447470585
2015-08-14,0.14975773890839258
2015-08-17,0.14504329177280648
2015-08-18,0.1405574205368183
2015-08-19,0.1573934495175666
2015-08-20,0.18795134174218803
2015-08-21,0.20574763874492338
2015-08-24,0.23453549206910218
2015-08-25,0.26924966697977115
2015-08-26,0.30818745119854596
2015-08-27,0.26984352997678235
2015-08-28,0.2427927451380155
2015-08-31,0.22543465821034683
2015-09-01,0.21543710504192698
2015-09-02,0.18908934372610034
2015-09-03,0.18029257638431018
2015-09-04,0.1609551458597364
2015-09-08,0.18276130447561195
2015-09-09,0.17449933949882046
2015-09-10,0.13058383263332693
2015-09-11,0.13875303549965115
2015-09-14,0.1297457335403529
2015-09-15,0.10937068097235861
2015-09-16,0.09122343106773441
2015-09-17,0.08938770437757868
2015-09-18,0.08605453306325335
2015-09-21,0.09694473907778534
2015-09-22,0.12918609365721065
2015-09-23,0.19568036354161336
2015-09-24,0.3429377676254141
2015-09-25,0.5062563579785709
2015-09-28,0.3936322617484237
2015-09-29,0.35742909572290243
2015-09-30,0.32178080138337917
2015-10-01,0.2715018779299813
2015-10-02,0.24387421216528
2015-10-05,0.18279868782531578
2015-10-06,0.1916447192087351
2015-10-07,0.2240289548408764
2015-10-08,0.1397717080424045
2015-10-09,0.17094002913369719
2015-10-12,0.11956642225212771
2015-10-13,0.08455619706722911
2015-10-14,0.05467062621573871
2015-10-15,0.04105490276627195
2015-10-16,0.023318836186168465
2015-10-19,0.01911971785397221
2015-10-20,0.026242127403742255
2015-10-21,0.030390879863800194
2015-10-22,0.05829366438385303
2015-10-23,0.08280554446477195
2015-10-26,0.15457321996394482
2015-10-27,0.20692316412996387
2015-10-28,0.3227091957514894
2015-10-29,0.3899938560327287
2015-10-30,0.3702769146632598
2015-11-02,0.41244281779935
2015-11-03,0.4153172555728651
2015-11-04,0.3330778032880603
2015-11-05,0.30206955322718965
2015-11-06,0.2661726188614978
2015-11-09,0.23459711890891546
2015-11-10,0.20616774494391302
2015-11-11,0.19242166690471377
2015-11-12,0.18846344874598414
2015-11-13,0.1774143781289607
2015-11-16,0.13198876304444862
2015-11-17,0.10719844587008304
2015-11-18,0.09574966145539104
2015-11-19,0.08980880921741932
2015-11-20,0.08736515683759694
2015-11-23,0.07053970288642392
2015-11-24,0.06578405817811958
2015-11-25,0.0708619422459467
2015-11-27,0.07561525459274883
2015-11-30,0.07054924294102856
2015-12-01,0.0718059635008139
2015-12-02,0.07489009219847853
2015-12-03,0.07216395465794723
2015-12-04,0.07138333065867389
2015-12-07,0.07329386207045806
2015-12-08,0.07660161594470093
2015-12-09,0.07084551939453836
2015-12-10,0.08257732809338887
2015-12-11,0.06770014900835909
2015-12-14,0.07679086410209886
2015-12-15,0.07712847961409591
2015-12-16,0.08565948846771276
2015-12-17,0.06170044356470074
2015-12-18,0.08416644654711833
2015-12-21,0.09898685721405613
2015-12-22,0.11656536137268349
2015-12-23,0.12241758054823065
2015-12-24,0.1460388211181565
2015-12-28,0.15317934146616968
2015-12-29,0.1645571540753076
2015-12-30,0.1647752758916297
2015-12-31,0.16381779104624197
2016-01-04,0.12309271081847732
2016-01-05,0.1309990528235076
2016-01-06,0.11747552492212576
2016-01-07,0.07489207941661147
2016-01-08,0.08446723337927894
2016-01-11,0.11633196481742716
2016-01-12,0.11871815192659921
2016-01-13,0.10372182015806673
2016-01-14,0.14443917012922167
2016-01-15,0.1346282408766134
2016-01-19,0.09737809877402007
2016-01-20,0.08249522159170815
2016-01-21,0.09739852793559124
2016-01-22,0.1234009601502219
2016-01-25,0.14219322343929086
2016-01-26,0.13786827727126053
2016-01-27,0.1369378853997968
2016-01-28,0.11947852103249174
2016-01-29,0.09140083597009466
2016-02-01,0.07474057609084774
2016-02-02,0.06086393897565528
2016-02-03,0.07247891656633892
2016-02-04,0.10877208928542177
2016-02-05,0.11419095539617617
2016-02-08,0.16516405933162237
2016-02-09,0.25298816163977966
2016-02-10,0.3205394569936552
2016-02-11,0.37617297888558393
2016-02-12,0.3813895166968279
2016-02-16,0.5194446699685347
2016-02-17,0.47390541061522656
2016-02-18,0.5357517715180775
2016-02-19,0.5106973659847518
2016-02-22,0.5472636019581806
2016-02-23,0.5218840360410439
2016-02-24,0.4378897885705156
2016-02-25,0.44692223556177474
2016-02-26,0.3466894218741221
2016-02-29,0.3070744529876476
2016-03-01,0.220051815839655
2016-03-02,0.14296798283931678
2016-03-03,0.09348996922251511
2016-03-04,0.0871198647218929
2016-03-07,0.0656703058934771
2016-03-08,0.04241543692153861
2016-03-09,0.05222782890375943
2016-03-10,0.05108511131536233
2016-03-11,0.04735750100196011
2016-03-14,0.05524361755614787
2016-03-15,0.06505996732643189
2016-03-16,0.06318853176131553
2016-03-17,0.048818088081291504
2016-03-18,0.04722246744162153
2016-03-21,0.0452754528639151
2016-03-22,0.048612433521998795
2016-03-23,0.03856907285576528
2016-03-24,0.042706806993857774
2016-03-28,0.03514661943514046
2016-03-29,0.028685607388560866
2016-03-30,0.02857645641622976
2016-03-31,0.038670403879576536
2016-04-01,0.024489313758990494
2016-04-04,0.021850071472894014
2016-04-05,0.023566039464972145
2016-04-06,0.02574056960580077
2016-04-07,0.022424988559109345
2016-04-08,0.029908979917995064
2016-04-11,0.034626851506532004
2016-04-12,0.04328283674725479
2016-04-13,0.038727014715529015
2016-04-14,0.04724266405656137
2016-04-15,0.056880901761144645
2016-04-18,0.055632034466883994
2016-04-19,0.043907106280647624
2016-04-20,0.05005193365029516
2016-04-21,0.052556403634049204
2016-04-22,0.05756548899807637
2016-04-25,0.06988571351959008
2016-04-26,0.08331148542075947
2016-04-27,0.08594792892271891
2016-04-28,0.08787281017097115
2016-04-29,0.08682177007957728
2016-05-02,0.07527555997113551
2016-05-03,0.07385911543296514
2016-05-04,0.07623263149142659
2016-05-05,0.07457833538962778
2016-05-06,0.06296566311627702
2016-05-09,0.08459820676635299
2016-05-10,0.10714180532849185
2016-05-11,0.11477449078410716
2016-05-12,0.10271088802050302
2016-05-13,0.09851170152046033
2016-05-16,0.1132734056398422
2016-05-17,0.11163509581317099
2016-05-18,0.10109253741162412
2016-05-19,0.09689834196384876
2016-05-20,0.09787755302957896
2016-05-23,0.10776537857816121
2016-05-24,0.10734460580978149
2016-05-25,0.09900455953509699
2016-05-26,0.11101348065289245
2016-05-27,0.11024005749147123
2016-05-31,0.112081782391279
2016-06-01,0.12112447032569539
2016-06-02,0.1143744351018073
2016-06-03,0.134688185065243
2016-06-06,0.13747902070827386
2016-06-07,0.1359501635144241
2016-06-08,0.11984742786599012
2016-06-09,0.12315448405805976
2016-06-10,0.12001775394849885
2016-06-13,0.13426798983268656
2016-06-14,0.12027997902443699
2016-06-15,0.12992188924440604
2016-06-16,0.12894179910717593
2016-06-17,0.15338500172745614
2016-06-20,0.1734361926558101
2016-06-21,0.1795102236356012
2016-06-22,0.18770291437093156
2016-06-23,0.20481948346911805
2016-06-24,0.15785382657510813
2016-06-27,0.12109098196464455
2016-06-28,0.10158119137721375
2016-06-29,0.05944255512609398
2016-06-30,0.047798248517959566
2016-07-01,0.043257258374725084
2016-07-05,0.03970716878649655
2016-07-06,0.037410746826530915
2016-07-07,0.041355599626879486
2016-07-08,0.033912626237963955
2016-07-11,0.03259877302150584
2016-07-12,0.039432770819104436
2016-07-13,0.055857691627392375
2016-07-14,0.07310846161632446
2016-07-15,0.09221869305862673
2016-07-18,0.13053794079789266
2016-07-19,0.15419601478529935
2016-07-20,0.18163709446251747
2016-07-21,0.17135299226864548
2016-07-22,0.16682296446870976
2016-07-25,0.15687273368373406
2016-07-26,0.10924677432163886
2016-07-27,0.1473468172579332
2016-07-28,0.22179007602368586
2016-07-29,0.21486427973199967
2016-08-01,0.19407090039084882
2016-08-02,0.1909059904415145
2016-08-03,0.17267514388882108
2016-08-04,0.15005326503822414
2016-08-05,0.1252491847735621
2016-08-08,0.10018847716939099
2016-08-09,0.07232322810826299
2016-08-10,0.07638820644876822
2016-08-11,0.0587435880008083
2016-08-12,0.056857590697527584
2016-08-15,0.05165952440585433
2016-08-16,0.05926837167634723
2016-08-17,0.0636196337764225
2016-08-18,0.07084311806358803
2016-08-19,0.06539695622090766
2016-08-22,0.055293513435412237
2016-08-23,0.03276483112337665
2016-08-24,0.01616126996912632
2016-08-25,0.010706478999579548
2016-08-26,0.017026195212203797
2016-08-29,0.025109358357780952
2016-08-30,0.03234096976725677
2016-08-31,0.04399057918379134
2016-09-01,0.04921936341933219
2016-09-02,0.07406622533343721
2016-09-06,0.0848537606908134
2016-09-07,0.06911071174931452
2016-09-08,0.10427505475963603
2016-09-09,0.11007252609665072
2016-09-12,0.1308619877290576
2016-09-13,0.14128787357952427
2016-09-14,0.15830283498388348
2016-09-15,0.1869242078452184
2016-09-16,0.24933761088932546
2016-09-19,0.2750403068186729
2016-09-20,0.25431663447628655
2016-09-21,0.29259193040297865
2016-09-22,0.25498423552612004
2016-09-23,0.20974229100056935
2016-09-26,0.1806343475179493
2016-09-27,0.17774072799390317
2016-09-28,0.12927574663131974
2016-09-29,0.12043523433758452
2016-09-30,0.1535480062661015
2016-10-03,0.1579509406488688
2016-10-04,0.19065924233452558
2016-10-05,0.25810937898769837
2016-10-06,0.2760096932406769
2016-10-07,0.3282307925136901
2016-10-10,0.3884310494505
2016-10-11,0.5074141286963076
2016-10-12,0.4838762256064845
2016-10-13,0.5392845415811062
2016-10-14,0.5501460908340949
2016-10-17,0.5851404820769164
2016-10-18,0.5967615349052926
2016-10-19,0.5909493840622146
2016-10-20,0.568681850111641
2016-10-21,0.4902941666913871
2016-10-24,0.49015675187286817
2016-10-25,0.513226135308487
2016-10-26,0.5118338991438747
2016-10-27,0.4472744903176275
2016-10-28,0.45120030420895346
2016-10-31,0.46842675960752483
2016-11-01,0.39475765461939016
2016-11-02,0.41094295070097747
2016-11-03,0.42897467274991363
2016-11-04,0.3846996104876701
2016-11-07,0.3517056054197889
2016-11-08,0.3446251425923985
2016-11-09,0.2807188258751903
2016-11-10,0.28518514249473764
2016-11-11,0.253305613626177
2016-11-14,0.2054344080251694
2016-11-15,0.1627093775022943
2016-11-16,0.19335752791248215
2016-11-17,0.16586473010111744
2016-11-18,0.18397502575809085
2016-11-21,0.1811835328849517
2016-11-22,0.19915939191546445
2016-11-23,0.18749609143890103
2016-11-25,0.20700570108387326
2016-11-28,0.20715121913039325
2016-11-29,0.21492020589405106
2016-11-30,0.2116164369662379
2016-12-01,0.2401815727108499
2016-12-02,0.23660524360318386
2016-12-05,0.2223224947197077
2016-12-06,0.28819793867814375
2016-12-07,0.28402291083452175
2016-12-08,0.20781576446031308
2016-12-09,0.16782425379456917
2016-12-12,0.14446444422730367
2016-12-13,0.09038356721597052
2016-12-14,0.0769124370775708
2016-12-15,0.07715530414733256
2016-12-16,0.08293052673726767
2016-12-19,0.06998643424167274
2016-12-20,0.056892867498494766
2016-12-21,0.06704730796087588
2016-12-22,0.06953129721863333
2016-12-23,0.07803687308712506
2016-12-27,0.08127778964575008
2016-12-28,0.08929835755965758
2016-12-29,0.12391660769176739
2016-12-30,0.12744710734997308
2017-01-03,0.127774864780257
2017-01-04,0.11850775682689575
2017-01-05,0.12835529482464927
2017-01-06,0.10445312737513385
2017-01-09,0.0735040081429288
2017-01-10,0.04897073001792235
2017-01-11,0.04336612042403939
2017-01-12,0.03921808781096768
2017-01-13,0.025575764608958256
2017-01-17,0.029690470139885124
2017-01-18,0.028817608259932657
2017-01-19,0.03194466338424181
2017-01-20,0.0306606245934555
2017-01-23,0.03711494080747905
2017-01-24,0.05299328765410991
2017-01-25,0.055148656445746486
2017-01-26,0.08560258675839241
2017-01-27,0.09767309367673714
2017-01-30,0.12900445558002194
2017-01-31,0.23266727021944458
2017-02-01,0.30558017338560717
2017-02-02,0.32108873661736564
2017-02-03,0.3752850484758084
2017-02-06,0.42285612899785985
2017-02-07,0.36870307464907415
2017-02-08,0.29412383581104784
2017-02-09,0.2828689254111118
2017-02-10,0.26585579832586925
2017-02-13,0.21386351457203423
2017-02-14,0.2603965518961804
2017-02-15,0.3288933417694179
2017-02-16,0.42191141256187825
2017-02-17,0.43629455427994945
2017-02-21,0.499207197061879
2017-02-22,0.5659341788683636
2017-02-23,0.5539789257822431
2017-02-24,0.5323280796500541
2017-02-27,0.5477164739917288
2017-02-28,0.5368799312559073
2017-03-01,0.4899011593514099
2017-03-02,0.601986641372067
2017-03-03,0.6440634647666388
2017-03-06,0.668902018487073
2017-03-07,0.692550023108973
2017-03-08,0.695171438030279
2017-03-09,0.6448887897024617
2017-03-10,0.6202398813676397
2017-03-13,0.5756577782847662
2017-03-14,0.5690588957094894
2017-03-15,0.512279362846188
2017-03-16,0.4646522939135626
2017-03-17,0.4457591179541681
2017-03-20,0.4398588298760347
2017-03-21,0.4316551944768786
2017-03-22,0.41098879830759516
2017-03-23,0.3842284651443824
2017-03-24,0.3519464574640471
2017-03-27,0.32928932314637743
2017-03-28,0.302212291377215
2017-03-29,0.30525457321841837
2017-03-30,0.3142828047782922
2017-03-31,0.2779703866735008
2017-04-03,0.32290322999592647
2017-04-04,0.3289922212150632
2017-04-05,0.3152487910753115
2017-04-06,0.3542498805849783
2017-04-07,0.3336245808642241
2017-04-10,0.3351046920244141
2017-04-11,0.3151445415355712
2017-04-12,0.3536889629569546
2017-04-13,0.397583760976596
2017-04-17,0.384140304059394
2017-04-18,0.39264854952517064
2017-04-19,0.4358792881066488
2017-04-20,0.4666277643447799
2017-04-21,0.516962152496104
2017-04-24,0.5059888903038937
2017-04-25,0.5166630038482283
2017-04-26,0.5094741524441692
2017-04-27,0.5090957215914165
2017-04-28,0.4656031408154617
2017-05-01,0.4130030919348514
2017-05-02,0.35665870546655754
2017-05-03,0.36652570352169334
2017-05-04,0.3200048014414302
2017-05-05,0.27644310747402057
2017-05-08,0.2755873887477279
2017-05-09,0.27496607151759334
2017-05-10,0.26695976594322857
2017-05-11,0.29499180794326885
2017-05-12,0.2814044171846724
2017-05-15,0.3012924794245983
2017-05-16,0.3033938313787177
2017-05-17,0.31339449926531443
2017-05-18,0.28584460779128745
2017-05-19,0.29061339134554853
2017-05-22,0.2589480315397011
2017-05-23,0.2789376620904216
2017-05-24,0.2398488146758983
2017-05-25,0.2626497743122514
2017-05-26,0.29022191653436974
2017-05-30,0.3075213472350852
2017-05-31,0.3330971271749395
2017-06-01,0.34276862312599565
2017-06-02,0.35524161577578034
2017-06-05,0.3695032712878962
2017-06-06,0.35796485083742846
2017-06-07,0.3527842508663179
2017-06-08,0.3533694063552852
2017-06-09,0.3672079997796147
2017-06-12,0.35886346315900974
2017-06-13,0.3348953302519849
2017-06-14,0.3107841695478895
2017-06-15,0.28146920988103336
2017-06-16,0.26154336297884756
2017-06-19,0.31636714567445545
2017-06-20,0.30431464680294146
2017-06-21,0.3082264850069677
2017-06-22,0.3185888649944842
2017-06-23,0.3192983996551668
2017-06-26,0.33784665413130494
2017-06-27,0.2177785782157221
2017-06-28,0.15865117943961082
2017-06-29,0.17790091286152807
2017-06-30,0.2049364249338282
2017-07-03,0.2054051562694361
2017-07-05,0.2268284409716189
2017-07-06,0.255180038630182
2017-07-07,0.3066637594186951
2017-07-10,0.3140287002123014
2017-07-11,0.3732168728155155
2017-07-12,0.40835467369877354
2017-07-13,0.46387680156968497
2017-07-14,0.4667541251300818
2017-07-17,0.5066981801216203
2017-07-18,0.5128646330851242
2017-07-19,0.5296341550723563
2017-07-20,0.4911539919812848
2017-07-21,0.5294928219328014
2017-07-24,0.5141845947616432
2017-07-25,0.5232842450617498
2017-07-26,0.5031209540772659
2017-07-27,0.48676452149101934
2017-07-28,0.47274365099158616
2017-07-31,0.4263623464351347
2017-08-01,0.4445169204316829
2017-08-02,0.4302964102909952
2017-08-03,0.3923378540909677
2017-08-04,0.37359623215216664
2017-08-07,0.39798871875668984
2017-08-08,0.3885541637787225
2017-08-09,0.3771335309421079
2017-08-10,0.38762171764884995
2017-08-11,0.35780610449410016
2017-08-14,0.35011682922598764
2017-08-15,0.31489043305389225
2017-08-16,0.3071210664842175
2017-08-17,0.2735310654951721
2017-08-18,0.25271644873545435
2017-08-21,0.24811932951419632
2017-08-22,0.24078409951728108
2017-08-23,0.23509604004751697
2017-08-24,0.2296836596475604
2017-08-25,0.2173677721113342
2017-08-28,0.21584224171696711
2017-08-29,0.2129676647405679
2017-08-30,0.23064198279113915
2017-08-31,0.22418874611305917
2017-09-01,0.22059114807648644
2017-09-05,0.22905956473833314
2017-09-06,0.24331552883515048
2017-09-07,0.251685273764414
2017-09-08,0.26766400709615396
2017-09-11,0.27653452623383773
2017-09-12,0.25390822536871493
2017-09-13,0.2954768628837077
2017-09-14,0.2308911607073915
2017-09-15,0.22260732310659415
2017-09-18,0.2370067857684457
2017-09-19,0.2777591203185349
2017-09-20,0.2855604843921505
2017-09-21,0.3110670361202377
2017-09-22,0.3446689663555736
2017-09-25,0.40249040539074654
2017-09-26,0.39790231614112226
2017-09-27,0.3649429073012065
2017-09-28,0.3830974611839575
2017-09-29,0.401037655073729
2017-10-02,0.34247927612499224
2017-10-03,0.3349951896165531
2017-10-04,0.3170179688306335
2017-10-05,0.31822315805755247
2017-10-06,0.31286500473094475
2017-10-09,0.32149180792467436
2017-10-10,0.3192921532093344
2017-10-11,0.3052093374265328
2017-10-12,0.2600879945293586
2017-10-13,0.24410846462621907
2017-10-16,0.22146374164342827
2017-10-17,0.20514305823842235
2017-10-18,0.1895018954411995
2017-10-19,0.2076036700275709
2017-10-20,0.22052958043453608
2017-10-23,0.2373727282320512
2017-10-24,0.25392761791944607
2017-10-25,0.29778543506470034
2017-10-26,0.3029586759899123
2017-10-27,0.300829782398717
2017-10-30,0.2987488978467882
2017-10-31,0.28156389638182183
2017-11-01,0.2630300274381555
2017-11-02,0.23214516905683058
2017-11-03,0.20816086462941608
2017-11-06,0.1828230919851265
2017-11-07,0.18016452650896525
2017-11-08,0.24043214566284568
2017-11-09,0.2669024214859076
2017-11-10,0.32060915604044127
2017-11-13,0.37773266830962393
2017-11-14,0.4190717682139216
2017-11-15,0.4307081190707129
2017-11-16,0.46829498786287166
2017-11-17,0.466722260201207
2017-11-20,0.48386596236277846
2017-11-21,0.46455864627888255
2017-11-22,0.5115776660803191
2017-11-24,0.5221977463341886
2017-11-27,0.5546903480374461
2017-11-28,0.5717702724811948
2017-11-29,0.5381422789058294
2017-11-30,0.5441141259877018
2017-12-01,0.5192154304381709
2017-12-04,0.47273907971708057
2017-12-05,0.43471634151953753
2017-12-06,0.418321208176974
2017-12-07,0.3950950744644129
2017-12-08,0.4323316031409774
2017-12-11,0.44032668424452276
2017-12-12,0.48627314607004973
2017-12-13,0.5012914948550806
2017-12-14,0.5352812780699061
2017-12-15,0.5115655018268824
2017-12-18,0.5434388037460067
2017-12-19,0.4966288921460459
2017-12-20,0.500365079737449
2017-12-21,0.4882423982701038
2017-12-22,0.4495246690805305
2017-12-26,0.42285010182395816
2017-12-27,0.41149029661695913
2017-12-28,0.40755226810225065
2017-12-29,0.3263041010699333
2018-01-02,0.3083158373750158
2018-01-03,0.2516246889358015
2018-01-04,0.25647253292126154
2018-01-05,0.25468029106025053
2018-01-08,0.2628531443999478
2018-01-09,0.2773117055169299
2018-01-10,0.2816418751906852
2018-01-11,0.2753390877176388
2018-01-12,0.27814643425446944
2018-01-16,0.2670858310956396
2018-01-17,0.26964857848533313
2018-01-18,0.27343934025180217
2018-01-19,0.2641770980870602
2018-01-22,0.24241604803308459
2018-01-23,0.26577119041849834
2018-01-24,0.2677238184842311
2018-01-25,0.283371450119101
2018-01-26,0.32174257680511015
2018-01-29,0.3493191751683372
2018-01-30,0.3631541026532836
2018-01-31,0.3446395913555782
2018-02-01,0.35832071479927363
2018-02-02,0.3186279206586594
2018-02-05,0.28283390681975706
2018-02-06,0.26551895456385305
2018-02-07,0.22663960665050975
2018-02-08,0.20348997561880972
2018-02-09,0.18203644317339127
2018-02-12,0.18368903302305117
2018-02-13,0.17140585281672763
2018-02-14,0.16945412617192815
2018-02-15,0.1878643612120681
2018-02-16,0.18842523569425376
2018-02-20,0.1918825822592845
2018-02-21,0.1880575092530727
2018-02-22,0.18775925737185792
2018-02-23,0.17824518412546986
2018-02-26,0.18072510869291708
2018-02-27,0.18532223451281576
2018-02-28,0.16705434542806172
2018-03-01,0.17674121369202828
2018-03-02,0.23979237264695305
2018-03-05,0.24041960499406756
2018-03-06,0.2537154145057623
2018-03-07,0.33214162672641473
2018-03-08,0.5193831303307584
2018-03-09,0.4884584317044602
2018-03-12,0.5439718348501852
2018-03-13,0.7301573745143471
2018-03-14,0.734305135869983
2018-03-15,0.6703159863273909
2018-03-16,0.6867253594347301
2018-03-19,0.6367743953698306
2018-03-20,0.5117107435645892
2018-03-21,0.43339329575501795
2018-03-22,0.3604069641107633
2018-03-23,0.3225326688755312
2018-03-26,0.2732008577886173
2018-03-27,0.20075258471356192
2018-03-28,0.14674755544669588
2018-03-29,0.15773652532270535
2018-04-02,0.16038125165436998
2018-04-03,0.18621138840436624
2018-04-04,0.17977884277478978
2018-04-05,0.16899998924046186
2018-04-06,0.16635505687865187
2018-04-09,0.16380960902711417
2018-04-10,0.14533050809519243
2018-04-11,0.10920275713427008
2018-04-12,0.11639563301905116
2018-04-13,0.1272489689165703
2018-04-16,0.13337761512267554
2018-04-17,0.1292943858370907
2018-04-18,0.15290774491227788
2018-04-19,0.18835427972343335
2018-04-20,0.19420710006938627
2018-04-23,0.2255004939692612
2018-04-24,0.3195312567817995
2018-04-25,0.47601310393206975
2018-04-26,0.4472407141650271
2018-04-27,0.5428255073463053
2018-04-30,0.5983462096184953
2018-05-01,0.5622848310592419
2018-05-02,0.6312238821554016
2018-05-03,0.6066309027772575
2018-05-04,0.540337163733542
2018-05-07,0.48035095595700905
2018-05-08,0.5603798037461699
2018-05-09,0.5120006279855279
2018-05-10,0.4151515114391622
2018-05-11,0.4120920152280122
2018-05-14,0.3647819031287532
2018-05-15,0.3186840683598127
2018-05-16,0.2639184696708582
2018-05-17,0.21093577211907297
2018-05-18,0.14532925401729516
2018-05-21,0.14025941753402263
2018-05-22,0.15144092422060101
2018-05-23,0.1574557709577959
2018-05-24,0.20900190131129764
2018-05-25,0.24826163522858005
2018-05-29,0.2711618656344438
2018-05-30,0.29086366810183484
2018-05-31,0.3229420080485878
2018-06-01,0.31896634873609525
2018-06-04,0.36663703923189317
2018-06-05,0.3946027423185212
2018-06-06,0.3575895098042759
2018-06-07,0.34386422358072605
2018-06-08,0.35613658323851033
2018-06-11,0.3073468422669575
2018-06-12,0.25233914712838357
2018-06-13,0.22511645370280642
2018-06-14,0.22158508065648055
2018-06-15,0.2229969865993458
2018-06-18,0.20002328867098848
2018-06-19,0.19388645352450995
2018-06-20,0.21791969906611391
2018-06-21,0.18915376814496054
2018-06-22,0.19010474066962116
2018-06-25,0.18778230904421878
2018-06-26,0.19850880214912814
2018-06-27,0.1982030880477519
2018-06-28,0.21295670155637206
2018-06-29,0.21329650088250834
2018-07-02,0.21896998491587485
2018-07-03,0.21047804264574185
2018-07-05,0.21529722554277675
2018-07-06,0.21723661608266015
2018-07-09,0.17570949021854615
2018-07-10,0.1842694515159194
2018-07-11,0.1785795057486566
2018-07-12,0.17083316997089135
2018-07-13,0.17695901359418742
2018-07-16,0.2018504614112844
2018-07-17,0.218791806279856
2018-07-18,0.23453222152373046
2018-07-19,0.2595153569740503
2018-07-20,0.30868819073757364
2018-07-23,0.3173627185624538
2018-07-24,0.3506402636108735
2018-07-25,0.35545638034206317
2018-07-26,0.4297231644362652
2018-07-27,0.43916886794313426
2018-07-30,0.48817949929073323
2018-07-31,0.4747267186569322
2018-08-01,0.4809137139189892
2018-08-02,0.4605909238371335
2018-08-03,0.46518683156767465
2018-08-06,0.4042676894760663
2018-08-07,0.3545493695236499
2018-08-08,0.30699015072717356
2018-08-09,0.2635418145048254
2018-08-10,0.25012840709581935
2018-08-13,0.17764715127243022
2018-08-14,0.1619096308319289
2018-08-15,0.17392829561933115
2018-08-16,0.16229046259550753
2018-08-17,0.1519965182728316
2018-08-20,0.13858457761671217
2018-08-21,0.14039533717083713
2018-08-22,0.1373374507845171
2018-08-23,0.1470711347170098
2018-08-24,0.13243516098230584
2018-08-27,0.14377725062384755
2018-08-28,0.17467852554198932
2018-08-29,0.20775969704060682
2018-08-30,0.21616369903609858
2018-08-31,0.2597944438828376
2018-09-04,0.2979251626349618
2018-09-05,0.3138325431844579
2018-09-06,0.29060926254384184
2018-09-07,0.2974423722465852
2018-09-10,0.2958618582994529
2018-09-11,0.29503814696313896
2018-09-12,0.34499681673648025
2018-09-13,0.389016724884815
2018-09-14,0.39822162157643415
2018-09-17,0.44788460477169284
2018-09-18,0.4553917545603888
2018-09-19,0.4449286310485003
2018-09-20,0.42518706115374716
2018-09-21,0.40945334015047674
2018-09-24,0.3819035349119253
2018-09-25,0.37109227881376045
2018-09-26,0.32907141352816854
2018-09-27,0.292870977115789
2018-09-28,0.2935730100802146
2018-10-01,0.2732116714098169
2018-10-02,0.2885028449193346
2018-10-03,0.3042484924025701
2018-10-04,0.3299185849882566
2018-10-05,0.34936111565219746
2018-10-08,0.3943018441254459
2018-10-09,0.40928979825430806
2018-10-10,0.40245420193678594
2018-10-11,0.3913439956565226
2018-10-12,0.3865630565415549
2018-10-15,0.3383467694620784
2018-10-16,0.3142154290625838
2018-10-17,0.3106475372806279
2018-10-18,0.2869420355480296
2018-10-19,0.2741367371387501
2018-10-22,0.24963715712924012
2018-10-23,0.25700685316003663
2018-10-24,0.2475448035352242
2018-10-25,0.24416566801601503
2018-10-26,0.22684338095296194
2018-10-29,0.21560705647931275
2018-10-30,0.2220376447031327
2018-10-31,0.19736751489928686
2018-11-01,0.1915471835944792
2018-11-02,0.18909272963208604
2018-11-05,0.20794743107167843
2018-11-06,0.22947072231897161
2018-11-07,0.24619953778548595
2018-11-08,0.25815313322066563
2018-11-09,0.3871693396876698
2018-11-12,0.48636182793163224
2018-11-13,0.4647293699522509
2018-11-14,0.5114753950834453
2018-11-15,0.458487850642983
2018-11-16,0.4038907379966891
2018-11-19,0.42533206712480887
2018-11-20,0.38602107956305515
2018-11-21,0.36666425285295995
2018-11-23,0.3988209941417952
2018-11-26,0.5249169537068263
2018-11-27,0.46906227560496744
2018-11-28,0.5321582222627886
2018-11-29,0.5997308057913767
2018-11-30,0.5434428851018099
2018-12-03,0.4816470997491775
2018-12-04,0.4013712224238474
2018-12-06,0.3534789632118519
2018-12-07,0.256876547525593
2018-12-10,0.19216252998887604
2018-12-11,0.12185856103460947
2018-12-12,0.11433889499274837
2018-12-13,0.1203579540130749
2018-12-14,0.15010623594290937
2018-12-17,0.15820314268690522
2018-12-18,0.1750410290948671
2018-12-19,0.17607519576602546
2018-12-20,0.1850212236062103
2018-12-21,0.20123280890204692
2018-12-24,0.2385211016498481
2018-12-26,0.2375667381224123
2018-12-27,0.2587128270513123
2018-12-28,0.21355179258389234
2018-12-31,0.19405924843466357
2019-01-02,0.13377738955579385
2019-01-03,0.10636038499934436
2019-01-04,0.0883481918464717
2019-01-07,0.07065828107445499
2019-01-08,0.10212320990150184
2019-01-09,0.11703046380089537
2019-01-10,0.17081673975391556
2019-01-11,0.1857189008049463
2019-01-14,0.21004192923553655
2019-01-15,0.21241999654595167
2019-01-16,0.22926660597711426
2019-01-17,0.2524098958047789
2019-01-18,0.3367238673924252
2019-01-22,0.3403150516606994
2019-01-23,0.4180635817687741
2019-01-24,0.5310828851424693
2019-01-25,0.6456531833302102
2019-01-28,0.7426073337295931
2019-01-29,0.6339339880652768
2019-01-30,0.6283928113445658
2019-01-31,0.560070482555419
2019-02-01,0.3918311834250737
2019-02-04,0.25650559839640186
2019-02-05,0.25148972817385334
2019-02-06,0.09725367414677015
2019-02-07,0.03478801545058009
2019-02-08,0.026571106711898117
2019-02-11,0.017006703880920564
2019-02-12,0.005547120745946428
2019-02-13,0.004771775872418298
2019-02-14,0.005850562823169228
2019-02-15,0.004974452433255536
2019-02-19,0.005961852944044791
2019-02-20,0.008826911965534246
2019-02-21,0.00955525442195133
2019-02-22,0.013012352429005338
2019-02-25,0.015635676955516115
2019-02-26,0.020332271621874325
2019-02-27,0.030570730866148213
2019-02-28,0.053573463321466105
2019-03-01,0.060691558524523036
2019-03-04,0.05549699580601248
2019-03-05,0.04846995115183554
2019-03-06,0.055455137703322235
2019-03-07,0.06093994207678189
2019-03-08,0.058454774310859416
2019-03-11,0.05997772933375515
2019-03-12,0.08221327332309843
2019-03-13,0.11512889618215069
2019-03-14,0.11893342510141672
2019-03-15,0.1018734423756556
2019-03-18,0.09831185181508767
2019-03-19,0.09868443733405788
2019-03-20,0.08189965347752001
2019-03-21,0.06132364370855962
2019-03-22,0.05739668262019287
2019-03-25,0.05752539330129242
2019-03-26,0.03505667946145982
2019-03-27,0.022938047602858374
2019-03-28,0.032099905253534726
2019-03-29,0.026638669334796826
2019-04-01,0.02654468426805161
2019-04-02,0.032260381005277255
2019-04-03,0.029570453724445778
2019-04-04,0.036244584790578405
2019-04-05,0.05393898524745389
2019-04-08,0.08017638775853064
2019-04-09,0.07425713128605504
2019-04-10,0.08319133597250632
2019-04-11,0.12177661816224425
2019-04-12,0.11910164748535401
2019-04-15,0.1341695651098856
2019-04-16,0.13356256032414826
2019-04-17,0.1597391511905884
2019-04-18,0.19276075026115022
2019-04-22,0.22316267658898178
2019-04-23,0.1985651503224811
2019-04-24,0.2465490211048591
2019-04-25,0.2599439349563737
2019-04-26,0.198785508802021
2019-04-29,0.20511395320091808
2019-04-30,0.22265281593721947
2019-05-01,0.1997110429982253
2019-05-02,0.1492894325200515
2019-05-03,0.14736745755950104
2019-05-06,0.12406141161462149
2019-05-07,0.1086239920680824
2019-05-08,0.11527950011860381
2019-05-09,0.12139674859715532
2019-05-10,0.13007918411344
2019-05-13,0.1528292810895147
2019-05-14,0.18436778471592963
2019-05-15,0.18970934967421085
2019-05-16,0.20286158606642404
2019-05-17,0.19182006330561563
2019-05-20,0.20901779049771452
2019-05-21,0.20620475373223046
2019-05-22,0.19683929098573186
2019-05-23,0.1942204826115951
2019-05-24,0.19834850459515882
2019-05-28,0.20074036964417236
2019-05-29,0.18483294433444034
2019-05-30,0.17932931399985835
2019-05-31,0.15260950651046837
2019-06-03,0.184145308248771
2019-06-04,0.16955835493559818
2019-06-05,0.16568079213337314
2019-06-06,0.17937387733208637
2019-06-07,0.2343516229270869
2019-06-10,0.2684300352440163
2019-06-11,0.293975551277096
2019-06-12,0.31711643368380016
2019-06-13,0.4343678629899453
2019-06-14,0.4340277473966152
2019-06-17,0.405180731093017
2019-06-18,0.37738066567551765
2019-06-19,0.3890688985416095
2019-06-20,0.36703855671399566
2019-06-21,0.2974105520878394
2019-06-24,0.2873266370938179
2019-06-25,0.2904437598305541
2019-06-26,0.27688900660440985
2019-06-27,0.2405932150847065
2019-06-28,0.2541755716291489
2019-07-01,0.20953683967475306
2019-07-02,0.24269654541661895
2019-07-03,0.24383921782212858
2019-07-05,0.19824074367704117
2019-07-08,0.15808730770251944
2019-07-09,0.15945337631639087
2019-07-10,0.14240430753590702
2019-07-11,0.1354200342841111
2019-07-12,0.13765043822539585
2019-07-15,0.1397405853403025
2019-07-16,0.15515255050259386
2019-07-17,0.16733969416935704
2019-07-18,0.16593167364639036
2019-07-19,0.1554568026926448
2019-07-22,0.15692642733094478
2019-07-23,0.12949664633419147
2019-07-24,0.12260976163356022
2019-07-25,0.12403692626862718
2019-07-26,0.149491066681777
2019-07-29,0.17562178816352028
2019-07-30,0.18227921884934695
2019-07-31,0.17086878620548349
2019-08-01,0.15553263580418838
2019-08-02,0.15592865031319292
2019-08-05,0.1266015063318781
2019-08-06,0.11946454726983825
2019-08-07,0.12543936792897747
2019-08-08,0.13001245752897392
2019-08-09,0.1279003062980783
2019-08-12,0.12954493305549789
2019-08-13,0.12408475996564934
2019-08-14,0.11126434130771781
2019-08-15,0.1039627921411254
2019-08-16,0.118163873183595
2019-08-19,0.10029727177727643
2019-08-20,0.11887765014698227
2019-08-21,0.12334697227596798
2019-08-22,0.12273723465700112
2019-08-23,0.11758941757703956
2019-08-26,0.1322691643490725
2019-08-27,0.12037835020508839
2019-08-28,0.13139373720040146
2019-08-29,0.15011356015560212
2019-08-30,0.17457388013413075
2019-09-03,0.21550961968183188
2019-09-04,0.24339861643011698
2019-09-05,0.363635597066055
2019-09-06,0.3540530215834379
2019-09-09,0.36119474864069134
2019-09-10,0.2888550428466155
2019-09-11,0.2854527741885401
2019-09-12,0.2758854246722434
2019-09-13,0.21803458234249334
2019-09-16,0.27648900573772445
2019-09-17,0.3032667060997611
2019-09-18,0.2713067602005872
2019-09-19,0.21764440151804504
2019-09-20,0.24900604279909025
2019-09-23,0.20005720572803404
2019-09-24,0.18586176383554595
2019-09-25,0.23642014088639685
2019-09-26,0.2095125452531449
2019-09-27,0.2087898018403414
2019-09-30,0.18963380894941015
2019-10-01,0.16629870559289459
2019-10-02,0.14104466239404032
2019-10-03,0.14517986520140244
2019-10-04,0.12164736947839705
2019-10-07,0.09856562817150115
2019-10-08,0.08321970176222135
2019-10-09,0.06891206342617644
2019-10-10,0.05799341165117756
2019-10-11,0.04725252803611496
2019-10-14,0.025853361278861262
2019-10-15,0.017804492805787418
2019-10-16,0.020878508598579752
2019-10-17,0.017257967848612093
2019-10-18,0.02153249224427177
2019-10-21,0.02584525918227869
2019-10-22,0.029470395493354985
2019-10-23,0.03505493174765787
2019-10-24,0.04874016327777189
2019-10-25,0.04804838935157929
2019-10-28,0.0359444818706386
2019-10-29,0.054143683414716176
2019-10-30,0.044255974895938945
2019-10-31,0.0499654089823403
2019-11-01,0.0925202927517422
2019-11-04,0.13401091554711894
2019-11-05,0.1578911054096134
2019-11-06,0.20295358136311403
2019-11-07,0.3208881882427288
2019-11-08,0.3498065496148586
2019-11-11,0.4341784609076513
2019-11-12,0.41563827218577554
2019-11-13,0.3987312253780927
2019-11-14,0.2846758386991674
2019-11-15,0.25531961826057586
2019-11-18,0.19603153838995252
2019-11-19,0.20668686990006804
2019-11-20,0.18158388472483475
2019-11-21,0.15915962845009776
2019-11-22,0.12161188483153783
2019-11-25,0.12054345605312912
2019-11-26,0.09003603507475365
2019-11-27,0.09204188825547586
2019-11-29,0.09013363721935047
2019-12-02,0.12325330567250105
2019-12-03,0.14464902882685957
2019-12-04,0.17325847490789756
2019-12-05,0.21671434639347792
2019-12-06,0.16948701577439804
2019-12-09,0.1678025176696341
2019-12-10,0.11984465724761996
2019-12-11,0.11467491794622055
2019-12-12,0.10732531119792607
2019-12-13,0.11744438620506203
2019-12-16,0.11707128213946137
2019-12-17,0.10112675071359996
2019-12-18,0.07248680871785776
2019-12-19,0.07238050914995864
2019-12-20,0.05757737755368953
2019-12-23,0.04442381790800796
2019-12-24,0.03159086696590317
2019-12-26,0.02099850570036476
2019-12-27,0.03515799121746293
2019-12-30,0.04391870078402086
2019-12-31,0.05018577085100359
2020-01-02,0.08254114915131715
2020-01-03,0.151929868846999
2020-01-06,0.16321646373043489
2020-01-07,0.2817009203845841
2020-01-08,0.37085156961983157
2020-01-09,0.4401094596286285
2020-01-10,0.510312730198819
2020-01-13,0.6000198558092231
2020-01-14,0.626868469015551
2020-01-15,0.6099089299416727
2020-01-16,0.6662797376679096
2020-01-17,0.657893909296863
2020-01-21,0.6674760677889564
2020-01-22,0.7043147134473735
2020-01-23,0.6533713809885474
2020-01-24,0.6233231290808282
2020-01-27,0.5969304910337729
2020-01-28,0.5711552964136858
2020-01-29,0.47439904907218783
2020-01-30,0.4382900782644165
2020-01-31,0.4864250655314775
2020-02-03,0.4965044062978466
2020-02-04,0.4602146729628974
2020-02-05,0.503824172672924
2020-02-06,0.5260870409200916
2020-02-07,0.5224085150825006
2020-02-10,0.46055385666190557
2020-02-11,0.43285249263413117
2020-02-12,0.42343684083352523
2020-02-13,0.42326296159090276
2020-02-14,0.41401498393193553
2020-02-18,0.3998832670351712
2020-02-19,0.4122046908277238
2020-02-20,0.4077059697729949
2020-02-21,0.42638499378405054
2020-02-24,0.40137789305356275
2020-02-25,0.40065940365698066
2020-02-26,0.4141118034136485
2020-02-27,0.4612161513774729
2020-02-28,0.4034703627455631
2020-03-02,0.376283341919283
2020-03-03,0.36955336807775113
2020-03-04,0.3953123304575636
2020-03-05,0.3239349994493233
2020-03-06,0.23922051438432443
2020-03-09,0.1687243397883337
2020-03-10,0.12724123148819785
2020-03-11,0.1167051635500251
2020-03-12,0.08438605536345675
2020-03-13,0.0717981397274483
2020-03-16,0.05309469087846911
2020-03-17,0.04691774612164302
2020-03-18,0.035669756793355975
2020-03-19,0.028607372408164234
2020-03-20,0.02063656642764025
2020-03-23,0.02289454950632968
2020-03-24,0.019865652778891595
2020-03-25,0.03010671606094118
2020-03-26,0.05397252393074633
2020-03-27,0.06417769975960867
2020-03-30,0.13637267982429666
2020-03-31,0.20680731093437307
2020-04-01,0.16771930135330465
2020-04-02,0.2321597799658993
2020-04-03,0.15475368817082072
2020-04-06,0.18652159256882173
2020-04-07,0.18255670272803146
2020-04-08,0.3990585702638282
2020-04-09,0.23408794132304656
2020-04-13,0.4218240377977957
2020-04-14,0.7845153442607377
2020-04-15,0.6019956530660365
2020-04-16,0.8938611794913507
2020-04-17,0.8520965935986986
2020-04-20,0.9294060435514653
2020-04-21,0.8957556166292917
2020-04-22,0.9456033278748237
2020-04-23,0.9435580099401839
2020-04-24,0.7927280635925363
2020-04-27,0.643152299364636
2020-04-28,0.3094705217562571
2020-04-29,0.24771264920491864
2020-04-30,0.07594047603510502
2020-05-01,0.04558543328285171
2020-05-04,0.05213038319348621
2020-05-05,0.03540548002244282
2020-05-06,0.02917695015765745
2020-05-07,0.00789260111719126
2020-05-08,0.006549257626657071
2020-05-11,0.0022461935959038684
2020-05-12,0.0012182521957968524
2020-05-13,0.0006990763805806527
2020-05-14,0.000418430814287026
2020-05-15,0.0006589433130422664
2020-05-18,0.0008170536664053206
2020-05-19,0.000699457733182006
2020-05-20,0.0011296563881006642
2020-05-21,0.003579951485119858
2020-05-22,0.00451889254431046
2020-05-26,0.005284490780472755
2020-05-27,0.006796730587251333
2020-05-28,0.006008591857619422
2020-05-29,0.005908102634050544
2020-06-01,0.004437387342546348
2020-06-02,0.004534219121653443
2020-06-03,0.008494768278535248
2020-06-04,0.016379896902175405
2020-06-05,0.026157424732374025
2020-06-08,0.04702354659990221
2020-06-09,0.07148188750833437
2020-06-10,0.07434662386191829
2020-06-11,0.0796765063625426
2020-06-12,0.10085736824882884
2020-06-15,0.1272520151419325
2020-06-16,0.11344993261812143
2020-06-17,0.11830109131889881
2020-06-18,0.09143300285423844
2020-06-19,0.1074533796338551
2020-06-22,0.09655659868002806
2020-06-23,0.10352709714141257
2020-06-24,0.09730756753520478
2020-06-25,0.07474064591032872
2020-06-26,0.05210376349711777
2020-06-29,0.04806381222143327
2020-06-30,0.038443436155705585
2020-07-01,0.03247114675500014
2020-07-02,0.028860606463911895
2020-07-06,0.028117092789860756
2020-07-07,0.0292474275608973
2020-07-08,0.01980332941497813
2020-07-09,0.016209106993195714
2020-07-10,0.017994355604928236
2020-07-13,0.01978022646805132
2020-07-14,0.057250395894962114
2020-07-15,0.07663246272296123
2020-07-16,0.10232277453850835
2020-07-17,0.10384741010565804
2020-07-20,0.14100975006218971
2020-07-21,0.11573781826946469
2020-07-22,0.11910215946542109
2020-07-23,0.12028320213115984
2020-07-24,0.13361402549120455
2020-07-27,0.18199800399192198
2020-07-28,0.1916324502526985
2020-07-29,0.2698184470948895
2020-07-30,0.25256335870770613
2020-07-31,0.20679644463062888
2020-08-03,0.16292062921645933
2020-08-04,0.1259770989532507
2020-08-05,0.0515890997495681
2020-08-06,0.04988946794517859
2020-08-07,0.036658175303521966
2020-08-10,0.04558166456439064
2020-08-11,0.03629469398216335
2020-08-12,0.04817499293838955
2020-08-13,0.057530307484903766
2020-08-14,0.039548966595265314
2020-08-17,0.03886752958840046
2020-08-18,0.0462259990903645
2020-08-19,0.05064921504125808
2020-08-20,0.046837632753649265
2020-08-21,0.06025973535996435
2020-08-24,0.08675094506363185
2020-08-25,0.08187829218628265
2020-08-26,0.09879383045147344
2020-08-27,0.13045749435581008
2020-08-28,0.1474498810286528
2020-08-31,0.19426994440791714
2020-09-01,0.2109025869656152
2020-09-02,0.19971480441398815
2020-09-03,0.21324260137058274
2020-09-04,0.23203119002881714
2020-09-08,0.20491501443931237
2020-09-09,0.19795607508066057
2020-09-10,0.19102856996123663
2020-09-11,0.21920749630686764
2020-09-14,0.1964609524942412
2020-09-15,0.1899589323641743
2020-09-16,0.18073800341618232
2020-09-17,0.18361649576231595
2020-09-18,0.17276956675299607
2020-09-21,0.17906420769644132
2020-09-22,0.16092162792241002
2020-09-23,0.1546519619455399
2020-09-24,0.1161962003054822
2020-09-25,0.11116013648987644
2020-09-28,0.08599310975610812
2020-09-29,0.07056341482126509
2020-09-30,0.06432034969094035
2020-10-01,0.05442374661019227
2020-10-02,0.036274433804521056
2020-10-05,0.03106644279489457
2020-10-06,0.06326234857047011
2020-10-07,0.07579863066265848
2020-10-08,0.11021707125541887
2020-10-09,0.1343177679907373
2020-10-12,0.2541151397989146
2020-10-13,0.32651364724544946
2020-10-14,0.32681288349100585
2020-10-15,0.36288815099284444
2020-10-16,0.40779717584114056
2020-10-19,0.4552078677348094
2020-10-20,0.48648216449357096
2020-10-21,0.5790607368381709
2020-10-22,0.5577450509064412
2020-10-23,0.6643401648159409
2020-10-26,0.6768405638479945
2020-10-27,0.6376297051309021
2020-10-28,0.5666833576982988
2020-10-29,0.548122180280802
2020-10-30,0.44982807448232737
2020-11-02,0.33130714335338296
2020-11-03,0.31803295174116003
2020-11-04,0.24677759906364313
2020-11-05,0.25170303790107845
2020-11-06,0.196114096398168
2020-11-09,0.1697979246244002
2020-11-10,0.1373099872935267
2020-11-11,0.10065020483041347
2020-11-12,0.09172343291222153
2020-11-13,0.09217974752096059
2020-11-16,0.09072901284273478
2020-11-17,0.10118715552692349
2020-11-18,0.14284611065161074
2020-11-19,0.1559793841071711
2020-11-20,0.1669060720840684
2020-11-23,0.17286518186981567
2020-11-24,0.18243970990989203
2020-11-25,0.24294148103953825
2020-11-27,0.26828360542605056
2020-11-30,0.4334700003051308
2020-12-01,0.44278227510947343
2020-12-02,0.5118436662994613
2020-12-03,0.4755058788786995
2020-12-04,0.44109476041459894
2020-12-07,0.3205194760812099
2020-12-08,0.24542395437479123
2020-12-09,0.190374683231913
2020-12-10,0.13559834913912483
2020-12-11,0.11645492881526043
2020-12-14,0.10668818613603166
2020-12-15,0.11672925930110213
2020-12-16,0.10704570763169005
2020-12-17,0.0977870434748997
2020-12-18,0.10848341024223414
2020-12-21,0.14011029303322808
2020-12-22,0.146937700255108
2020-12-23,0.17079701534063074
2020-12-24,0.17794722934257773
2020-12-28,0.1784587570131405
2020-12-29,0.190058856257548
2020-12-30,0.19275651722338566
2020-12-31,0.21771129579776088
2021-01-04,0.2286345128527864
2021-01-05,0.22005889204305895
2021-01-06,0.2350713303490507
2021-01-07,0.21185525013783288
2021-01-08,0.2181573554745467
2021-01-11,0.22126979131193245
2021-01-12,0.235196058088002
2021-01-13,0.25960827482803267
2021-01-14,0.27721732241988634
2021-01-15,0.31452398151567484
2021-01-19,0.31629558679231673
2021-01-20,0.3249758698669483
2021-01-21,0.29280777270555924
2021-01-22,0.30178908853655795
2021-01-25,0.3112164876414955
2021-01-26,0.29325106638825094
2021-01-27,0.24045881363598817
2021-01-28,0.24427028456546124
2021-01-29,0.2065379537880272
2021-02-01,0.19435514044016644
2021-02-02,0.14065903172238559
2021-02-03,0.13237694971542624
2021-02-04,0.17853808157287693
2021-02-05,0.1955812060743156
2021-02-08,0.19425477943008718
2021-02-09,0.1705898016324213
2021-02-10,0.1884527196139523
2021-02-11,0.20055170401957725
2021-02-12,0.21140289180528396
2021-02-16,0.20329735003737753
2021-02-17,0.23569309791674947
2021-02-18,0.2676415575587167
2021-02-19,0.27339155540474497
2021-02-22,0.22850165099153324
2021-02-23,0.20047443369798662
2021-02-24,0.13000909628005203
2021-02-25,0.06893387770513579
2021-02-26,0.04899579085130969
2021-03-01,0.03031869169717637
2021-03-02,0.01833820451070016
2021-03-03,0.04164296956553191
2021-03-04,0.02663231450017269
2021-03-05,0.04406672073160969
2021-03-08,0.0360149216786564
2021-03-09,0.03293438045355096
2021-03-10,0.008748330941439075
2021-03-11,0.013618218970668353
2021-03-12,0.00547711496938325
2021-03-15,0.0011000192847959679
2021-03-16,0.0031239835845200668
2021-03-17,0.000653865158486814
2021-03-18,0.00132598393471145
2021-03-19,0.0007765362872224842
2021-03-22,0.001620017938852484
2021-03-23,0.0009944467863941663
2021-03-24,0.0013957725112987097
2021-03-25,0.0066571651979362816
2021-03-26,0.013446900278053415
2021-03-29,0.08704752241457817
2021-03-30,0.15482258610682764
2021-03-31,0.38817024143012774
2021-04-01,0.5607890772282872
2021-04-05,0.614139606306876
2021-04-06,0.774001510133642
2021-04-07,0.7559522527201229
2021-04-08,0.9184950961661484
2021-04-09,0.921413749636413
2021-04-12,0.9661023522792815
2021-04-13,0.9752801490921617
2021-04-14,0.9766596128210269
2021-04-15,0.9836271317420411
2021-04-16,0.974710302151904
2021-04-19,0.9702352714376403
2021-04-20,0.9776072546115552
2021-04-21,0.967123084284854
2021-04-22,0.9180361349572393
2021-04-23,0.9185790871694623
2021-04-26,0.9099717400368582
2021-04-27,0.8861515909113765
2021-04-28,0.8745921292752851
2021-04-29,0.872344908865575
2021-04-30,0.9056731636640183
2021-05-03,0.8816208238724407
2021-05-04,0.7686838073806791
2021-05-05,0.6914420281441198
2021-05-06,0.6533393850114457
2021-05-07,0.5542037404681592
2021-05-10,0.5123699040245181
2021-05-11,0.5459800141919382
2021-05-12,0.5656115732309333
2021-05-13,0.4717670804582143
2021-05-14,0.42177858195598866
2021-05-17,0.39436023973818224
2021-05-18,0.3590138564424887
2021-05-19,0.4751492572657618
2021-05-20,0.4978635795941976
2021-05-21,0.5573665239368113
2021-05-24,0.615409520496442
2021-05-25,0.6401489604670696
2021-05-26,0.684330147401476
2021-05-27,0.7469700665456698
2021-05-28,0.7593230545403057
2021-06-01,0.7781243238370943
2021-06-02,0.8266893547791992
2021-06-03,0.8432046613998684
2021-06-04,0.875004910197881
2021-06-07,0.8732567307023689
2021-06-08,0.9017094457574905
2021-06-09,0.9104311800346874
2021-06-10,0.9171607882385074
2021-06-11,0.9173470100345588
2021-06-14,0.8558085831057428
2021-06-15,0.8214162468773423
2021-06-16,0.7594162057841605
2021-06-17,0.7598639234685797
2021-06-18,0.737761986196591
2021-06-21,0.7426870546721517
2021-06-22,0.6906957956423113
2021-06-23,0.7052400756260204
2021-06-24,0.6569720084046713
2021-06-25,0.5312176816899616
2021-06-28,0.5134093467629425
2021-06-29,0.39393681329639346
2021-06-30,0.3924757079253023
2021-07-01,0.419597663153345
2021-07-02,0.4459654027715867
2021-07-06,0.492363140385235
2021-07-07,0.5711575693626171
2021-07-08,0.5831271640114565
2021-07-09,0.6328286958994215
2021-07-12,0.643744281287902
2021-07-13,0.6756234822704801
2021-07-14,0.625888619940111
2021-07-15,0.6584731260383249
2021-07-16,0.6855041339661364
2021-07-19,0.7037854600011513
2021-07-20,0.7199569496809372
2021-07-21,0.7978712216923416
2021-07-22,0.7810528960934948
2021-07-23,0.7838324005873527
2021-07-26,0.7511857298921285
2021-07-27,0.6948347587711288
2021-07-28,0.6580014548211237
2021-07-29,0.576184283145235
2021-07-30,0.5673811126506123
2021-08-02,0.5271428483880953
2021-08-03,0.527530630729341
2021-08-04,0.5187114078301645
2021-08-05,0.5466136943803586
2021-08-06,0.5484360569708011
2021-08-09,0.6072190222222242
2021-08-10,0.5809004460946838
2021-08-11,0.5858078995297205
2021-08-12,0.5640799868285702
2021-08-13,0.6041098770294868
2021-08-16,0.5988602973960927
2021-08-17,0.6292873509342678
2021-08-18,0.705353865566923
2021-08-19,0.7050284004457431
2021-08-20,0.678973966789641
2021-08-23,0.6862402545731542
2021-08-24,0.6544632490461848
2021-08-25,0.6355520697261101
2021-08-26,0.6405860284116905
2021-08-27,0.6664623094520534
2021-08-30,0.6600493308031764
2021-08-31,0.7051243954004058
2021-09-01,0.716581985296173
2021-09-02,0.706348548506007
2021-09-03,0.7549537071508775
2021-09-07,0.6300782976137198
2021-09-08,0.5642284675883388
2021-09-09,0.4165767435031538
2021-09-10,0.4228473214986293
2021-09-13,0.2820014071015709
2021-09-14,0.24663456453039417
2021-09-15,0.26026521012846154
2021-09-16,0.28527325246259644
2021-09-17,0.30153291340460414
2021-09-20,0.3372649267771289
2021-09-21,0.3194368807963014
2021-09-22,0.26300296622532976
2021-09-23,0.2566041320072721
2021-09-24,0.18136217124954176
2021-09-27,0.1641585526902161
2021-09-28,0.20930447330747554
2021-09-29,0.24855748748416537
2021-09-30,0.2520963427379902
2021-10-01,0.33602324464213507
2021-10-04,0.418004377867685
2021-10-05,0.4249681692865794
2021-10-06,0.508213818223378
2021-10-07,0.5028877099983662
2021-10-08,0.5722714270874287
2021-10-11,0.6370125307976285
2021-10-12,0.7212921592489144
2021-10-13,0.7789955518969403
2021-10-14,0.812598238266586
2021-10-15,0.7967541949515734
2021-10-18,0.7996336817507099
2021-10-19,0.8121293432191742
2021-10-20,0.7948602098125191
2021-10-21,0.7827092486643086
2021-10-22,0.7423811347591458
2021-10-25,0.6952888102834331
2021-10-26,0.6580000960775844
2021-10-27,0.5629834689689414
2021-10-28,0.5780780410633493
2021-10-29,0.4100101829283202
2021-11-01,0.4574410394459436
2021-11-02,0.351358837009933
2021-11-03,0.4194292448795684
2021-11-04,0.42509139450962474
2021-11-05,0.5180000408255193
2021-11-08,0.5761502081074525
2021-11-09,0.64034215895797
2021-11-10,0.7324384757575143
2021-11-11,0.7708995228149121
2021-11-12,0.7992366528338942
2021-11-15,0.7341162187570517
2021-11-16,0.7423287121766652
2021-11-17,0.7445597276638837
2021-11-18,0.6908755703713749
2021-11-19,0.609728146449896
2021-11-22,0.5943272547786078
2021-11-23,0.5428538051148792
2021-11-24,0.5022998946694793
2021-11-26,0.5184663302425194
2021-11-29,0.5251395889588087
2021-11-30,0.47182172003209694
2021-12-01,0.4328733428066379
2021-12-02,0.4330766990226981
2021-12-03,0.3929512957260222
2021-12-06,0.3426824923757845
2021-12-07,0.34455074361231874
2021-12-08,0.32791351420887455
2021-12-09,0.3242731242874205
2021-12-10,0.31317942927264864
2021-12-13,0.34469311359432275
2021-12-14,0.349788895151075
2021-12-15,0.3182296967881095
2021-12-16,0.35941299844079994
2021-12-17,0.36820802898730637
2021-12-20,0.3974627222877609
2021-12-21,0.3733778028368913
2021-12-22,0.3723800450387201
2021-12-23,0.3655228465798048
2021-12-27,0.3554868432455873
2021-12-28,0.3496439353503449
2021-12-29,0.46851097908747324
2021-12-30,0.44188742112548235
2021-12-31,0.5364965427377452
2022-01-03,0.6424097591530978
2022-01-04,0.5907314206058152
2022-01-05,0.6329083236794152
2022-01-06,0.626517527691488
2022-01-07,0.589756842802578
2022-01-10,0.55425531850054
2022-01-11,0.5463409495475998
2022-01-12,0.4859861443642089
2022-01-13,0.5060107583746816
2022-01-14,0.5017519821779537
2022-01-18,0.405730492732974
2022-01-19,0.4371476653467677
2022-01-20,0.5245029005625536
2022-01-21,0.5649330048428483
2022-01-24,0.48877545553076945
2022-01-25,0.4789861345382657
2022-01-26,0.44100746273594105
2022-01-27,0.26863452154467093
2022-01-28,0.2464445874223797
2022-01-31,0.16328352274143754
2022-02-01,0.1741298112121865
2022-02-02,0.19959984480648335
2022-02-03,0.20183442087605324
2022-02-04,0.23907888855449527
2022-02-07,0.354388459131433
2022-02-08,0.42692684095012107
2022-02-09,0.4693673976181051
2022-02-10,0.5136885334723154
2022-02-11,0.5102803473992913
2022-02-14,0.5091688580529173
2022-02-15,0.5460221688360833
2022-02-16,0.520434812525225
2022-02-17,0.5615532674671183
2022-02-18,0.6096228896907514
2022-02-22,0.6504974562203859
2022-02-23,0.7213270389076392
2022-02-24,0.7605533513028807
2022-02-25,0.7256561351961722
2022-02-28,0.6820724916348788
2022-03-01,0.736875933530309
2022-03-02,0.5792046038963323
2022-03-03,0.38358872009895595
2022-03-04,0.2525975472271616
2022-03-07,0.21669642131107864
2022-03-08,0.19079393600021455
2022-03-09,0.1827538829964686
2022-03-10,0.20588466982123435
2022-03-11,0.23527432197318485
2022-03-14,0.21810882498791342
2022-03-15,0.27914941193258846
2022-03-16,0.33121091518866297
2022-03-17,0.3585289260588507
2022-03-18,0.2665607683215397
2022-03-21,0.26744648344747574
2022-03-22,0.33987812800857287
2022-03-23,0.32176207925765776
2022-03-24,0.32533625753148177
2022-03-25,0.4416198873018385
2022-03-28,0.49609054896751476
2022-03-29,0.4219859575255767
2022-03-30,0.4298988065593369
2022-03-31,0.49055977042686305
2022-04-01,0.4197639478209096
2022-04-04,0.42847882540827725
2022-04-05,0.4374249744168581
2022-04-06,0.5598352438533556
2022-04-07,0.6088563316816237
2022-04-08,0.5761829382108157
2022-04-11,0.5870077431277416
2022-04-12,0.6275423667483162
2022-04-13,0.6029545590472529
2022-04-14,0.5274119822144309
2022-04-18,0.4365001670693768
2022-04-19,0.32232590107659415
2022-04-20,0.20111947665454175
2022-04-21,0.16684724140087268
2022-04-22,0.09805921387562795
2022-04-25,0.1036298869835447
2022-04-26,0.08149819942378338
2022-04-27,0.07378480463080993
2022-04-28,0.057885019091465637
2022-04-29,0.049977281131683114
2022-05-02,0.041768392125235185
2022-05-03,0.047891552037575946
2022-05-04,0.041656523670998154
2022-05-05,0.03776294799773393
2022-05-06,0.05467157627794982
2022-05-09,0.08323289821223125
2022-05-10,0.0742918974628286
2022-05-11,0.07593314814080698
2022-05-12,0.08491138312133929
2022-05-13,0.11443095761379446
2022-05-16,0.12244679393000288
2022-05-17,0.14912435491029516
2022-05-18,0.14570672100384405
2022-05-19,0.11828505163887254
2022-05-20,0.12857329491434383
2022-05-23,0.14252960386137262
2022-05-24,0.21872339027530693
2022-05-25,0.2138522995510086
2022-05-26,0.3375097312798795
2022-05-27,0.37577036820125925
2022-05-31,0.3170703039041376
2022-06-01,0.40798803698649155
2022-06-02,0.4015602497332062
2022-06-03,0.3338396216392255
2022-06-06,0.23438049930671898
2022-06-07,0.32942524538795204
2022-06-08,0.32104418812030344
2022-06-09,0.4044718294905367
2022-06-10,0.4162739309091525
2022-06-13,0.5081507437984754
2022-06-14,0.507408428138639
2022-06-15,0.40084877485919557
2022-06-16,0.33025158279980416
2022-06-17,0.21053723799216184
2022-06-21,0.20228378626135918
2022-06-22,0.1915815006745189
2022-06-23,0.17906672629294626
2022-06-24,0.13480999807432892
2022-06-27,0.15781453721112998
2022-06-28,0.13608618875161343
2022-06-29,0.09137753943947202
2022-06-30,0.0492054743930829
2022-07-01,0.045296135448737944
2022-07-05,0.04298069637436164
2022-07-06,0.03067316090277069
2022-07-07,0.031924496278752074
2022-07-08,0.03349971012682258
2022-07-11,0.026444325666487224
2022-07-12,0.03557787705624585
2022-07-13,0.057927240454107375
2022-07-14,0.09625517148310431
2022-07-15,0.20647127546843697
2022-07-18,0.2858698695159288
2022-07-19,0.2827325920266023
2022-07-20,0.3538143147530713
2022-07-21,0.4077360522717007
2022-07-22,0.3255277900936648
2022-07-25,0.30429977500593997
2022-07-26,0.29166333532920774
2022-07-27,0.19432259121413872
2022-07-28,0.14871450291241717
2022-07-29,0.15482476972607445
2022-08-01,0.13152953636543938
2022-08-02,0.11173963081775405
2022-08-03,0.0881693409303404
2022-08-04,0.08663218271292092
2022-08-05,0.06542034393040501
2022-08-08,0.046697670288250163
2022-08-09,0.03605001218976828
2022-08-10,0.03524643832606511
2022-08-11,0.03618094268366058
2022-08-12,0.04013123126247247
2022-08-15,0.05055888367542649
2022-08-16,0.04602292986078122
2022-08-17,0.054304749574386676
2022-08-18,0.03455548300242075
2022-08-19,0.025392911682645222
2022-08-22,0.018622252116713083
2022-08-23,0.021069224461090053
2022-08-24,0.020330314338737013
2022-08-25,0.02428024191859931
2022-08-26,0.019251531665567933
2022-08-29,0.01643270769155616
2022-08-30,0.015093914267406984
2022-08-31,0.015922369709229015
2022-09-01,0.015177146984759894
2022-09-02,0.012290954933662428
2022-09-06,0.013959596196187456
2022-09-07,0.015489810727978911
2022-09-08,0.015787180187765506
2022-09-09,0.017128839269419372
2022-09-12,0.013532069364627707
2022-09-13,0.012941364175046894
2022-09-14,0.010534110503887351
2022-09-15,0.008776966110056194
2022-09-16,0.009109380414972522
2022-09-19,0.009995557938367669
2022-09-20,0.008677709111270695
2022-09-21,0.008891369375548254
2022-09-22,0.01420970658452821
2022-09-23,0.020685530015396032
2022-09-26,0.029848257121607453
2022-09-27,0.03277075069658056
2022-09-28,0.06512756066609347
2022-09-29,0.06508914021218633
2022-09-30,0.08648038378269342
2022-10-03,0.09097366373768691
2022-10-04,0.11244534434342746
2022-10-05,0.10385817207079089
2022-10-06,0.1289467301263141
2022-10-07,0.10821712957306034
2022-10-10,0.10995417599536969
2022-10-11,0.08147341173723217
2022-10-12,0.058042327720240414
2022-10-13,0.08394026210291901
2022-10-14,0.07733204274502953
2022-10-17,0.10633658230918518
2022-10-18,0.13874808367569105
2022-10-19,0.15519451625942166
2022-10-20,0.18351711473657234
2022-10-21,0.24341246394642718
2022-10-24,0.2737560212559273
2022-10-25,0.32169187789770914
2022-10-26,0.3790433827066936
2022-10-27,0.40230059995171913
2022-10-28,0.2999237791038297
2022-10-31,0.3637743726873917
2022-11-01,0.38275433781630425
2022-11-02,0.26731746750365565
2022-11-03,0.1583791415547038
2022-11-04,0.14951925049244555
2022-11-07,0.132069699521382
2022-11-08,0.14325897406500226
2022-11-09,0.13257155639615237
2022-11-10,0.12575645321558188
2022-11-11,0.10833662696871055
2022-11-14,0.06525590040785442
2022-11-15,0.07222520930496786
2022-11-16,0.03856098081013413
2022-11-17,0.024317069149970855
2022-11-18,0.019838726994881137
2022-11-21,0.02141059020438314
2022-11-22,0.012225449384051297
2022-11-23,0.008761244034605166
2022-11-25,0.006519111464923144
2022-11-28,0.006576771168137026
2022-11-29,0.0040824787065654915
2022-11-30,0.003186956766214254
2022-12-01,0.0026418709000907903
2022-12-02,0.002284860240520117
2022-12-05,0.0035782674114644398
2022-12-06,0.00398157768495112
2022-12-07,0.004508012346893721
2022-12-08,0.0070993143664798575
2022-12-09,0.009987287491956801
2022-12-12,0.014497508017093073
2022-12-13,0.00971811693115648
2022-12-14,0.008105741191742536
2022-12-15,0.008695995751003542
2022-12-16,0.009672868884570678
2022-12-19,0.008857656392827817
2022-12-20,0.008665995452890584
2022-12-21,0.008167756218997058
2022-12-22,0.012016027947437119
2022-12-23,0.012369720866140724
2022-12-27,0.012958090107680566
2022-12-28,0.01765740754739749
2022-12-29,0.026393896023941123
2022-12-30,0.03035610788816553
2023-01-03,0.021055771194796864
2023-01-04,0.020736158823366654
2023-01-05,0.023508279130694684
2023-01-06,0.02950698351372615
2023-01-09,0.027473419131357642
2023-01-10,0.03225882754423306
2023-01-11,0.0318227103677127
2023-01-12,0.03875403809403418
2023-01-13,0.03433694090409718
2023-01-17,0.030201623569091108
2023-01-18,0.024744637548140345
2023-01-19,0.03548921341145973
2023-01-20,0.032876490238247465
2023-01-23,0.03283466205402598
2023-01-24,0.027310512429057816
2023-01-25,0.017392093643017522
2023-01-26,0.018533018978797708
2023-01-27,0.012730434631130863
2023-01-30,0.01170953183567548
2023-01-31,0.0126849658120688
2023-02-01,0.016667147909470468
2023-02-02,0.023360449453093443
2023-02-03,0.03250939139887923
2023-02-06,0.04068993234843172
2023-02-07,0.04157060118414798
2023-02-08,0.03714389463083899
2023-02-09,0.03483151223960416
2023-02-10,0.03196396424252204
2023-02-13,0.02995208373635673
2023-02-14,0.021005988108824855
2023-02-15,0.01444778420534915
2023-02-16,0.012784709254400195
2023-02-17,0.019369118080215166
2023-02-21,0.022328437077252874
2023-02-22,0.0143365328003377
2023-02-23,0.01228914834302356
2023-02-24,0.010746120309948088
2023-02-27,0.007044982893088643
2023-02-28,0.005624574322546379
2023-03-01,0.007115137349563692
2023-03-02,0.009284907578165306
2023-03-03,0.007308432113381645
2023-03-06,0.010633575144724985
2023-03-07,0.010557446550399448
2023-03-08,0.012451617682590111
2023-03-09,0.009201285051081356
2023-03-10,0.007462525843839979
2023-03-13,0.012680143899608715
2023-03-14,0.01634860958710546
2023-03-15,0.01566033213712619
2023-03-16,0.014770712522355041
2023-03-17,0.024806168599530998
2023-03-20,0.03550889654549571
2023-03-21,0.06134056790988361
2023-03-22,0.10397531944150873
2023-03-23,0.1908802293173379
2023-03-24,0.28529914049333643
2023-03-27,0.2831740783896143
2023-03-28,0.372571583336235
2023-03-29,0.39098517031326085
2023-03-30,0.4242802629253793
2023-03-31,0.4806704085006595
2023-04-03,0.4406628851120229
2023-04-04,0.30679139508337333
2023-04-05,0.2646402289228451
2023-04-06,0.2807125917147541
2023-04-10,0.183969168032603
2023-04-11,0.1552865455165136
2023-04-12,0.18651778123683832
2023-04-13,0.18230508353284344
2023-04-14,0.10138372724655878
2023-04-17,0.08574084702212148
2023-04-18,0.06344733067582363
2023-04-19,0.04663388684924405
2023-04-20,0.03220684190670437
2023-04-21,0.0313287425945826
2023-04-24,0.038482239328428744
2023-04-25,0.03186067018471026
2023-04-26,0.018758162306960983
2023-04-27,0.019145534414360732
2023-04-28,0.012169176289993885
2023-05-01,0.008285158761658796
2023-05-02,0.009736461848334958
2023-05-03,0.005005145895794503
2023-05-04,0.004473701261175915
2023-05-05,0.00533955551075457
2023-05-08,0.0098842351174724
2023-05-09,0.006100665373832737
2023-05-10,0.007246106733122095
2023-05-11,0.005925284706629686
2023-05-12,0.007460039480017461
2023-05-15,0.00450023194942144
2023-05-16,0.004865011254071383
2023-05-17,0.007170004064769492
2023-05-18,0.009010453992833449
2023-05-19,0.01524426447570005
2023-05-22,0.0140421586693267
2023-05-23,0.01827818141615731
2023-05-24,0.022072280443674396
2023-05-25,0.04272773092191654
2023-05-26,0.047556158078086365
2023-05-30,0.05434612416225472
2023-05-31,0.0821313241755319
2023-06-01,0.15627019359528183
2023-06-02,0.1873064243887187
2023-06-05,0.21473473049249933
2023-06-06,0.33878608107709673
2023-06-07,0.2992348924855151
2023-06-08,0.31297899370566573
2023-06-09,0.35735906082540386
2023-06-12,0.2995342887841946
2023-06-13,0.2001783808626957
2023-06-14,0.122292673424218
2023-06-15,0.053852111759505994
2023-06-16,0.037933052336364355
2023-06-20,0.028498452436432092
2023-06-21,0.01294628280425068
2023-06-22,0.01092657963558155
2023-06-23,0.015368450952544542
2023-06-26,0.018598177005195952
2023-06-27,0.027185390419148706
2023-06-28,0.053822164241946045
2023-06-29,0.06384233038414093
2023-06-30,0.062004646451133
2023-07-03,0.0813995915729236
2023-07-05,0.07260571889465035
2023-07-06,0.06868430520506831
2023-07-07,0.08041715210149118
2023-07-10,0.0941466985328602
2023-07-11,0.13661135613920777
2023-07-12,0.1634884782821869
2023-07-13,0.17492122187268144
2023-07-14,0.16070566601699085
2023-07-17,0.14575049717687058
2023-07-18,0.11993400613034473
2023-07-19,0.1168473861035319
2023-07-20,0.10620415270272288
2023-07-21,0.15447699607104654
2023-07-24,0.19435156813609233
2023-07-25,0.24705639062649817
2023-07-26,0.2854366308945228
2023-07-27,0.365228110769324
2023-07-28,0.328066319988577
2023-07-31,0.4235416144276384
2023-08-01,0.4562413155302665
2023-08-02,0.47896591983208486
2023-08-03,0.4592851244220272
2023-08-04,0.4603754719826296
2023-08-07,0.5338728301765616
2023-08-08,0.53472638686156
2023-08-09,0.5206698459740988
2023-08-10,0.4929796316145429
2023-08-11,0.44594627283266686
2023-08-14,0.4419809497659492
2023-08-15,0.39498389142428003
2023-08-16,0.39705655787785127
2023-08-17,0.36359158904986555
2023-08-18,0.3484491294417483
2023-08-21,0.33367265293184273
2023-08-22,0.3313696186696983
2023-08-23,0.2611534953578425
2023-08-24,0.1772391016246175
2023-08-25,0.1467929451193599
2023-08-28,0.13350149856479065
2023-08-29,0.12140094761450534
2023-08-30,0.07025091698102112
2023-08-31,0.06406666502094321
2023-09-01,0.06464939459592695
2023-09-05,0.05576398354882687
2023-09-06,0.058817350564699084
2023-09-07,0.05141719877398785
2023-09-08,0.057106865652192536
2023-09-11,0.08660799917372201
2023-09-12,0.10751983520483259
2023-09-13,0.15075105381637657
2023-09-14,0.20365857751509223
2023-09-15,0.180180920251555
2023-09-18,0.2231583098077041
2023-09-19,0.23188766946657952
2023-09-20,0.21564254059464066
2023-09-21,0.21028747465247885
2023-09-22,0.2030134111507882
2023-09-25,0.1383083872005068
2023-09-26,0.13491792654213364
2023-09-27,0.0944982766217894
2023-09-28,0.0687569372068791
2023-09-29,0.04695301541362921
2023-10-02,0.05451914334882799
2023-10-03,0.038937837873346495
2023-10-04,0.030429753650894918
2023-10-05,0.0486680701456958
2023-10-06,0.09519317664731437
2023-10-09,0.11404973734424537
2023-10-10,0.1321446039733689
2023-10-11,0.1196830647617072
2023-10-12,0.13873804454798172
2023-10-13,0.1266705627197123
2023-10-16,0.10116443532767262
2023-10-17,0.16216522498648384
2023-10-18,0.14715627655327518
2023-10-19,0.23813427899809558
2023-10-20,0.3641674074533327
2023-10-23,0.496925640423143
2023-10-24,0.5198479397733221
2023-10-25,0.66017527780487
2023-10-26,0.7728773345034223
2023-10-27,0.8258994795167894
2023-10-30,0.8037979868112886
2023-10-31,0.8065995620565147
2023-11-01,0.8468450978021309
2023-11-02,0.8353689749252774
2023-11-03,0.7785566450972229
2023-11-06,0.6935070264397839
2023-11-07,0.5897519643164071
2023-11-08,0.5362857390425019
2023-11-09,0.4490805155472814
2023-11-10,0.37256170985075326
2023-11-13,0.2747966690027178
2023-11-14,0.4319004626880318
2023-11-15,0.4318739287003998
2023-11-16,0.38621110113597096
2023-11-17,0.4622502249069849
2023-11-20,0.5070128815802325
2023-11-21,0.5192427459870645
2023-11-22,0.5270897528306207
2023-11-24,0.4956021477874418
2023-11-27,0.5882402352114181
2023-11-28,0.6681160856939105
2023-11-29,0.6927734148849674
2023-11-30,0.6034541670262971
2023-12-01,0.585646654220693
2023-12-04,0.6302542028403684
2023-12-05,0.516618450453714
2023-12-06,0.4014503692489137
2023-12-07,0.2795366658054767
2023-12-08,0.1882873247324406
2023-12-11,0.1294873300768666
2023-12-12,0.12106456806119856
2023-12-13,0.07165808205224333
2023-12-14,0.0818534382374615
2023-12-15,0.07413740803220871
2023-12-18,0.06857251335769894
2023-12-19,0.0457317403337343
2023-12-20,0.03819328506201148
2023-12-21,0.027179596667387562
2023-12-22,0.025769710842353095
2023-12-26,0.028010575837532612
2023-12-27,0.02599683059036035
2023-12-28,0.035666683805187775
2023-12-29,0.046127522602808925
2024-01-02,0.05005937777565408
2024-01-03,0.06940462677633666
2024-01-04,0.08171916438018771
2024-01-05,0.09969664376635698
2024-01-08,0.1329641487792857
2024-01-09,0.14788417307280458
2024-01-10,0.19491955304768138
2024-01-11,0.21578033425852725
2024-01-12,0.26191167029088325
2024-01-16,0.3131883540108883
2024-01-17,0.33188847978337577
2024-01-18,0.3594119609877467
2024-01-19,0.3786632172924852
2024-01-22,0.3165480341963511
2024-01-23,0.255438332623885
2024-01-24,0.33515632538441525
2024-01-25,0.338165239171102
2024-01-26,0.33700935707699176
2024-01-29,0.34465390125839734
2024-01-30,0.4179463753962967
2024-01-31,0.42608041736688795
2024-02-01,0.37903334248852355
2024-02-02,0.4436716306612755
2024-02-05,0.5198430819412462
2024-02-06,0.596105911876629
2024-02-07,0.5762830087839451
2024-02-08,0.5315626475535014
2024-02-09,0.5824238043117645
2024-02-12,0.5030395723705786
2024-02-13,0.42241037937982145
2024-02-14,0.38964394957445303
2024-02-15,0.4253759814532046
2024-02-16,0.42025395718557096
2024-02-20,0.3975097571399603
2024-02-21,0.30363163509302094
2024-02-22,0.2637254005625654
2024-02-23,0.1773333789085348
2024-02-26,0.13871069164778277
2024-02-27,0.11279591320684289
2024-02-28,0.0888099097496123
2024-02-29,0.07629469053011939
2024-03-01,0.0754622949910032
2024-03-04,0.09013960270079201
2024-03-05,0.09267007329943878
2024-03-06,0.11656509534048311
2024-03-07,0.15228473055096295
2024-03-08,0.14949809310616147
2024-03-11,0.14652793192717178
2024-03-12,0.1254177320660629
2024-03-13,0.09421193737470243
2024-03-14,0.08434074494081621
2024-03-15,0.12636091217707499
2024-03-18,0.11580959656789476
2024-03-19,0.16124261044542423
2024-03-20,0.19714678060974974
2024-03-21,0.2870144849151414
2024-03-22,0.35540931868250386
2024-03-25,0.28313863563158315
2024-03-26,0.30242865651513146
2024-03-27,0.3540016754107921
2024-03-28,0.36438816827618925
2024-04-01,0.34868998788905176
2024-04-02,0.4072187017697484
2024-04-03,0.43717201396377836
2024-04-04,0.5177038362771864
2024-04-05,0.6032589922155951
2024-04-08,0.6104107555192092
2024-04-09,0.5845722002326762
2024-04-10,0.6323345506315597
2024-04-11,0.6286217664971646
2024-04-12,0.5518817230772703
2024-04-15,0.5098920164157686
2024-04-16,0.5637235883117943
2024-04-17,0.5641379209568027
2024-04-18,0.5453256367990944
2024-04-19,0.5280507452750017
2024-04-22,0.5054000191571666
2024-04-23,0.4621782027446131
2024-04-24,0.4273547182735658
2024-04-25,0.4054140672905296
2024-04-26,0.3374489919012205
2024-04-29,0.27831993685438355
2024-04-30,0.31883438132237396
2024-05-01,0.34901996416446923
2024-05-02,0.3697583729349522
2024-05-03,0.349448905411491
2024-05-06,0.40544935238540275
2024-05-07,0.3554203229526977
2024-05-08,0.4061463871826614
2024-05-09,0.39646087249785794
2024-05-10,0.42637153113970966
2024-05-13,0.41978115538532806
2024-05-14,0.4941082813096438
2024-05-15,0.5564166417736232
2024-05-16,0.607368127700636
2024-05-17,0.6326528498651239
2024-05-20,0.705556202514314
2024-05-21,0.7719873432089436
2024-05-22,0.7527578218143643
2024-05-23,0.7190240322429696
2024-05-24,0.6767139382270607
2024-05-28,0.6306357767748981
2024-05-29,0.5546562277143385
2024-05-30,0.5381978330617523
2024-05-31,0.5739702824654798
2024-06-03,0.5723761732558135
2024-06-04,0.5784544482125765
2024-06-05,0.5946178686015019
2024-06-06,0.5387827451494517
2024-06-07,0.5089873714221999
2024-06-10,0.4646605704721037
2024-06-11,0.4366889710370126
2024-06-12,0.39867953927779975
2024-06-13,0.4179792294172139
2024-06-14,0.42172433864630826
2024-06-17,0.38976308776930096
2024-06-18,0.43823991552384706
2024-06-20,0.4356520994872385
2024-06-21,0.42464417626609174
2024-06-24,0.3946731032660331
2024-06-25,0.4160566749465072
2024-06-26,0.39592448107699546
2024-06-27,0.3422959469818609
2024-06-28,0.3656508504609606
2024-07-01,0.39805817396078336
2024-07-02,0.45067599851941154
2024-07-03,0.4866972045751615
2024-07-05,0.524718871622374
2024-07-08,0.5367232190461175
2024-07-09,0.4709970793836204
2024-07-10,0.44133213979678476
2024-07-11,0.4227736879539522
2024-07-12,0.4078438984912802
2024-07-15,0.4019945750647058
2024-07-16,0.4102796266119624
2024-07-17,0.4100813587568997
2024-07-18,0.42176370541363484
2024-07-19,0.42359311317113224
2024-07-22,0.4178727814340901
2024-07-23,0.3926454841356476
2024-07-24,0.38667964806580823
2024-07-25,0.39683272173069445
2024-07-26,0.3839787068246784
2024-07-29,0.3624488260994004
2024-07-30,0.3328005969778237
2024-07-31,0.37182771121251396
2024-08-01,0.36919945878046523
2024-08-02,0.3416921496817536
2024-08-05,0.2789477664549115
2024-08-06,0.24451343014587001
2024-08-07,0.19470739340208706
2024-08-08,0.18201364826850042
2024-08-09,0.13491144273823583
2024-08-12,0.1303235209263472
2024-08-13,0.1232416558904609
2024-08-14,0.11988784058317063
2024-08-15,0.11551999355954211
2024-08-16,0.12560133885991626
2024-08-19,0.13253003524170645
2024-08-20,0.1412763514217703
2024-08-21,0.1339179019164275
2024-08-22,0.1589054727921812
2024-08-23,0.22442181431529143
2024-08-26,0.3042657593370902
2024-08-27,0.27365662903003485
2024-08-28,0.3313711859558565
2024-08-29,0.41449565198496585
2024-08-30,0.4359839422829263
2024-09-03,0.5040416345016744
2024-09-04,0.6018625287244221
2024-09-05,0.7448172250703504
2024-09-06,0.7417366086706647
2024-09-09,0.7744589595190765
2024-09-10,0.7113697852532771
2024-09-11,0.679720686739861
2024-09-12,0.6296761564052588
2024-09-13,0.49157336217269043
2024-09-16,0.40992400838289883
2024-09-17,0.3444229192799798
2024-09-18,0.26340945805325544
2024-09-19,0.19707310526061372
2024-09-20,0.16780171856223697
2024-09-23,0.12260002288843899
2024-09-24,0.0992081628780001
2024-09-25,0.07960970374117027
2024-09-26,0.08120335858563152
2024-09-27,0.06215860395927379
2024-09-30,0.06817032684278772
2024-10-01,0.07798219091615058
2024-10-02,0.07674992617538845
2024-10-03,0.11831790246323273
2024-10-04,0.13978551744598106
2024-10-07,0.20121657365499004
2024-10-08,0.29987620424947137
2024-10-09,0.37879872612418086
2024-10-10,0.43644606111435524
2024-10-11,0.48992380343355685
2024-10-14,0.5226646819975731
2024-10-15,0.4959390215238919
2024-10-16,0.47426517181677197
2024-10-17,0.50069159917771
2024-10-18,0.5082280390562495
2024-10-21,0.401829716254844
2024-10-22,0.37072881079900505
2024-10-23,0.3117508349330025
2024-10-24,0.26526953694360156
2024-10-25,0.2576829340235708
2024-10-28,0.2013908247830012
2024-10-29,0.16970411845910438
2024-10-30,0.15265398596165705
2024-10-31,0.19692556739842462
2024-11-01,0.21740061342069858
2024-11-04,0.2722458420915762
2024-11-05,0.352929868074983
2024-11-06,0.5044383130511747
2024-11-07,0.5398007050360205
2024-11-08,0.5804001280079945
2024-11-11,0.62539710401817
2024-11-12,0.5979535789761988
2024-11-13,0.6109234296283955
2024-11-14,0.636911966405068
2024-11-15,0.7004282340023149
2024-11-18,0.7261154422491383
2024-11-19,0.7397065980398831
2024-11-20,0.7568314652477051
2024-11-21,0.7751537310828348
2024-11-22,0.7816545851837262
2024-11-25,0.7811256994542719
2024-11-26,0.7743608974362666
2024-11-27,0.745623653699995
2024-11-29,0.7114786820307754
2024-12-02,0.6858821291090667
2024-12-03,0.7297025012569757
2024-12-04,0.7270205619780467
2024-12-05,0.7210683641837011
2024-12-06,0.6918598118342711
2024-12-09,0.5961875460257108
2024-12-10,0.5458041015163364
2024-12-11,0.4923057177667591
2024-12-12,0.4441981344439627
2024-12-13,0.4342627466517297
2024-12-16,0.4837596000698585
2024-12-17,0.5342549225298631
2024-12-18,0.6098230122798411
2024-12-19,0.6308869977799122
2024-12-20,0.6503519619397159
2024-12-23,0.5998992477681476
2024-12-24,0.5999544601257993
2024-12-26,0.5598297263493165
2024-12-27,0.5418624626993366
2024-12-30,0.49820967503855296
2024-12-31,0.5018912039456362
2025-01-02,0.45709385721275064
2025-01-03,0.42289881844029964
2025-01-06,0.38065871573915677
2025-01-07,0.3360804370766526
2025-01-08,0.3193810851104064
2025-01-10,0.3263367554778411
2025-01-13,0.32670749331748755
2025-01-14,0.3546298710723358
2025-01-15,0.3422301868671402
2025-01-16,0.37295521211708194
2025-01-17,0.36633172961279914
2025-01-21,0.3372098828033337
2025-01-22,0.37383481868999086
2025-01-23,0.5493495464065428
2025-01-24,0.6066777073797808
2025-01-27,0.6233944353259844
2025-01-28,0.6516934375464043
2025-01-29,0.6630587313953228
2025-01-30,0.63343053930946
2025-01-31,0.6634775725457979
2025-02-03,0.6880539325739474
2025-02-04,0.6504927036298158
2025-02-05,0.6952569567587292
2025-02-06,0.6925495849252867
2025-02-07,0.6395429958305228
2025-02-10,0.6447604687500113
2025-02-11,0.6550718652831228
2025-02-12,0.6890861015407965
2025-02-13,0.6992437322596495
2025-02-14,0.6965387811231981
2025-02-18,0.5795378665933625
2025-02-19,0.5822504019042108
2025-02-20,0.5078770733159703
2025-02-21,0.3979015374916006
2025-02-24,0.3122453388985356
2025-02-25,0.2845779817620424
2025-02-26,0.3255548337177163
2025-02-27,0.35827960747579884
2025-02-28,0.317673432211481
2025-03-03,0.34109482557300863
2025-03-04,0.34610113786201957
2025-03-05,0.37795714751767673
2025-03-06,0.4091538780781852
2025-03-07,0.38844399447220535
2025-03-10,0.33894941897186914
2025-03-11,0.33417714385221803
2025-03-12,0.38902488318037626
2025-03-13,0.3293017902159501
2025-03-14,0.32020979936897953
2025-03-17,0.37619749657049245
2025-03-18,0.3541173710760373
2025-03-19,0.318535884995914
2025-03-20,0.2818228570827825
2025-03-21,0.28082850264935416
2025-03-24,0.2837989736499348
2025-03-25,0.3523383646080354
2025-03-26,0.3829120681643195
2025-03-27,0.42654444637421995
2025-03-28,0.4523248611787469
2025-03-31,0.5173280141875238
2025-04-01,0.48843622735673975
2025-04-02,0.5396447759512427
2025-04-03,0.5745007149769329
2025-04-04,0.5108703672107502
2025-04-07,0.5386525521232817
2025-04-08,0.4424825267573586
2025-04-09,0.5198986263921086
2025-04-10,0.47571298927342476
2025-04-11,0.423300407621279
2025-04-14,0.3868007912795912
2025-04-15,0.320928433658013
2025-04-16,0.195942480310913
2025-04-17,0.1463081066934989
2025-04-21,0.09285316033412236
2025-04-22,0.06227027480789166
2025-04-23,0.04446406951059129
2025-04-24,0.02612173762756102
2025-04-25,0.023554497632501174
2025-04-28,0.029339320042160565
2025-04-29,0.029817546144507698
2025-04-30,0.03831756367799478
2025-05-01,0.049223670697961616
2025-05-02,0.059879803759602133
2025-05-05,0.04859001207312492
2025-05-06,0.09438988146909547
2025-05-07,0.26236589126405196
2025-05-08,0.37876554521763195
2025-05-09,0.5860530961931215
2025-05-12,0.4493633214242038
2025-05-13,0.6442420088130231
2025-05-14,0.5943685933213823
2025-05-15,0.5315635899947457
2025-05-16,0.44586757496869733
2025-05-19,0.5442131891801455
2025-05-20,0.5439186583037421
2025-05-21,0.61157793051518
2025-05-22,0.5335911001908602
2025-05-23,0.4517308989389231
2025-05-27,0.32370464069808624
2025-05-28,0.22559237251304354
2025-05-29,0.13473447428743082
2025-05-30,0.09845499065338956
2025-06-02,0.07451059357728103
2025-06-03,0.05063653463024359
2025-06-04,0.030204276224728637
2025-06-05,0.03230886854611909
2025-06-06,0.03825709207271044
2025-06-09,0.043237812111774666
2025-06-10,0.05540700768096883
2025-06-11,0.06409067368492641
2025-06-12,0.047740723952959176
2025-06-13,0.0452956180091415
2025-06-16,0.04524285117943021
2025-06-17,0.046581978539290296
2025-06-18,0.04505463890565076
2025-06-20,0.05249924744993361
2025-06-23,0.07763946552199451
2025-06-24,0.12378266894977186
2025-06-25,0.14826951663179894
2025-06-26,0.19017276911749062
2025-06-27,0.1734069987421697
2025-06-30,0.2099746646572002
2025-07-01,0.20708245926344424
2025-07-02,0.2126059801278261
2025-07-03,0.18766828081112127
2025-07-07,0.18088891516202404
2025-07-08,0.18960145738206374
2025-07-09,0.2177061214119049
2025-07-10,0.21427118090348027
2025-07-11,0.22860027494927368
2025-07-14,0.23369717379417823
2025-07-15,0.2686428438375227
2025-07-16,0.22666277458724227
2025-07-17,0.26574677124949814
2025-07-18,0.25086608444458797
2025-07-21,0.2995138802046719
2025-07-22,0.25772237646983553
2025-07-23,0.25075261386760517
2025-07-24,0.20330919606533543
2025-07-25,0.2230206425420558
2025-07-28,0.18020729519614626
2025-07-29,0.11122754307499497
2025-07-30,0.08531223369016629
2025-07-31,0.08512225149394372
2025-08-01,0.07775323763701178
2025-08-04,0.06191621006028791
2025-08-05,0.06949210727304862
2025-08-06,0.07061552060904294
2025-08-07,0.05910203115971192
2025-08-08,0.03535239195384494
2025-08-11,0.038056125370553286
2025-08-12,0.033981085584998086
2025-08-13,0.04558334039208463
2025-08-14,0.05752818457737368
2025-08-15,0.07719286024771643
2025-08-18,0.11832548057981346
2025-08-19,0.17354441435084655
2025-08-20,0.25506255531231203
2025-08-21,0.31050645264361043
2025-08-22,0.3704708223752096
2025-08-25,0.4081861444220195
2025-08-26,0.44415975519089107
2025-08-27,0.4115617034401965
2025-08-28,0.4516535972495479
2025-08-29,0.44240261988756185
2025-09-02,0.4650743830349281
2025-09-03,0.5071914682882704
2025-09-04,0.48195501317418454
2025-09-05,0.5354701716300999
2025-09-08,0.4304432111500005
2025-09-09,0.38381357325532506
2025-09-10,0.29646434871849947
2025-09-11,0.2157911972092452
2025-09-12,0.17359233925831147
2025-09-15,0.16075607742536147
2025-09-16,0.1666838722707326
2025-09-17,0.1884829275777768
2025-09-18,0.21991233842044813
2025-09-19,0.26867039814386573
2025-09-22,0.3130171589092246
2025-09-23,0.3467737015545275
2025-09-24,0.37389187180315475
2025-09-25,0.3987989340160273
2025-09-26,0.397584701365015
2025-09-29,0.4043737222882537
2025-09-30,0.39008017404965223
2025-10-01,0.4275659258473563
2025-10-02,0.4588487480142496
2025-10-03,0.46558440480191415
2025-10-06,0.4181672969247462
2025-10-07,0.4268856793918175
2025-10-08,0.39731447061594216
2025-10-09,0.3882469859925272
2025-10-10,0.31235890870527894
2025-10-13,0.2868975668809958
2025-10-14,0.27706781944657777
2025-10-15,0.2393681795994577
2025-10-16,0.23655626827773713
2025-10-17,0.2554148078844482
2025-10-20,0.23075369720522126
2025-10-21,0.2283309757911739
2025-10-22,0.22064366884210848
2025-10-23,0.2422978533029223
2025-10-24,0.2395739031537395
2025-10-27,0.2582379279736826
2025-10-28,0.22519215239155718
2025-10-29,0.22631445428220204
2025-10-30,0.21248070416331963
2025-10-31,0.2064488662788947
2025-11-03,0.20054706473634026
2025-11-04,0.1915383250507901
2025-11-05,0.14337488038907892
2025-11-06,0.1503490618661952
2025-11-07,0.1322084911915674
2025-11-10,0.1498644449284559
2025-11-11,0.28051569598447046
2025-11-12,0.3197561613626797
2025-11-13,0.39097376831091263
2025-11-14,0.4513198848476956
2025-11-17,0.5216624272642703
2025-11-18,0.48341037815914234
2025-11-19,0.4077893964225431
2025-11-20,0.3280007124393383
2025-11-21,0.32733323613068704
2025-11-24,0.2922832042649333
2025-11-25,0.24739193620234867
2025-11-26,0.21495286379390147
2025-11-28,0.21190307940068956
2025-12-01,0.20573440200854695
2025-12-02,0.235673175747932
2025-12-03,0.22459432238295388
2025-12-04,0.24206191433047877
2025-12-05,0.2844789521185611
2025-12-08,0.2847745688382567
2025-12-09,0.3278094383827974
2025-12-10,0.3304145256090839
2025-12-11,0.3210755967277632
2025-12-12,0.29850720063249037
2025-12-15,0.29025632107857013
2025-12-16,0.35319599849724964
2025-12-17,0.33879362395872664
2025-12-18,0.3803629123313048
2025-12-19,0.4430167378932267
2025-12-22,0.44090418634654055
2025-12-23,0.3835710846724535
2025-12-24,0.3376191144169516
2025-12-26,0.2967864545008508
2025-12-29,0.2501697223333414
2025-12-30,0.23039604222537763
2025-12-31,0.20077208332837718
2026-01-02,0.1836147614827111
2026-01-05,0.15040804842883237
2026-01-06,0.12924775840168407
2026-01-07,0.11502033410272582
2026-01-08,0.12401721531990281
2026-01-09,0.14276882981325392
2026-01-12,0.1377770308333639
2026-01-13,0.13995416595178456
2026-01-14,0.11972723255086143
2026-01-15,0.13750716443156946
2026-01-16,0.144418264569169
2026-01-20,0.19765731606347423
