Date,P_UP
1991-01-30,0.9717538028603888
1991-01-31,0.9749305225931566
1991-02-01,0.9765243010460795
1991-02-04,0.9795186732515465
1991-02-05,0.9820722651127299
1991-02-06,0.9831708630401224
1991-02-07,0.9864653807864463
1991-02-08,0.9878633209967325
1991-02-11,0.9879846387831337
1991-02-12,0.988317572520141
1991-02-13,0.9895096307495973
1991-02-14,0.9895756120529932
1991-02-15,0.990524973787475
1991-02-19,0.9837682808268958
1991-02-20,0.9787470223018102
1991-02-21,0.9778986463540478
1991-02-22,0.9751556634808137
1991-02-25,0.970370532565297
1991-02-26,0.9682752081021219
1991-02-27,0.9700093917453824
1991-02-28,0.9712101730733733
1991-03-01,0.9716998547572304
1991-03-04,0.9698247660124494
1991-03-05,0.9663476292284469
1991-03-06,0.9705243972867055
1991-03-07,0.9646517403650835
1991-03-08,0.9632393270816314
1991-03-11,0.950715229949257
1991-03-12,0.9503222671278876
1991-03-13,0.9406620126368342
1991-03-14,0.9152722422103363
1991-03-15,0.9119644995795387
1991-03-18,0.9060797677321875
1991-03-19,0.9080516744919425
1991-03-20,0.8959064743154445
1991-03-21,0.8917633848313585
1991-03-22,0.8849251018502715
1991-03-25,0.8862692221410207
1991-03-26,0.8820671237991241
1991-03-27,0.8932679265923228
1991-03-28,0.8997631077412644
1991-04-01,0.8849896500372855
1991-04-02,0.8864870629768321
1991-04-03,0.885576788316046
1991-04-04,0.8953669599039277
1991-04-05,0.8579470477266377
1991-04-08,0.8571937197273669
1991-04-09,0.8523179594684889
1991-04-10,0.8611772368836625
1991-04-11,0.8625606208391966
1991-04-12,0.8723695150135138
1991-04-15,0.86904166217845
1991-04-16,0.8746179696961855
1991-04-17,0.883127632238586
1991-04-18,0.877686818592452
1991-04-19,0.8755087338352197
1991-04-22,0.8709287453980455
1991-04-23,0.863971497263697
1991-04-24,0.8556286594741581
1991-04-25,0.8508858968072566
1991-04-26,0.8232971838176233
1991-04-29,0.8021053065880662
1991-04-30,0.8090938126095222
1991-05-01,0.8184869103191157
1991-05-02,0.7850340124195756
1991-05-03,0.7886741929707556
1991-05-06,0.7983669613315435
1991-05-07,0.8169332607974711
1991-05-08,0.8140433507366515
1991-05-09,0.8291884539574969
1991-05-10,0.8461224063816738
1991-05-13,0.8728455888167742
1991-05-14,0.8769835167727612
1991-05-15,0.8837280229212815
1991-05-16,0.8610336027245766
1991-05-17,0.8498607677776169
1991-05-20,0.8561497177195423
1991-05-21,0.8685496383188295
1991-05-22,0.8794109804716025
1991-05-23,0.8848562256895015
1991-05-24,0.886457404174295
1991-05-28,0.8894486296539912
1991-05-29,0.9073791003169218
1991-05-30,0.9138611948248414
1991-05-31,0.9170633795151467
1991-06-03,0.9141353490713203
1991-06-04,0.9240482801515552
1991-06-05,0.9255479871351074
1991-06-06,0.9252029177174117
1991-06-07,0.92577248439598
1991-06-10,0.9212248819730321
1991-06-11,0.9129272667748068
1991-06-12,0.9215593338221111
1991-06-13,0.9226802495172085
1991-06-14,0.9232600350963696
1991-06-17,0.9315512654355717
1991-06-18,0.9287844563100133
1991-06-19,0.9233147224123959
1991-06-20,0.926147795008378
1991-06-21,0.9205065481540924
1991-06-24,0.9081067598999611
1991-06-25,0.9094720513656274
1991-06-26,0.903396530395545
1991-06-27,0.8879276472329115
1991-06-28,0.8881624945308769
1991-07-01,0.8739636290305832
1991-07-02,0.8784062180869784
1991-07-03,0.8766762715874263
1991-07-05,0.8707496103510602
1991-07-08,0.8791277620215218
1991-07-09,0.888620465523935
1991-07-10,0.8900676969004845
1991-07-11,0.9035999961231214
1991-07-12,0.9108993232694208
1991-07-15,0.9230426012332639
1991-07-16,0.9287140738902411
1991-07-17,0.9209986943465583
1991-07-18,0.9192422709503162
1991-07-19,0.92518607771201
1991-07-22,0.921774439879582
1991-07-23,0.9098292653230428
1991-07-24,0.9065911728974161
1991-07-25,0.9095960310153016
1991-07-26,0.9084374183098265
1991-07-29,0.9016344541518598
1991-07-30,0.900995143087996
1991-07-31,0.9082556048983041
1991-08-01,0.8837280828628858
1991-08-02,0.8714233173566787
1991-08-05,0.8517201056727319
1991-08-06,0.8112694633412678
1991-08-07,0.7871084127995969
1991-08-08,0.7871991459911872
1991-08-09,0.7849520523376502
1991-08-12,0.7575000147787955
1991-08-13,0.7500766008147209
1991-08-14,0.740293932420213
1991-08-15,0.7385996096922423
1991-08-16,0.6952891273718226
1991-08-19,0.6387254057359347
1991-08-20,0.6725809239522819
1991-08-21,0.6300906710349747
1991-08-22,0.6390945424737857
1991-08-23,0.564769975681803
1991-08-26,0.5595267781543742
1991-08-27,0.6020179869494866
1991-08-28,0.589390038739915
1991-08-29,0.5871631166611896
1991-08-30,0.5581537130201967
1991-09-03,0.5858388574309741
1991-09-04,0.5890446368467491
1991-09-05,0.6053056368159891
1991-09-06,0.5435905499354671
1991-09-09,0.559473767523417
1991-09-10,0.5519424056125048
1991-09-11,0.559524307481486
1991-09-12,0.5577368384986545
1991-09-13,0.5315608914768422
1991-09-16,0.5189536928019143
1991-09-17,0.5243917103992096
1991-09-18,0.5399920381018685
1991-09-19,0.5310797013141522
1991-09-20,0.49075001158939874
1991-09-23,0.3599343648915805
1991-09-24,0.30848765231359265
1991-09-25,0.2905078980534229
1991-09-26,0.2580168721178742
1991-09-27,0.21371701981548943
1991-09-30,0.19940831666775888
1991-10-01,0.2368539192712493
1991-10-02,0.24269317702797918
1991-10-03,0.23357019775312599
1991-10-04,0.2586033048715948
1991-10-07,0.26886218246024957
1991-10-08,0.278866428312658
1991-10-09,0.2389011793526295
1991-10-10,0.22422273289446365
1991-10-11,0.19821976961618346
1991-10-14,0.19407726260360297
1991-10-15,0.21324566169179304
1991-10-16,0.19194818399269056
1991-10-17,0.18741262389890778
1991-10-18,0.2118505400667245
1991-10-21,0.2424902437875552
1991-10-22,0.26008296420806265
1991-10-23,0.27222996373416525
1991-10-24,0.2784738426587518
1991-10-25,0.2810986873827361
1991-10-28,0.255965713607873
1991-10-29,0.2517295713450269
1991-10-30,0.24649951211264898
1991-10-31,0.23500422870817997
1991-11-01,0.2467180980572436
1991-11-04,0.28178785666903733
1991-11-05,0.31904568284335966
1991-11-06,0.32826018409016117
1991-11-07,0.3107247476121201
1991-11-08,0.33969539945654925
1991-11-11,0.358640231249443
1991-11-12,0.39078957266697295
1991-11-13,0.35901964865156616
1991-11-14,0.3515886730325645
1991-11-15,0.32551094280497794
1991-11-18,0.4322139572863411
1991-11-19,0.4403873140528967
1991-11-20,0.423908312704206
1991-11-21,0.45311902639727314
1991-11-22,0.4556481568013048
1991-11-25,0.4881891357455207
1991-11-26,0.5111327175354027
1991-11-27,0.4871800329002666
1991-11-29,0.46980151145515386
1991-12-02,0.4991581129777627
1991-12-03,0.5372328752898098
1991-12-04,0.5600768520121508
1991-12-05,0.596486094424882
1991-12-06,0.6205452185975279
1991-12-09,0.6229117034066873
1991-12-10,0.6147172537670509
1991-12-11,0.6086633030802606
1991-12-12,0.6254324792851829
1991-12-13,0.6066569632075612
1991-12-16,0.5930287619302547
1991-12-17,0.5888100030962912
1991-12-18,0.5921108717792366
1991-12-19,0.585277080721344
1991-12-20,0.5963988547057725
1991-12-23,0.6357782681479562
1991-12-24,0.6403893069427363
1991-12-26,0.7172199506281448
1991-12-27,0.7239141534653604
1991-12-30,0.7229471488209608
1991-12-31,0.7468077667419671
1992-01-02,0.7360074435346294
1992-01-03,0.6762845010327311
1992-01-06,0.6595806379273825
1992-01-07,0.6200490934419961
1992-01-08,0.6019185361159273
1992-01-09,0.5560392051509707
1992-01-10,0.5663307706806605
1992-01-13,0.5723314689476325
1992-01-14,0.5579211118450227
1992-01-15,0.545480867261553
1992-01-16,0.5453630920472469
1992-01-17,0.6178374149086768
1992-01-20,0.6537072633164039
1992-01-21,0.6634108698716716
1992-01-22,0.6886036429424771
1992-01-23,0.694241113393255
1992-01-24,0.7244921984547366
1992-01-27,0.6267039054672301
1992-01-28,0.5774983700937463
1992-01-29,0.549437114980362
1992-01-30,0.49505438998801143
1992-01-31,0.47760100617083523
1992-02-03,0.46395868432068355
1992-02-04,0.476973261676492
1992-02-05,0.51222683463207
1992-02-06,0.5608137063373027
1992-02-07,0.5636830369156135
1992-02-10,0.5973665937168894
1992-02-11,0.6697332682576536
1992-02-12,0.677761825822269
1992-02-13,0.6665314742542657
1992-02-14,0.6570304925792327
1992-02-18,0.6897959936503312
1992-02-19,0.6954462155724735
1992-02-20,0.6756557659633847
1992-02-21,0.6959871724883836
1992-02-24,0.6724688147477814
1992-02-25,0.6851067907125683
1992-02-26,0.6651903307544809
1992-02-27,0.7029418101356033
1992-02-28,0.7043752598181994
1992-03-02,0.7349822510553153
1992-03-03,0.7344075239166624
1992-03-04,0.7799048144988554
1992-03-05,0.7926712171799065
1992-03-06,0.7840961825161277
1992-03-09,0.7845591790597254
1992-03-10,0.7812844050857731
1992-03-11,0.7739440507673403
1992-03-12,0.7753580015064134
1992-03-13,0.7702509041463987
1992-03-16,0.7556049206409298
1992-03-17,0.7573183551883013
1992-03-18,0.7439617122835525
1992-03-19,0.7506879335602653
1992-03-20,0.7415381670390238
1992-03-23,0.7089106677585298
1992-03-24,0.7217976170082525
1992-03-25,0.7485687671597501
1992-03-26,0.7562972828202926
1992-03-27,0.7273785464408286
1992-03-30,0.7309200415060962
1992-03-31,0.7663229250517926
1992-04-01,0.7669337684077389
1992-04-02,0.7690387331242627
1992-04-03,0.7693738943742348
1992-04-06,0.7931300429103555
1992-04-07,0.7918566443875322
1992-04-08,0.8112137204418818
1992-04-09,0.8234179027472222
1992-04-10,0.8533826904508838
1992-04-13,0.8624350137200337
1992-04-14,0.8779666529532992
1992-04-15,0.8965989800340252
1992-04-16,0.8939337684647898
1992-04-20,0.8888546068175128
1992-04-21,0.8879980121765939
1992-04-22,0.8846408445144766
1992-04-23,0.8859194233673856
1992-04-24,0.8801518024664438
1992-04-27,0.8826088195208759
1992-04-28,0.8723672525008626
1992-04-29,0.8816264692307324
1992-04-30,0.8948044396562094
1992-05-01,0.8987361446062617
1992-05-04,0.9030333738780805
1992-05-05,0.9128390661498724
1992-05-06,0.9105698486428406
1992-05-07,0.905006238088281
1992-05-08,0.9152588247132543
1992-05-11,0.9083432678943297
1992-05-12,0.8946413007538326
1992-05-13,0.8757941042223519
1992-05-14,0.8604932566322147
1992-05-15,0.8237208456505059
1992-05-18,0.8062129046415724
1992-05-19,0.7966376813195856
1992-05-20,0.8068780700783721
1992-05-21,0.8096731820792514
1992-05-22,0.8145411611867877
1992-05-26,0.8204753598133915
1992-05-27,0.84400375439876
1992-05-28,0.8504331749012364
1992-05-29,0.8674458859382284
1992-06-01,0.8712934555100722
1992-06-02,0.8677319106593449
1992-06-03,0.8704634699729518
1992-06-04,0.846629708216711
1992-06-05,0.8369289598654606
1992-06-08,0.8168223074034229
1992-06-09,0.8065644309342357
1992-06-10,0.8083915609984088
1992-06-11,0.7810443787740888
1992-06-12,0.7857609334534131
1992-06-15,0.8000115222546962
1992-06-16,0.8015151518179614
1992-06-17,0.8052083336460175
1992-06-18,0.8003750083276574
1992-06-19,0.7834273136149453
1992-06-22,0.7945792830918391
1992-06-23,0.774436787740256
1992-06-24,0.7588556677222447
1992-06-25,0.7645878949225071
1992-06-26,0.7713843852143956
1992-06-29,0.7281547974244549
1992-06-30,0.7726139204692545
1992-07-01,0.7650939410471619
1992-07-02,0.7667302195734328
1992-07-06,0.7638737315197729
1992-07-07,0.7870793933189849
1992-07-08,0.7897826307400666
1992-07-09,0.7910139489951601
1992-07-10,0.8087964025034905
1992-07-13,0.828887998941055
1992-07-14,0.8349314022207228
1992-07-15,0.8384408045602423
1992-07-16,0.8418380081271556
1992-07-17,0.8588424663583946
1992-07-20,0.86169704934875
1992-07-21,0.8670268335668896
1992-07-22,0.8556890271749024
1992-07-23,0.8601940901458831
1992-07-24,0.8649331167820002
1992-07-27,0.8636141330475956
1992-07-28,0.8692249913634208
1992-07-29,0.887006427036899
1992-07-30,0.8805609482721822
1992-07-31,0.882082652409224
1992-08-03,0.8700834322384275
1992-08-04,0.8657314415581969
1992-08-05,0.8698813114532418
1992-08-06,0.8738525585264685
1992-08-07,0.871721958064215
1992-08-10,0.856707478526488
1992-08-11,0.8576043620409695
1992-08-12,0.8593805592326549
1992-08-13,0.8482058409706883
1992-08-14,0.8445682943091114
1992-08-17,0.8334856456264326
1992-08-18,0.8052777075916098
1992-08-19,0.8085241195125705
1992-08-20,0.8421970704737354
1992-08-21,0.8495693221199094
1992-08-24,0.8639638689830528
1992-08-25,0.8785768580288353
1992-08-26,0.8839027256597733
1992-08-27,0.8711801598042345
1992-08-28,0.8494413748435186
1992-08-31,0.837349465540497
1992-09-01,0.8210325937744722
1992-09-02,0.8056930672391841
1992-09-03,0.7976049846663391
1992-09-04,0.7949250109139151
1992-09-08,0.7930852207707865
1992-09-09,0.7860271657350277
1992-09-10,0.7863698464302565
1992-09-11,0.8013603518822155
1992-09-14,0.7916948242934997
1992-09-15,0.8099018678212191
1992-09-16,0.813741640895909
1992-09-17,0.8159126596254357
1992-09-18,0.8156429815624373
1992-09-21,0.8251630147776252
1992-09-22,0.819979951755715
1992-09-23,0.839856160698363
1992-09-24,0.8454353670785946
1992-09-25,0.8464095352526391
1992-09-28,0.847378043623504
1992-09-29,0.8568819883174285
1992-09-30,0.8584183773614139
1992-10-01,0.8585053684327089
1992-10-02,0.8438216679380365
1992-10-05,0.8373594154965261
1992-10-06,0.8293601005817148
1992-10-07,0.8291733916327273
1992-10-08,0.8207430324715183
1992-10-09,0.8275651942352458
1992-10-12,0.8233536606179888
1992-10-13,0.8472743975614048
1992-10-14,0.8400453745555723
1992-10-15,0.8552103077924056
1992-10-16,0.8574679745069732
1992-10-19,0.8642798067017855
1992-10-20,0.8561576189135617
1992-10-21,0.8533161442500876
1992-10-22,0.8561390988407777
1992-10-23,0.8471351599421565
1992-10-26,0.8390987807906305
1992-10-27,0.8622900313865851
1992-10-28,0.8646779939308805
1992-10-29,0.8700051627225064
1992-10-30,0.8703556566076605
1992-11-02,0.875678027289028
1992-11-03,0.8805068055347536
1992-11-04,0.8852236072722093
1992-11-05,0.8930890688653185
1992-11-06,0.9059831235553887
1992-11-09,0.9022490133281476
1992-11-10,0.9056712641973174
1992-11-11,0.9023629910821742
1992-11-12,0.9044743481754894
1992-11-13,0.9034277787980627
1992-11-16,0.8751237175689304
1992-11-17,0.8693294642396472
1992-11-18,0.8521400255891215
1992-11-19,0.8266144948625709
1992-11-20,0.8162115377586215
1992-11-23,0.802189825922228
1992-11-24,0.7947969867957281
1992-11-25,0.7783943333209894
1992-11-27,0.7686915326246354
1992-11-30,0.7507269016246599
1992-12-01,0.7661906158351895
1992-12-02,0.7664732151183733
1992-12-03,0.7418352988394015
1992-12-04,0.7315136637019581
1992-12-07,0.7400012972688486
1992-12-08,0.7319783084173075
1992-12-09,0.7260063988993156
1992-12-10,0.7225873836150725
1992-12-11,0.7382263741012338
1992-12-14,0.7306500968439169
1992-12-15,0.7289010281560151
1992-12-16,0.7237601108265971
1992-12-17,0.7304983765670562
1992-12-18,0.7348251879725886
1992-12-21,0.7498100160150936
1992-12-22,0.7496266588706789
1992-12-23,0.7843848741857181
1992-12-24,0.8131435854901207
1992-12-28,0.8211077403955438
1992-12-29,0.8490936712955431
1992-12-30,0.863433245197478
1992-12-31,0.8683009150956632
1993-01-04,0.8771165238527934
1993-01-05,0.8849562805191147
1993-01-06,0.8866381522501686
1993-01-07,0.8847708467715074
1993-01-08,0.8799774156041141
1993-01-11,0.8699232937641598
1993-01-12,0.8694276367732466
1993-01-13,0.8818128115031795
1993-01-14,0.8864463051346371
1993-01-15,0.8880574677417072
1993-01-18,0.893740223238362
1993-01-19,0.8989642694476211
1993-01-20,0.8789598168337232
1993-01-21,0.8641700212824757
1993-01-22,0.8573803336697379
1993-01-25,0.8546315023298716
1993-01-26,0.8562904450665779
1993-01-27,0.8533200569382181
1993-01-28,0.8429785148640281
1993-01-29,0.8442728522546488
1993-02-01,0.8325768606481062
1993-02-02,0.8356726483386009
1993-02-03,0.8469987432603261
1993-02-04,0.856587073145742
1993-02-05,0.8597240631982183
1993-02-08,0.8593233767552234
1993-02-09,0.8718639784129854
1993-02-10,0.8732162864334592
1993-02-11,0.880972617695451
1993-02-12,0.8719092884087146
1993-02-16,0.8652122636873694
1993-02-17,0.8767081916870368
1993-02-18,0.874528279818559
1993-02-19,0.8844702318116555
1993-02-22,0.8840364478041027
1993-02-23,0.8828567272551374
1993-02-24,0.881689594823275
1993-02-25,0.8899079079049639
1993-02-26,0.8875323739288761
1993-03-01,0.8875557689846424
1993-03-02,0.8872977794798559
1993-03-03,0.8941353821714103
1993-03-04,0.8794804211744305
1993-03-05,0.8719948897697871
1993-03-08,0.8500477552568617
1993-03-09,0.852179584477779
1993-03-10,0.850044100791154
1993-03-11,0.8415132051195654
1993-03-12,0.8436666641449263
1993-03-15,0.8505943920949159
1993-03-16,0.8508875342431965
1993-03-17,0.8643649982107816
1993-03-18,0.867907577848262
1993-03-19,0.8780031226833942
1993-03-22,0.8892952876526394
1993-03-23,0.889834880164132
1993-03-24,0.8891676981587516
1993-03-25,0.8871606857273249
1993-03-26,0.8688494557780047
1993-03-29,0.8522416291576557
1993-03-30,0.8429806443265858
1993-03-31,0.8400288283696129
1993-04-01,0.8109173051048567
1993-04-02,0.7873369919312453
1993-04-05,0.8103598548993681
1993-04-06,0.8225715895031068
1993-04-07,0.7455228169655984
1993-04-08,0.7223105217983369
1993-04-12,0.7278979682518805
1993-04-13,0.7537256043690694
1993-04-14,0.7609828245852526
1993-04-15,0.7830983828460746
1993-04-16,0.8061876412850734
1993-04-19,0.8212313709367001
1993-04-20,0.7984371008149423
1993-04-21,0.80412584901395
1993-04-22,0.8048442905941839
1993-04-23,0.8118856375189828
1993-04-26,0.8028114775219128
1993-04-27,0.7918147892778863
1993-04-28,0.8078761896851027
1993-04-29,0.8038561072415873
1993-04-30,0.8080867627091656
1993-05-03,0.8042056218651391
1993-05-04,0.8256550240631533
1993-05-05,0.8297542865302223
1993-05-06,0.8336746970551606
1993-05-07,0.8416087308488212
1993-05-10,0.845540249820195
1993-05-11,0.8558682608970788
1993-05-12,0.8279598149835045
1993-05-13,0.8230275247016847
1993-05-14,0.8217463603028026
1993-05-17,0.8086334566594353
1993-05-18,0.808434083736776
1993-05-19,0.8204727672666053
1993-05-20,0.8401527143905557
1993-05-21,0.8409046760746939
1993-05-24,0.8593399863253481
1993-05-25,0.862386599016637
1993-05-26,0.8699752701642164
1993-05-27,0.8738104205812466
1993-05-28,0.8759763897691625
1993-06-01,0.8814649499413099
1993-06-02,0.8752164966995836
1993-06-03,0.8704928749805121
1993-06-04,0.8624228444942892
1993-06-07,0.860610544714773
1993-06-08,0.8603435204916229
1993-06-09,0.8556027648065103
1993-06-10,0.84540678796742
1993-06-11,0.8441502446458439
1993-06-14,0.8444438865547177
1993-06-15,0.8482241621219597
1993-06-16,0.8452828555419307
1993-06-17,0.8290607121003529
1993-06-18,0.8240112111766303
1993-06-21,0.8001041607835114
1993-06-22,0.7788979813648154
1993-06-23,0.7753663130346454
1993-06-24,0.7649670452374934
1993-06-25,0.7599657628544843
1993-06-28,0.7325655419546736
1993-06-29,0.7609311797866675
1993-06-30,0.7613082777077504
1993-07-01,0.7602481528928527
1993-07-02,0.7578844353248865
1993-07-06,0.7764001208121322
1993-07-07,0.7748332760486014
1993-07-08,0.7843157229392757
1993-07-09,0.8145010511554683
1993-07-12,0.8178473745314336
1993-07-13,0.822979172260086
1993-07-14,0.8301354642233265
1993-07-15,0.8318022991665367
1993-07-16,0.8362294733525638
1993-07-19,0.8332237943113388
1993-07-20,0.8248234104414135
1993-07-21,0.8282336125507651
1993-07-22,0.8129992652107042
1993-07-23,0.8168081619758701
1993-07-26,0.8216206695169401
1993-07-27,0.8114672821537928
1993-07-28,0.8247784711288525
1993-07-29,0.8237854875708156
1993-07-30,0.8370367012647612
1993-08-02,0.8427752311698005
1993-08-03,0.8544311667949764
1993-08-04,0.8603263325270836
1993-08-05,0.8626782301463143
1993-08-06,0.8595641461245497
1993-08-09,0.8317692926491674
1993-08-10,0.8335111830161949
1993-08-11,0.8265223618370775
1993-08-12,0.819799476827291
1993-08-13,0.8088751139976295
1993-08-16,0.815460976459483
1993-08-17,0.8216526128794759
1993-08-18,0.8247154831713249
1993-08-19,0.8172753482780353
1993-08-20,0.8189840430798369
1993-08-23,0.8106762375310268
1993-08-24,0.7860006727203304
1993-08-25,0.7823158597340334
1993-08-26,0.7837535616399331
1993-08-27,0.7812518561570274
1993-08-30,0.7695775562235629
1993-08-31,0.7683755556645686
1993-09-01,0.7687121540547166
1993-09-02,0.7757824432828566
1993-09-03,0.7805162970609802
1993-09-07,0.7795081564310469
1993-09-08,0.7778621078822813
1993-09-09,0.7769903638324249
1993-09-10,0.7888935178174472
1993-09-13,0.7919595536519259
1993-09-14,0.8114301570242599
1993-09-15,0.801477910468398
1993-09-16,0.7964701367936291
1993-09-17,0.794809044593358
1993-09-20,0.7925089184109185
1993-09-21,0.7900713580126778
1993-09-22,0.7743080779068865
1993-09-23,0.7790517856101186
1993-09-24,0.7586911509370381
1993-09-27,0.7370534985004451
1993-09-28,0.7426812038653253
1993-09-29,0.742030405831593
1993-09-30,0.7375986053296366
1993-10-01,0.7235791494185232
1993-10-04,0.7041786689794003
1993-10-05,0.6910230296968759
1993-10-06,0.6805344038828925
1993-10-07,0.6651353903217062
1993-10-08,0.6803866555949012
1993-10-11,0.6551925250406528
1993-10-12,0.6461132736106767
1993-10-13,0.6500813457242299
1993-10-14,0.6551155231121624
1993-10-15,0.6614605935389394
1993-10-18,0.679097613862193
1993-10-19,0.6992856506376599
1993-10-20,0.714525528809399
1993-10-21,0.7262208862016493
1993-10-22,0.7183917595302867
1993-10-25,0.716044174586337
1993-10-26,0.7321787429162049
1993-10-27,0.7089006306645962
1993-10-28,0.711945060752384
1993-10-29,0.7224079758678312
1993-11-01,0.71963466522352
1993-11-02,0.7243618106425092
1993-11-03,0.7177419751815857
1993-11-04,0.7256807609039246
1993-11-05,0.7442789660616872
1993-11-08,0.7490375334205638
1993-11-09,0.7480639986888478
1993-11-10,0.7479838200602611
1993-11-11,0.7671641783158655
1993-11-12,0.7728707941367617
1993-11-15,0.7493796228495255
1993-11-16,0.7315941615169907
1993-11-17,0.730096334938967
1993-11-18,0.7435199735430922
1993-11-19,0.745372482510343
1993-11-22,0.7606937195523912
1993-11-23,0.7722745886408563
1993-11-24,0.7862953094617365
1993-11-26,0.7967511805516928
1993-11-29,0.8045243865207369
1993-11-30,0.8002525646303887
1993-12-01,0.800471346239731
1993-12-02,0.7949735998636518
1993-12-03,0.7964120552030645
1993-12-06,0.8066934734851967
1993-12-07,0.8202385624653595
1993-12-08,0.8241057239445592
1993-12-09,0.8276174959922363
1993-12-10,0.8329796843420186
1993-12-13,0.819967193088814
1993-12-14,0.8165848295832867
1993-12-15,0.8047600587475182
1993-12-16,0.8014221235752166
1993-12-17,0.7976937950398613
1993-12-20,0.8213889805054304
1993-12-21,0.8254157645290586
1993-12-22,0.8310065426755954
1993-12-23,0.8351789448808472
1993-12-27,0.836522118957007
1993-12-28,0.8364400100253678
1993-12-29,0.8338304169638442
1993-12-30,0.8366779664618497
1993-12-31,0.8383774825367215
1994-01-03,0.831916093342816
1994-01-04,0.8251476013604087
1994-01-05,0.8187025768980734
1994-01-06,0.7984258796662613
1994-01-07,0.7843103136340287
1994-01-10,0.7884246171339785
1994-01-11,0.7984069897351863
1994-01-12,0.8043214772645404
1994-01-13,0.8104611706396996
1994-01-14,0.8229407293328577
1994-01-17,0.830635694259445
1994-01-18,0.8283766508376503
1994-01-19,0.8145406393568213
1994-01-20,0.8195426400316368
1994-01-21,0.8201613713589684
1994-01-24,0.8224366482058275
1994-01-25,0.826677083029373
1994-01-26,0.8121324405829697
1994-01-27,0.813595982787914
1994-01-28,0.8181131076486385
1994-01-31,0.8292964447257035
1994-02-01,0.8348894125228162
1994-02-02,0.8534140411890525
1994-02-03,0.8628573336954962
1994-02-04,0.8680771703787962
1994-02-07,0.8956764251708906
1994-02-08,0.889634734631636
1994-02-09,0.876134503476576
1994-02-10,0.8784160785307104
1994-02-11,0.8735992189812241
1994-02-14,0.8511226781842849
1994-02-15,0.8366992463991196
1994-02-16,0.832465661226169
1994-02-17,0.8298002620395907
1994-02-18,0.8299459910255064
1994-02-22,0.8290745651707867
1994-02-23,0.8497404824503819
1994-02-24,0.8614640381892157
1994-02-25,0.8781054912578871
1994-02-28,0.8764328346532447
1994-03-01,0.8827767680686851
1994-03-02,0.8852152260044697
1994-03-03,0.875658452092719
1994-03-04,0.8753194768870779
1994-03-07,0.8864538981450953
1994-03-08,0.8907839516504141
1994-03-09,0.893888714937305
1994-03-10,0.8918227250839975
1994-03-11,0.8928587106773315
1994-03-14,0.8950046057676909
1994-03-15,0.8996846877235812
1994-03-16,0.8909786867754543
1994-03-17,0.8972058174391054
1994-03-18,0.8909722419093027
1994-03-21,0.8880350425833736
1994-03-22,0.890085266680359
1994-03-23,0.8925759932623694
1994-03-24,0.8877040899824039
1994-03-25,0.8832917914294834
1994-03-28,0.893272367126159
1994-03-29,0.8966959347472974
1994-03-30,0.9077125172710646
1994-03-31,0.9165881512483607
1994-04-04,0.9055450685769004
1994-04-05,0.9121824438929733
1994-04-06,0.9193532345107976
1994-04-07,0.9161112232825087
1994-04-08,0.9168254040109389
1994-04-11,0.9237643810880617
1994-04-12,0.9304277782283094
1994-04-13,0.9288188860751643
1994-04-14,0.9294321386188574
1994-04-15,0.9321375955354311
1994-04-18,0.9275839209469321
1994-04-19,0.9219747662398239
1994-04-20,0.9187719183473596
1994-04-21,0.9147850277666273
1994-04-22,0.9150979198388811
1994-04-25,0.9072769682465659
1994-04-26,0.9158196170157118
1994-04-28,0.9200092660328666
1994-04-29,0.9264167656761053
1994-05-02,0.934909644843063
1994-05-03,0.9449931492352547
1994-05-04,0.9512744582791878
1994-05-05,0.9573708953727078
1994-05-06,0.9456562935843463
1994-05-09,0.9476488149728703
1994-05-10,0.9469612767546035
1994-05-11,0.9506501592583889
1994-05-12,0.9479963999788638
1994-05-13,0.9452196051098509
1994-05-16,0.9462250317297097
1994-05-17,0.9471412419491768
1994-05-18,0.9488095814409506
1994-05-19,0.957557461250472
1994-05-20,0.9618347878119659
1994-05-23,0.9613540933600584
1994-05-24,0.9572089140169696
1994-05-25,0.9594846600200073
1994-05-26,0.957056571951647
1994-05-27,0.9557299825135716
1994-05-31,0.954854891668811
1994-06-01,0.956259220405855
1994-06-02,0.9544997064291781
1994-06-03,0.9530905785506292
1994-06-06,0.9518227355571258
1994-06-07,0.9498736054788105
1994-06-08,0.9477174532293814
1994-06-09,0.9490748249968975
1994-06-10,0.9447375013217301
1994-06-13,0.9463796999926195
1994-06-14,0.9456855845334323
1994-06-15,0.945686724228881
1994-06-16,0.9468014491884102
1994-06-17,0.940371917185091
1994-06-20,0.9280786149650257
1994-06-21,0.9240720408879897
1994-06-22,0.924556987720494
1994-06-23,0.9196828709527711
1994-06-24,0.920806701907506
1994-06-27,0.9262292942406513
1994-06-28,0.9301620116222886
1994-06-29,0.9313547720345199
1994-06-30,0.9331228901931261
1994-07-01,0.9312234006636937
1994-07-05,0.9281034929196079
1994-07-06,0.9164533338020817
1994-07-07,0.9163355462257836
1994-07-08,0.9231624329545141
1994-07-11,0.9239487499168334
1994-07-12,0.924476677418237
1994-07-13,0.9243891511538447
1994-07-14,0.9276162082475338
1994-07-15,0.9249309937273358
1994-07-18,0.9216397655556295
1994-07-19,0.9185477834050769
1994-07-20,0.9223338963096103
1994-07-21,0.9253478814214584
1994-07-22,0.9261691304864486
1994-07-25,0.9289289005040444
1994-07-26,0.9357259842458698
1994-07-27,0.9361204583690718
1994-07-28,0.9378958364301981
1994-07-29,0.9379305578012916
1994-08-01,0.9378124511824331
1994-08-02,0.9410721112129626
1994-08-03,0.9382919295977454
1994-08-04,0.9368708731834331
1994-08-05,0.9386619414625641
1994-08-08,0.9371223980208748
1994-08-09,0.9371298753405651
1994-08-10,0.9361527948998485
1994-08-11,0.937646627265181
1994-08-12,0.9359004474040282
1994-08-15,0.929706354092214
1994-08-16,0.9305208564486432
1994-08-17,0.9328635621838262
1994-08-18,0.9352118248286941
1994-08-19,0.9380165069535752
1994-08-22,0.9383055024925832
1994-08-23,0.9383067944050283
1994-08-24,0.9424148060227453
1994-08-25,0.9459483023603599
1994-08-26,0.9480955018894055
1994-08-29,0.9499926436527343
1994-08-30,0.9475632977699792
1994-08-31,0.9460829009000058
1994-09-01,0.9453328872381488
1994-09-02,0.9432006369147444
1994-09-06,0.9444917884181402
1994-09-07,0.9425778652444469
1994-09-08,0.9401475371239357
1994-09-09,0.9405809177939037
1994-09-12,0.9454441998926124
1994-09-13,0.9472321110530669
1994-09-14,0.9425851423837742
1994-09-15,0.9447966013140705
1994-09-16,0.9416791390201796
1994-09-19,0.9416067480087992
1994-09-20,0.9376585068830959
1994-09-21,0.9401708748428107
1994-09-22,0.9429326483874092
1994-09-23,0.9420185898726426
1994-09-26,0.9355208003338251
1994-09-27,0.9404610420646321
1994-09-28,0.9308292984730977
1994-09-29,0.9282026535128842
1994-09-30,0.9232008963654762
1994-10-03,0.9256127502724578
1994-10-04,0.9261977720274073
1994-10-05,0.9334634357337283
1994-10-06,0.9327723066799729
1994-10-07,0.933323483075034
1994-10-10,0.9335267840518437
1994-10-11,0.9392268470696944
1994-10-12,0.9456792965495796
1994-10-13,0.9458617201720433
1994-10-14,0.9507237377598242
1994-10-17,0.947456809649795
1994-10-18,0.9492092914801743
1994-10-19,0.9481776988466646
1994-10-20,0.9500021134926647
1994-10-21,0.9524058720931389
1994-10-24,0.9527769894500797
1994-10-25,0.9565786993666475
1994-10-26,0.9568798475291068
1994-10-27,0.9566519288189786
1994-10-28,0.957167923949236
1994-10-31,0.9626411205318164
1994-11-01,0.9637845655499672
1994-11-02,0.9654608574888767
1994-11-03,0.9643237945519216
1994-11-04,0.9623900655798127
1994-11-07,0.9664568113380149
1994-11-08,0.9652763723250394
1994-11-09,0.9626349584345669
1994-11-10,0.9566210463700419
1994-11-11,0.9551946721927156
1994-11-14,0.9538542265600255
1994-11-15,0.9517093969819331
1994-11-16,0.9531734220919831
1994-11-17,0.952606185040295
1994-11-18,0.9492932736823778
1994-11-21,0.9497027606034175
1994-11-22,0.9503946478435134
1994-11-23,0.9580884303229859
1994-11-25,0.9590092542883263
1994-11-28,0.959613594392505
1994-11-29,0.9581396882522338
1994-11-30,0.9467592659951591
1994-12-01,0.9457605939691235
1994-12-02,0.9485703584348644
1994-12-05,0.9525976167517517
1994-12-06,0.9526934660198484
1994-12-07,0.9565413111608994
1994-12-08,0.9573784661017987
1994-12-09,0.9563432006808705
1994-12-12,0.9569153558182338
1994-12-13,0.9595231773684478
1994-12-14,0.9589345710864695
1994-12-15,0.9558177515640386
1994-12-16,0.956689699414174
1994-12-19,0.960021993526295
1994-12-20,0.9610098367463082
1994-12-21,0.961034527413797
1994-12-22,0.9652853313437317
1994-12-23,0.9668689601363363
1994-12-27,0.9702364033371695
1994-12-28,0.9723375691387598
1994-12-29,0.9709800021620705
1994-12-30,0.9703690055041773
1995-01-03,0.9699379335304487
1995-01-04,0.9694910483701067
1995-01-05,0.9664090047679752
1995-01-06,0.9664299060740771
1995-01-09,0.9661861655887725
1995-01-10,0.9683549896941847
1995-01-11,0.9704126089878982
1995-01-12,0.9703764781418089
1995-01-13,0.9699591230863358
1995-01-16,0.9707734904467411
1995-01-17,0.969080385716584
1995-01-18,0.9668592090364144
1995-01-19,0.9631333039961593
1995-01-20,0.9633531639380775
1995-01-23,0.9638606232477017
1995-01-24,0.9610451223351388
1995-01-25,0.958568534407601
1995-01-26,0.9568006333486755
1995-01-27,0.9546448824356798
1995-01-30,0.9565048719572975
1995-01-31,0.9576974912991684
1995-02-01,0.9606587642111893
1995-02-02,0.9605119976362689
1995-02-03,0.9619552584105925
1995-02-06,0.9644804699593574
1995-02-07,0.958148412808773
1995-02-08,0.9576499378995246
1995-02-09,0.9552371783373086
1995-02-10,0.955069768988171
1995-02-13,0.9508051369909034
1995-02-14,0.9462265174057147
1995-02-15,0.9405953235235767
1995-02-16,0.9408834254702052
1995-02-17,0.9396307498511158
1995-02-21,0.9385631768570253
1995-02-22,0.9361263029218782
1995-02-23,0.9394902585064063
1995-02-24,0.9391826404971576
1995-02-27,0.9309797197373388
1995-02-28,0.9348908863494519
1995-03-01,0.9337182106553152
1995-03-02,0.9303400680801
1995-03-03,0.9267391535825933
1995-03-06,0.9236017869046814
1995-03-07,0.9207125220530735
1995-03-08,0.9107246878735372
1995-03-09,0.9013379944139656
1995-03-10,0.9000296749190609
1995-03-13,0.9004632636740234
1995-03-14,0.9020439175539784
1995-03-15,0.9009247012339795
1995-03-16,0.9003241590784165
1995-03-17,0.9036154787760717
1995-03-20,0.9035861616060918
1995-03-21,0.903458686656599
1995-03-22,0.9018701354116028
1995-03-23,0.901379379486039
1995-03-24,0.8973306204618549
1995-03-27,0.8967221134463846
1995-03-28,0.8869695892347681
1995-03-29,0.878374602107726
1995-03-30,0.8498145712834496
1995-03-31,0.8262947633618583
1995-04-03,0.8173895878777783
1995-04-04,0.7872358740573854
1995-04-05,0.802110271931287
1995-04-06,0.8004269013179504
1995-04-07,0.8082178274568623
1995-04-10,0.7995842231317767
1995-04-11,0.780264080366662
1995-04-12,0.7704933181113547
1995-04-13,0.7487921150949609
1995-04-17,0.7397418525539174
1995-04-18,0.7226622661558672
1995-04-19,0.6992337897170179
1995-04-20,0.6874957845962835
1995-04-21,0.6789986493442322
1995-04-24,0.6974152970924498
1995-04-25,0.698797759138868
1995-04-26,0.6920444327796967
1995-04-27,0.6797026056805047
1995-04-28,0.6652008379053742
1995-05-01,0.6668407080257572
1995-05-02,0.6738434375740836
1995-05-03,0.6743765247136058
1995-05-04,0.6801549984426807
1995-05-05,0.6648403734127228
1995-05-08,0.6470518777512597
1995-05-09,0.6206256732851319
1995-05-10,0.6209379729641479
1995-05-11,0.590620503857205
1995-05-12,0.5930656068459731
1995-05-15,0.584273397545348
1995-05-16,0.5782181601868491
1995-05-17,0.5969547336464703
1995-05-18,0.6257067212580332
1995-05-19,0.6802316092262102
1995-05-22,0.6854988554438272
1995-05-23,0.682261774758672
1995-05-24,0.6753425739509581
1995-05-25,0.6802667816827895
1995-05-26,0.6779904574060323
1995-05-30,0.6858185940999298
1995-05-31,0.6797272615511278
1995-06-01,0.7112538363408701
1995-06-02,0.7114393497658896
1995-06-05,0.696525901764858
1995-06-06,0.6926159901257567
1995-06-07,0.6910606947519837
1995-06-08,0.6719721553288166
1995-06-09,0.6719943254469046
1995-06-12,0.6773679329655571
1995-06-13,0.6804829333310516
1995-06-14,0.6949095148838214
1995-06-15,0.684898501302114
1995-06-16,0.689903902006425
1995-06-19,0.6824068656346558
1995-06-20,0.6783851358228884
1995-06-21,0.661566240608202
1995-06-22,0.6491449128032595
1995-06-23,0.6198179376917909
1995-06-26,0.5832918268585118
1995-06-27,0.5776207901753133
1995-06-28,0.5881443620267756
1995-06-29,0.5893602123816352
1995-06-30,0.5098583035206996
1995-07-03,0.5120465939769349
1995-07-05,0.5139614550232542
1995-07-06,0.49110833949329213
1995-07-07,0.501007327241284
1995-07-10,0.5115293330041255
1995-07-11,0.5075020822094082
1995-07-12,0.5154253931258322
1995-07-13,0.5190851502748702
1995-07-14,0.515183616318584
1995-07-17,0.5168604904611669
1995-07-18,0.5147727499781962
1995-07-19,0.5086940989722145
1995-07-20,0.4885781669182649
1995-07-21,0.4856506934690596
1995-07-24,0.4826021713329632
1995-07-25,0.4437499305026931
1995-07-26,0.441137449162665
1995-07-27,0.441428102540273
1995-07-28,0.4535877467855701
1995-07-31,0.4654078399382696
1995-08-01,0.4885039172603674
1995-08-02,0.4994576512338573
1995-08-03,0.4997920265849933
1995-08-04,0.48925522522148684
1995-08-07,0.44287941030933836
1995-08-08,0.4254209657139453
1995-08-09,0.41244150853032074
1995-08-10,0.41800747562248997
1995-08-11,0.37441237302294406
1995-08-14,0.38377290262017333
1995-08-15,0.392390132427672
1995-08-16,0.39517018796538605
1995-08-17,0.4014715616403982
1995-08-18,0.3979508403217192
1995-08-21,0.39387006743893155
1995-08-22,0.3930577829385827
1995-08-23,0.3909812338035437
1995-08-24,0.38575521403848007
1995-08-25,0.37643216922915773
1995-08-28,0.3807497413815454
1995-08-29,0.38840785665712096
1995-08-30,0.3992385224986121
1995-08-31,0.4043957014534049
1995-09-01,0.4030258873536343
1995-09-05,0.3968907883692287
1995-09-06,0.4129582936128686
1995-09-07,0.403777581235435
1995-09-08,0.4066402187593147
1995-09-11,0.38820661614879015
1995-09-12,0.3807845215508081
1995-09-13,0.3857522852961781
1995-09-14,0.36799237082258585
1995-09-15,0.39667681031213414
1995-09-18,0.38326250107617343
1995-09-19,0.3863346327695515
1995-09-20,0.35458889781115566
1995-09-21,0.3440530146905527
1995-09-22,0.3410634783210101
1995-09-25,0.3322232795068206
1995-09-26,0.33007115437011125
1995-09-27,0.325042988456615
1995-09-28,0.33618096855791824
1995-09-29,0.33166485748436264
1995-10-02,0.33278745124429343
1995-10-03,0.33131416330588875
1995-10-04,0.2969630739496026
1995-10-05,0.25972013230176444
1995-10-06,0.24145333603268387
1995-10-09,0.23849014021559578
1995-10-10,0.24197101914141889
1995-10-11,0.2579665723701384
1995-10-12,0.2541123058788043
1995-10-13,0.2616219195752248
1995-10-16,0.24777013413134386
1995-10-17,0.24849949329101348
1995-10-18,0.24652133068639914
1995-10-19,0.24804298384990534
1995-10-20,0.23068403997204676
1995-10-23,0.22928033017947405
1995-10-24,0.21872257265277126
1995-10-25,0.21712721207982488
1995-10-26,0.22165942380040218
1995-10-27,0.2403149496703198
1995-10-30,0.2504615510373802
1995-10-31,0.2591987793249514
1995-11-01,0.2575858030834436
1995-11-02,0.25571657576930595
1995-11-03,0.2712495306727197
1995-11-06,0.24993561509888482
1995-11-07,0.25047652318881114
1995-11-08,0.2633968037890928
1995-11-09,0.27303815374153534
1995-11-10,0.2656227628526006
1995-11-13,0.25036745760995366
1995-11-14,0.25911970150334723
1995-11-15,0.2630443870431785
1995-11-16,0.2522405092212579
1995-11-17,0.24367058536202882
1995-11-20,0.23420516276491252
1995-11-21,0.22210795086484889
1995-11-22,0.19721934604843103
1995-11-24,0.18822020112591478
1995-11-27,0.18547117260787804
1995-11-28,0.19483045090662215
1995-11-29,0.195442684579798
1995-11-30,0.1860877699862069
1995-12-01,0.17961756522307396
1995-12-04,0.18408339514433603
1995-12-05,0.17080036295357753
1995-12-06,0.1653880589614398
1995-12-07,0.15815597795692887
1995-12-08,0.1486825412615144
1995-12-11,0.13541751284463943
1995-12-12,0.13349685717725918
1995-12-13,0.13279843171298192
1995-12-14,0.14022658489908207
1995-12-15,0.14977512941881316
1995-12-18,0.1514036758613876
1995-12-19,0.16219426431264
1995-12-20,0.15921267821661672
1995-12-21,0.17339516058535595
1995-12-22,0.16788913104362696
1995-12-26,0.170759818245142
1995-12-27,0.17585739870705258
1995-12-28,0.17510824460313007
1995-12-29,0.16357067974878625
1996-01-02,0.15661688874839966
1996-01-03,0.15892752824456635
1996-01-04,0.15769236020698021
1996-01-05,0.1415646593394655
1996-01-08,0.1318705777315064
1996-01-09,0.12608866336890087
1996-01-10,0.13782609468702428
1996-01-11,0.147034065436691
1996-01-12,0.1457386343216406
1996-01-15,0.15769720002675489
1996-01-16,0.16236287275085404
1996-01-17,0.18340840282986837
1996-01-18,0.18997932981772706
1996-01-19,0.19715105358994028
1996-01-22,0.18531230907050864
1996-01-23,0.19620606665679113
1996-01-24,0.1872357924502153
1996-01-25,0.19177001334695795
1996-01-26,0.18807188573642988
1996-01-29,0.19513547348969493
1996-01-30,0.19139010975553147
1996-01-31,0.19619456391055928
1996-02-01,0.18844959144081597
1996-02-02,0.19298518902041228
1996-02-05,0.2155925494210552
1996-02-06,0.2337721802032207
1996-02-07,0.23878047914624956
1996-02-08,0.25292639221350344
1996-02-09,0.2552346994743213
1996-02-12,0.25984540556754065
1996-02-13,0.2682062629179324
1996-02-14,0.2827619001599537
1996-02-15,0.27493708436409114
1996-02-16,0.2824710626046631
1996-02-20,0.2752202555184407
1996-02-21,0.28088716708691014
1996-02-22,0.2863033713458041
1996-02-23,0.30528631924890826
1996-02-26,0.2862742765054584
1996-02-27,0.29207058950166864
1996-02-28,0.2933227692546961
1996-02-29,0.2813168676355956
1996-03-01,0.25892673449572695
1996-03-04,0.23783772791419652
1996-03-05,0.23044819387105636
1996-03-06,0.21864301891928908
1996-03-07,0.2022195540135046
1996-03-08,0.1852830503354063
1996-03-11,0.2311652927919868
1996-03-12,0.21876505483888403
1996-03-13,0.22321770291022727
1996-03-14,0.207622812972378
1996-03-15,0.21914800405279652
1996-03-18,0.22823677647457133
1996-03-19,0.25591229982923147
1996-03-20,0.26502864069414334
1996-03-21,0.28865612104954386
1996-03-22,0.27505797558123274
1996-03-25,0.2556036380651674
1996-03-26,0.26235304713913743
1996-03-27,0.27822648835117414
1996-03-28,0.28541551111768976
1996-03-29,0.29359684838872546
1996-04-01,0.3074687857399841
1996-04-02,0.3167241556113596
1996-04-03,0.3095737313154187
1996-04-04,0.2964885533178762
1996-04-08,0.3038952332174421
1996-04-09,0.31772436727103504
1996-04-10,0.31029570571818954
1996-04-11,0.3043499996594059
1996-04-12,0.32425140918453144
1996-04-15,0.34066038650434766
1996-04-16,0.3374452890767664
1996-04-17,0.3298170495969622
1996-04-18,0.2760211422489024
1996-04-19,0.2700292729618418
1996-04-22,0.2735326306085228
1996-04-23,0.2869407755379103
1996-04-24,0.28343671733105313
1996-04-25,0.2913775881217988
1996-04-26,0.2892917949743264
1996-04-29,0.3006925846474866
1996-04-30,0.29935975718585484
1996-05-01,0.3085218730184971
1996-05-02,0.295609799900971
1996-05-03,0.3163069930213713
1996-05-06,0.31385728837361143
1996-05-07,0.32645467495272174
1996-05-08,0.33422945664406384
1996-05-09,0.3585008667513316
1996-05-10,0.3753886924716532
1996-05-13,0.4077792920258783
1996-05-14,0.42617678169809226
1996-05-15,0.41529348561080537
1996-05-16,0.4066741587344735
1996-05-17,0.3828312627407809
1996-05-20,0.3701697175454975
1996-05-21,0.3752350539383714
1996-05-22,0.3811869595551971
1996-05-23,0.37381156289301126
1996-05-24,0.3809972745203187
1996-05-28,0.3595320519954679
1996-05-29,0.3641061947017054
1996-05-30,0.3963253145920957
1996-05-31,0.40144838319139925
1996-06-03,0.4020062799937437
1996-06-04,0.4217689160245792
1996-06-05,0.44257537377550515
1996-06-06,0.44795526355018034
1996-06-07,0.46790773341020114
1996-06-10,0.4352360308652554
1996-06-11,0.4390028081968743
1996-06-12,0.42632013415295444
1996-06-13,0.3778523228220847
1996-06-14,0.35391460056035834
1996-06-17,0.3580937364635037
1996-06-18,0.3727736203471977
1996-06-19,0.3561940856904585
1996-06-20,0.33653516214860396
1996-06-21,0.35970717809286745
1996-06-24,0.33950387481280037
1996-06-25,0.3227580590672259
1996-06-26,0.30381102366086776
1996-06-27,0.31687786650510436
1996-06-28,0.319815178719714
1996-07-01,0.3098156529324952
1996-07-02,0.32961989441720224
1996-07-03,0.34069914197713236
1996-07-05,0.3468572024310674
1996-07-08,0.38195188955486
1996-07-09,0.40230509805382764
1996-07-10,0.39997781146391487
1996-07-11,0.4273327816522379
1996-07-12,0.4556068235866662
1996-07-15,0.46615072749322256
1996-07-16,0.530354138820352
1996-07-17,0.5339098251061796
1996-07-18,0.5236566469491708
1996-07-19,0.5607983613309966
1996-07-22,0.5686763395718246
1996-07-23,0.582974276117761
1996-07-24,0.5895105932599403
1996-07-25,0.5954467478709125
1996-07-26,0.6217982277328223
1996-07-29,0.6397798699969894
1996-07-30,0.6317045277224679
1996-07-31,0.6267546968223946
1996-08-01,0.6120086599875694
1996-08-02,0.6329162662842558
1996-08-05,0.6561580480206376
1996-08-06,0.67702270772686
1996-08-07,0.699407110423126
1996-08-08,0.7075292454903177
1996-08-09,0.711260940310271
1996-08-12,0.7260422839318393
1996-08-13,0.7444582891973762
1996-08-14,0.7506939725721709
1996-08-15,0.7682888770914665
1996-08-16,0.7647253556775381
1996-08-19,0.7416763254856074
1996-08-20,0.7451720970851775
1996-08-21,0.7504406317165623
1996-08-22,0.7459164720665366
1996-08-23,0.7509150678594293
1996-08-26,0.7562394337823883
1996-08-27,0.7477063352986255
1996-08-28,0.7528941647947186
1996-08-29,0.7449571618474679
1996-08-30,0.7429984227796226
1996-09-03,0.7092080160806749
1996-09-04,0.6507459181581662
1996-09-05,0.6452679207938349
1996-09-06,0.6348396062073222
1996-09-09,0.6369467795064803
1996-09-10,0.6545331957747563
1996-09-11,0.662634123642285
1996-09-12,0.6614815530609046
1996-09-13,0.6874549093071242
1996-09-16,0.7010223429619716
1996-09-17,0.7040942228187118
1996-09-18,0.7040353375527215
1996-09-19,0.7115241595719612
1996-09-20,0.7008482473674496
1996-09-23,0.6979476574060473
1996-09-24,0.6775505051757407
1996-09-25,0.6782602472620969
1996-09-26,0.6792004378895545
1996-09-27,0.6864876889188746
1996-09-30,0.6864814810150639
1996-10-01,0.6864020279057698
1996-10-02,0.6954732367461929
1996-10-03,0.6959838263603257
1996-10-04,0.7027398334425413
1996-10-07,0.7147169499119345
1996-10-08,0.6880360522734563
1996-10-09,0.6542803328857348
1996-10-10,0.6592425062099976
1996-10-11,0.6564086084232655
1996-10-14,0.6423530360868208
1996-10-15,0.5867337169143023
1996-10-16,0.5792463512214828
1996-10-17,0.5746311445321379
1996-10-18,0.5793684942240074
1996-10-21,0.5616410354603434
1996-10-22,0.5393036180853289
1996-10-23,0.545295695824838
1996-10-24,0.528406905244283
1996-10-25,0.5076326973052371
1996-10-28,0.506678690228644
1996-10-29,0.5178377967228933
1996-10-30,0.5082585719142456
1996-10-31,0.5086749819198537
1996-11-01,0.5130761694093227
1996-11-04,0.5195177482428658
1996-11-05,0.4709325697951958
1996-11-06,0.46537774767230183
1996-11-07,0.5021042308045419
1996-11-08,0.510474021684323
1996-11-11,0.5112408524833604
1996-11-12,0.4940992218169367
1996-11-13,0.48370364180471254
1996-11-14,0.498074682361217
1996-11-15,0.5043660928916087
1996-11-18,0.5033259079177472
1996-11-19,0.48350734279597024
1996-11-20,0.5003255063259778
1996-11-21,0.49850813849579517
1996-11-22,0.5032702743031802
1996-11-25,0.5140828432919908
1996-11-26,0.5464510020801812
1996-11-27,0.563132885380606
1996-11-29,0.557640634339706
1996-12-02,0.5690644273218692
1996-12-03,0.584149158852983
1996-12-04,0.6241696273869338
1996-12-05,0.6331764039214978
1996-12-06,0.604015385383405
1996-12-09,0.5664036613829685
1996-12-10,0.5730397554518599
1996-12-11,0.5518656755831162
1996-12-12,0.55689209272091
1996-12-13,0.5655721579355206
1996-12-16,0.5569008209291271
1996-12-17,0.5155874780023829
1996-12-18,0.5221859297238386
1996-12-19,0.5022684149636336
1996-12-20,0.5198958699909868
1996-12-23,0.5190952493998464
1996-12-24,0.5319837812527749
1996-12-26,0.5172684148894541
1996-12-27,0.488278316767683
1996-12-30,0.4930093193008424
1996-12-31,0.5093157623164037
1997-01-02,0.5252486419975572
1997-01-03,0.5171121473639662
1997-01-06,0.5458517094457755
1997-01-07,0.5631967504891807
1997-01-08,0.5445376686306773
1997-01-09,0.5217095261572019
1997-01-10,0.49906222012271473
1997-01-13,0.4949783956925236
1997-01-14,0.48848128890020576
1997-01-15,0.5293442259690679
1997-01-16,0.5372519778671275
1997-01-17,0.5644896061282353
1997-01-20,0.5813419267148884
1997-01-21,0.5861063195799825
1997-01-22,0.5268740368238406
1997-01-23,0.5283094214640967
1997-01-24,0.5277720752751732
1997-01-27,0.5305314040534284
1997-01-28,0.5244984785753112
1997-01-29,0.5404864048424468
1997-01-30,0.5735432006613073
1997-01-31,0.6066324467908012
1997-02-03,0.6183798975345873
1997-02-04,0.6098772217376528
1997-02-05,0.6339633347373208
1997-02-06,0.657314383515482
1997-02-07,0.6815717921483425
1997-02-10,0.679230337186171
1997-02-11,0.6901771438880634
1997-02-12,0.6925592528772542
1997-02-13,0.6697166064398148
1997-02-14,0.6578116394212815
1997-02-18,0.6384863968390021
1997-02-19,0.5906166670022778
1997-02-20,0.596612554668918
1997-02-21,0.6184789297714106
1997-02-24,0.6092782199478239
1997-02-25,0.6004168678686743
1997-02-26,0.6052050830015722
1997-02-27,0.6161359147493363
1997-02-28,0.6203081508051003
1997-03-03,0.6116759869050906
1997-03-04,0.5893610731419104
1997-03-05,0.5967184320136409
1997-03-06,0.5935534326022137
1997-03-07,0.5898053641745794
1997-03-10,0.5399568636858209
1997-03-11,0.5515109966449417
1997-03-12,0.5043502506688946
1997-03-13,0.5117688785820064
1997-03-14,0.523717183261185
1997-03-17,0.4722180442219267
1997-03-18,0.46357715701467556
1997-03-19,0.4684144187139967
1997-03-20,0.4319571627037121
1997-03-21,0.4293973952754767
1997-03-24,0.4468606625722204
1997-03-25,0.4551322443407686
1997-03-26,0.43539015804768544
1997-03-27,0.4211480704344837
1997-03-31,0.460410013417768
1997-04-01,0.4908965438205321
1997-04-02,0.5286563267716469
1997-04-03,0.5350501328791379
1997-04-04,0.5592790670859838
1997-04-07,0.535216726737807
1997-04-08,0.5146295957671897
1997-04-09,0.4815506326832544
1997-04-10,0.4106023087323259
1997-04-11,0.3858298077365696
1997-04-14,0.43463319497771385
1997-04-15,0.47691525014272995
1997-04-16,0.4986317489480417
1997-04-17,0.5089425702962584
1997-04-18,0.5437192546780014
1997-04-21,0.5742764919078881
1997-04-22,0.5987866784297707
1997-04-23,0.634547422027716
1997-04-24,0.624224162946547
1997-04-25,0.6420638396568588
1997-04-28,0.6485824836711634
1997-04-29,0.6762022719381988
1997-04-30,0.7271161825680859
1997-05-01,0.7417370385091264
1997-05-02,0.7405319384177004
1997-05-05,0.7564372461180432
1997-05-06,0.7557568372351232
1997-05-07,0.7402301410932934
1997-05-08,0.7550830119538917
1997-05-09,0.7633457453891638
1997-05-12,0.7832876432053105
1997-05-13,0.8115644357098286
1997-05-14,0.8307127966643014
1997-05-15,0.8261011346457526
1997-05-16,0.820541545542052
1997-05-19,0.8441920888412191
1997-05-20,0.8420478725142565
1997-05-21,0.8440324824530342
1997-05-22,0.8301432516151804
1997-05-23,0.8310808693176476
1997-05-27,0.8395200247226732
1997-05-28,0.8341271653414696
1997-05-29,0.8155609886384604
1997-05-30,0.7631742634263541
1997-06-02,0.7304269080273046
1997-06-03,0.7145782363062996
1997-06-04,0.664645087209841
1997-06-05,0.5999096421621716
1997-06-06,0.5729642275758348
1997-06-09,0.5847186768363277
1997-06-10,0.5607866326788046
1997-06-11,0.5353172374631501
1997-06-12,0.4761751647715143
1997-06-13,0.48023603603538895
1997-06-16,0.4548156038483125
1997-06-17,0.42119677801948574
1997-06-18,0.3961132241317085
1997-06-19,0.3870319853487161
1997-06-20,0.3578833358394386
1997-06-23,0.3622649429519275
1997-06-24,0.4173743396606667
1997-06-25,0.3988362774010233
1997-06-26,0.3813092142434979
1997-06-27,0.39341340380767864
1997-06-30,0.3992659828311948
1997-07-01,0.40160484837968224
1997-07-02,0.4014572131408051
1997-07-03,0.4132383573346716
1997-07-07,0.3859025435403902
1997-07-08,0.36458306269836266
1997-07-09,0.3199272977612094
1997-07-10,0.3109893831100514
1997-07-11,0.2674456709158858
1997-07-14,0.24689068899938763
1997-07-15,0.17337068508519982
1997-07-16,0.14280689496373927
1997-07-17,0.13857618540846303
1997-07-18,0.14393094879413793
1997-07-21,0.1456277597848378
1997-07-22,0.1278334858739202
1997-07-23,0.1290087112712261
1997-07-24,0.12832785736721883
1997-07-25,0.10714482983644893
1997-07-28,0.11224233377097065
1997-07-29,0.10965698912327569
1997-07-30,0.11359501441400635
1997-07-31,0.12144058908409792
1997-08-01,0.1312242045285866
1997-08-04,0.13570886856475084
1997-08-05,0.11809247912821186
1997-08-06,0.12284629816346816
1997-08-07,0.11861247611447553
1997-08-08,0.12198631457263784
1997-08-11,0.1263427397573387
1997-08-12,0.1284690640211324
1997-08-13,0.12403543373672196
1997-08-14,0.11827971759419974
1997-08-15,0.10326202468796158
1997-08-18,0.12250372872920147
1997-08-19,0.13493410463217706
1997-08-20,0.14490015553946317
1997-08-21,0.11873365612740813
1997-08-22,0.13070762791934806
1997-08-25,0.12329870162619982
1997-08-26,0.11732156022978946
1997-08-27,0.11918106016390842
1997-08-28,0.11170749599201316
1997-08-29,0.09225778258939611
1997-09-02,0.08172013064315527
1997-09-03,0.10341305400478522
1997-09-04,0.09879519148817283
1997-09-05,0.08886344972793182
1997-09-08,0.08712332198394628
1997-09-09,0.1012091380156225
1997-09-10,0.11092983580589788
1997-09-11,0.12169490232100066
1997-09-12,0.14404897176118706
1997-09-15,0.18153613008088118
1997-09-16,0.20001220290538027
1997-09-17,0.24432659184226418
1997-09-18,0.2375390042023054
1997-09-19,0.22264595289439937
1997-09-22,0.20628376299286438
1997-09-23,0.2142688163367541
1997-09-24,0.21122888050021352
1997-09-25,0.21906310949159882
1997-09-26,0.23433153336500775
1997-09-29,0.24456056602874401
1997-09-30,0.26424260400047683
1997-10-01,0.28790153736284674
1997-10-02,0.2232370610119825
1997-10-03,0.2202416948740261
1997-10-06,0.2321596875140166
1997-10-07,0.2382122146492274
1997-10-08,0.2301655700996751
1997-10-09,0.2267785556398205
1997-10-10,0.2302821909028911
1997-10-13,0.25026268548674063
1997-10-14,0.23541987047385135
1997-10-15,0.23866771197983241
1997-10-16,0.1743305746603662
1997-10-17,0.18291046218889706
1997-10-20,0.1834582645690335
1997-10-21,0.17988842972001626
1997-10-22,0.1741961509144411
1997-10-23,0.17686384532581684
1997-10-24,0.18681904992168472
1997-10-27,0.19179027499288978
1997-10-28,0.34130669371826894
1997-10-29,0.42152542116245967
1997-10-30,0.43492137374910067
1997-10-31,0.4412342232622482
1997-11-03,0.4359183824602012
1997-11-04,0.46350399325650044
1997-11-05,0.47425458885710936
1997-11-06,0.48505770876555127
1997-11-07,0.520570334464437
1997-11-10,0.5558472326333402
1997-11-11,0.5864242555640342
1997-11-12,0.6004475415307142
1997-11-13,0.625616569702184
1997-11-14,0.6672654122992746
1997-11-17,0.7095231667376368
1997-11-18,0.7496030156819594
1997-11-19,0.7607606580486271
1997-11-20,0.7520579112015788
1997-11-21,0.7710721601604599
1997-11-24,0.8070725280643445
1997-11-25,0.8438349261782264
1997-11-26,0.8354525963734246
1997-11-28,0.7294267659036647
1997-12-01,0.7533232271978978
1997-12-02,0.782902254443401
1997-12-03,0.7576564537077838
1997-12-04,0.6630216138648124
1997-12-05,0.6432849847191837
1997-12-08,0.6119277182717748
1997-12-09,0.6158827394699634
1997-12-10,0.6113531551393674
1997-12-11,0.6052061309322239
1997-12-12,0.5863044934597451
1997-12-15,0.5916749931409897
1997-12-16,0.5406498834166903
1997-12-17,0.5038091945436629
1997-12-18,0.4403583508810689
1997-12-19,0.47960853101658324
1997-12-22,0.4694178748955417
1997-12-23,0.4167765805517857
1997-12-24,0.4109519935553279
1997-12-26,0.43183854169976305
1997-12-29,0.41980702481614773
1997-12-30,0.43143661890191715
1997-12-31,0.41137562498449315
1998-01-02,0.3348615617460031
1998-01-05,0.34489248548194723
1998-01-06,0.3203004332248925
1998-01-07,0.33285814324089164
1998-01-08,0.29474453976329157
1998-01-09,0.3137264239194493
1998-01-12,0.37860175448202826
1998-01-13,0.40514427201782616
1998-01-14,0.4625629933365943
1998-01-15,0.48510091674058103
1998-01-16,0.487068227603714
1998-01-20,0.5119882477057349
1998-01-21,0.5455587825783731
1998-01-22,0.5812257689545488
1998-01-23,0.616205089213807
1998-01-26,0.6000882448455095
1998-01-27,0.6055149784604313
1998-01-28,0.6157650875535685
1998-01-29,0.6127940371311202
1998-01-30,0.5796217906921806
1998-02-02,0.5572521715515487
1998-02-03,0.5829390615984995
1998-02-04,0.5750332712052109
1998-02-05,0.5772250921282219
1998-02-06,0.5665677179511753
1998-02-09,0.5808835601348642
1998-02-10,0.6185409145608163
1998-02-11,0.6099983674631732
1998-02-12,0.6095512357047209
1998-02-13,0.6227063810486797
1998-02-17,0.6486512464700014
1998-02-18,0.6551996420822128
1998-02-19,0.6509833692490656
1998-02-20,0.5982902818727815
1998-02-23,0.572826874445882
1998-02-24,0.5613410879625982
1998-02-25,0.5849867335845268
1998-02-26,0.5910957228918415
1998-02-27,0.5497397411186525
1998-03-02,0.5030571409650711
1998-03-03,0.4629960206233207
1998-03-04,0.45474198911549585
1998-03-05,0.35366816495194486
1998-03-06,0.36602277694194185
1998-03-09,0.37404815378973993
1998-03-10,0.3869470089158029
1998-03-11,0.3855807220274449
1998-03-12,0.38389414524243476
1998-03-13,0.34923169498996637
1998-03-16,0.3105504393039191
1998-03-17,0.30078630121458416
1998-03-18,0.29468181076628336
1998-03-19,0.26617712279315753
1998-03-20,0.23265534360702195
1998-03-23,0.22435524615463523
1998-03-24,0.21422871965118911
1998-03-25,0.21355334397121953
1998-03-26,0.21097414264974348
1998-03-27,0.19285401261246407
1998-03-30,0.16002385814975362
1998-03-31,0.13140539625056052
1998-04-01,0.12563979293121513
1998-04-02,0.1027332924232302
1998-04-03,0.09712346094401329
1998-04-06,0.09949995467641021
1998-04-07,0.08138355481281133
1998-04-08,0.08941547105812747
1998-04-09,0.07880033970911557
1998-04-13,0.07397972469397421
1998-04-14,0.05593953245279128
1998-04-15,0.05521231127930706
1998-04-16,0.05124357287612462
1998-04-17,0.055606682258320335
1998-04-20,0.05398196786083555
1998-04-21,0.055327893882246404
1998-04-22,0.04798854786675256
1998-04-23,0.05455381878664296
1998-04-24,0.05073737439403912
1998-04-27,0.051799298671775275
1998-04-28,0.05446079579954227
1998-04-29,0.0602264184127831
1998-04-30,0.0760621049164235
1998-05-01,0.08544687535486575
1998-05-04,0.08532681459376658
1998-05-05,0.09231168777723729
1998-05-06,0.11115181233892452
1998-05-07,0.11646095171492085
1998-05-08,0.1156516717815037
1998-05-11,0.13460385064937364
1998-05-12,0.13675315826221873
1998-05-13,0.15949077970774664
1998-05-14,0.15501199129043478
1998-05-15,0.16119092630899426
1998-05-18,0.18275167000213519
1998-05-19,0.15290080023715175
1998-05-20,0.15508516930788876
1998-05-21,0.16707804030897055
1998-05-22,0.16260153529563984
1998-05-26,0.16326909377181564
1998-05-27,0.20125691392432066
1998-05-28,0.22298505115484712
1998-05-29,0.23667227195128088
1998-06-01,0.23225429633681952
1998-06-02,0.2109006810963693
1998-06-03,0.19248034558229257
1998-06-04,0.18564132167279426
1998-06-05,0.18435336630333862
1998-06-08,0.20721366163221105
1998-06-09,0.23902563198426643
1998-06-10,0.23331039379391716
1998-06-11,0.2503541597882154
1998-06-12,0.2658237276816748
1998-06-15,0.2943078953229116
1998-06-16,0.3422833573500676
1998-06-17,0.3737516481214155
1998-06-18,0.41500551832449817
1998-06-19,0.4141266388589042
1998-06-22,0.4223056286014991
1998-06-23,0.43669961828792764
1998-06-24,0.4160546804410381
1998-06-25,0.47134815593723955
1998-06-26,0.47045637474835605
1998-06-29,0.45723443021975874
1998-06-30,0.4773931860678273
1998-07-01,0.4889474845604031
1998-07-02,0.5085374259894502
1998-07-06,0.5555463471449449
1998-07-07,0.5795905126443086
1998-07-08,0.5373156213968422
1998-07-09,0.55996154908136
1998-07-10,0.5437473750084062
1998-07-13,0.5583875975844489
1998-07-14,0.5694439853128171
1998-07-15,0.580486960969407
1998-07-16,0.6011727384710615
1998-07-17,0.6239078010872171
1998-07-20,0.5785790092350638
1998-07-21,0.5469681356669174
1998-07-22,0.5738847798321519
1998-07-23,0.6014374231590701
1998-07-24,0.599685799240812
1998-07-27,0.5726655874840915
1998-07-28,0.5771530675788813
1998-07-29,0.5823641172964042
1998-07-30,0.5757182071539015
1998-07-31,0.6161406830989692
1998-08-03,0.6123801413430907
1998-08-04,0.6039875648171261
1998-08-05,0.6462585176265696
1998-08-06,0.6608843286411592
1998-08-07,0.6508981932583818
1998-08-10,0.6452774715083311
1998-08-11,0.5974940751132747
1998-08-12,0.5996713708621393
1998-08-13,0.5553907306311914
1998-08-14,0.5361446405898997
1998-08-17,0.5054903823261161
1998-08-18,0.46705241320070373
1998-08-19,0.4968357360213529
1998-08-20,0.5461004686514211
1998-08-21,0.5834210704241907
1998-08-24,0.596016725439419
1998-08-25,0.6208381560136349
1998-08-26,0.6224722386278313
1998-08-27,0.6353501344230885
1998-08-28,0.6989118969625788
1998-08-31,0.643844627302125
1998-09-01,0.7777314388102016
1998-09-02,0.8608768575491186
1998-09-03,0.8894590999126384
1998-09-04,0.8961407260971798
1998-09-08,0.9022873895724598
1998-09-09,0.936300725919812
1998-09-10,0.9458274929008357
1998-09-11,0.9490421904047501
1998-09-14,0.9470615363570392
1998-09-15,0.9584363009700183
1998-09-16,0.9631786428625091
1998-09-17,0.966514145014569
1998-09-18,0.9648069346023715
1998-09-21,0.969206243170231
1998-09-22,0.9729768987023706
1998-09-23,0.9773718873229885
1998-09-24,0.9797605924408973
1998-09-25,0.9803258149020327
1998-09-28,0.9815575788358517
1998-09-29,0.9860207705559343
1998-09-30,0.9891944156768966
1998-10-01,0.991126842760041
1998-10-02,0.9906430983768126
1998-10-05,0.9928597361099994
1998-10-06,0.9943670335934437
1998-10-07,0.9955325358903234
1998-10-08,0.9920265413697741
1998-10-09,0.9923636520322343
1998-10-12,0.993673209750515
1998-10-13,0.9911268573034464
1998-10-14,0.988138082656071
1998-10-15,0.9871487240983913
1998-10-16,0.9879151043060321
1998-10-19,0.986922259473229
1998-10-20,0.9849150920075396
1998-10-21,0.9853437938146117
1998-10-22,0.9863998546640151
1998-10-23,0.9788987107750878
1998-10-26,0.9764385201846583
1998-10-27,0.972933587195574
1998-10-28,0.9477449932421729
1998-10-29,0.9557055360761795
1998-10-30,0.9557539862563982
1998-11-02,0.9495382234250593
1998-11-03,0.9463329915363924
1998-11-04,0.9613597733161792
1998-11-05,0.964973678681857
1998-11-06,0.9684126814104665
1998-11-09,0.969303143497652
1998-11-10,0.961474743151205
1998-11-11,0.9534748695083555
1998-11-12,0.9529333947493512
1998-11-13,0.9363349810253884
1998-11-16,0.8729709401106149
1998-11-17,0.8581127399032598
1998-11-18,0.8599153590874549
1998-11-19,0.8360301240504895
1998-11-20,0.8266839312445595
1998-11-23,0.8321743746985285
1998-11-24,0.8486886638887572
1998-11-25,0.8297437005320868
1998-11-27,0.8338695019190562
1998-11-30,0.8302511611010267
1998-12-01,0.8398850504717866
1998-12-02,0.8412379881288499
1998-12-03,0.8219720461713932
1998-12-04,0.8357137239163925
1998-12-07,0.8313160525813837
1998-12-08,0.8206483039983663
1998-12-09,0.8046606508086307
1998-12-10,0.7977647300921603
1998-12-11,0.7967408427494121
1998-12-14,0.7778023186940163
1998-12-15,0.7924439933878606
1998-12-16,0.8048725019259293
1998-12-17,0.8112657793071333
1998-12-18,0.797554608718438
1998-12-21,0.778420197742491
1998-12-22,0.754307963556844
1998-12-23,0.7387352733971829
1998-12-24,0.6736276098622801
1998-12-28,0.647252505328317
1998-12-29,0.6306225828146133
1998-12-30,0.6495083738859765
1998-12-31,0.691853249819676
1999-01-04,0.6894998121707114
1999-01-05,0.7161819085954118
1999-01-06,0.7483003518945051
1999-01-07,0.7110030850810181
1999-01-08,0.6849790186356929
1999-01-11,0.6683467530724727
1999-01-12,0.6053250402659978
1999-01-13,0.6352084580938477
1999-01-14,0.6523161315964437
1999-01-15,0.6936291650455519
1999-01-19,0.669118095372488
1999-01-20,0.7008126819591958
1999-01-21,0.704318081258412
1999-01-22,0.6999171823895214
1999-01-25,0.6534021185271581
1999-01-26,0.62999068191452
1999-01-27,0.5642470462032538
1999-01-28,0.570528311681407
1999-01-29,0.5885242784639806
1999-02-01,0.5729667291778178
1999-02-02,0.5735058519940781
1999-02-03,0.6284180058256014
1999-02-04,0.6499201566661367
1999-02-05,0.645005108993092
1999-02-08,0.5831546390765657
1999-02-09,0.6016675926689118
1999-02-10,0.6021087956831893
1999-02-11,0.6255544098477361
1999-02-12,0.674575363452244
1999-02-16,0.7168721237177077
1999-02-17,0.7426444952169987
1999-02-18,0.7109643156412839
1999-02-19,0.7238908648143838
1999-02-22,0.7125878089456231
1999-02-23,0.7578118736026641
1999-02-24,0.7729382585954001
1999-02-25,0.768923762133568
1999-02-26,0.7664165663319392
1999-03-01,0.7903954706627606
1999-03-02,0.7595099241307266
1999-03-03,0.7316066754450471
1999-03-04,0.7419306766495326
1999-03-05,0.754737077315624
1999-03-08,0.7370480582410436
1999-03-09,0.7776213933347077
1999-03-10,0.791803908163367
1999-03-11,0.8105388118773151
1999-03-12,0.8336818236908216
1999-03-15,0.8457093260105928
1999-03-16,0.8106593140185362
1999-03-17,0.8296745666747748
1999-03-18,0.8258384642546625
1999-03-19,0.8396864403902345
1999-03-22,0.8417447017757714
1999-03-23,0.856160819187053
1999-03-24,0.8316478428857885
1999-03-25,0.8405052740344768
1999-03-26,0.8488451564937052
1999-03-29,0.852557330228932
1999-03-30,0.8617179102630961
1999-03-31,0.8690467640329486
1999-04-01,0.8880203636572148
1999-04-05,0.8956062654456921
1999-04-06,0.8992167289951277
1999-04-07,0.8779821359556346
1999-04-08,0.8713286545919555
1999-04-09,0.8613043073120782
1999-04-12,0.840229561453148
1999-04-13,0.8288705444718744
1999-04-14,0.8256502976793626
1999-04-15,0.8240310736694214
1999-04-16,0.8261555499788646
1999-04-19,0.821512608196023
1999-04-20,0.8284697383306533
1999-04-21,0.8430571655834338
1999-04-22,0.8614799491151187
1999-04-23,0.8777380078871891
1999-04-26,0.8739450886582365
1999-04-27,0.8500122127783752
1999-04-28,0.8288304643425891
1999-04-29,0.7852673858316543
1999-04-30,0.7836398019023627
1999-05-03,0.8005714529854129
1999-05-04,0.8077745246667595
1999-05-05,0.7833711463552168
1999-05-06,0.7877751193910576
1999-05-07,0.7694422219785028
1999-05-10,0.7221567276344267
1999-05-11,0.7161572472300796
1999-05-12,0.6931106196576975
1999-05-13,0.7046068924607025
1999-05-14,0.719587134117209
1999-05-17,0.7531718773225702
1999-05-18,0.7527836940232484
1999-05-19,0.7689824540721564
1999-05-20,0.7603730661278466
1999-05-21,0.717095971647577
1999-05-24,0.6598235976068786
1999-05-25,0.6588154199831892
1999-05-26,0.6187930611469076
1999-05-27,0.6074221364817478
1999-05-28,0.627137188514217
1999-06-01,0.6366730750370782
1999-06-02,0.6436359062472744
1999-06-03,0.6111593687789958
1999-06-04,0.6150768189313152
1999-06-07,0.6301364743076032
1999-06-08,0.6769223482764679
1999-06-09,0.6739638116457588
1999-06-10,0.6931847874221513
1999-06-11,0.6711772050697025
1999-06-14,0.6310930028106716
1999-06-15,0.616922343476256
1999-06-16,0.5884544682038133
1999-06-17,0.617105269952159
1999-06-18,0.6550469084065321
1999-06-21,0.6474005250188183
1999-06-22,0.6541589582759232
1999-06-23,0.6811215364479298
1999-06-24,0.7287554698368669
1999-06-25,0.7775214209518017
1999-06-28,0.7617978083794364
1999-06-29,0.7954807601609701
1999-06-30,0.7967320033083644
1999-07-01,0.8088140244771587
1999-07-02,0.8237298499834006
1999-07-06,0.8247536738365132
1999-07-07,0.7980412796660958
1999-07-08,0.7875330892367893
1999-07-09,0.8046965159499105
1999-07-12,0.7947771053569443
1999-07-13,0.8070113757745484
1999-07-14,0.8205240650288743
1999-07-15,0.841012573826355
1999-07-16,0.8401032320139097
1999-07-19,0.8141375734133506
1999-07-20,0.8114318000267815
1999-07-21,0.8274210736738561
1999-07-22,0.7946227929685807
1999-07-23,0.799271713967063
1999-07-26,0.7678322976848014
1999-07-27,0.7698603696777478
1999-07-28,0.777363611338177
1999-07-29,0.7331215595335244
1999-07-30,0.6989951963737073
1999-08-02,0.6757472617068855
1999-08-03,0.6073006639311994
1999-08-04,0.5414191099113642
1999-08-05,0.45296876016177984
1999-08-06,0.42740774331698617
1999-08-09,0.41598710667566857
1999-08-10,0.37872586096206184
1999-08-11,0.363138964600487
1999-08-12,0.3664495004869322
1999-08-13,0.3754871619336491
1999-08-16,0.3671042725234971
1999-08-17,0.3225065210558386
1999-08-18,0.3643555176107134
1999-08-19,0.4138897532649128
1999-08-20,0.4150323556963554
1999-08-23,0.44093795754983656
1999-08-24,0.46949462302814726
1999-08-25,0.50378915531645
1999-08-26,0.4948194429789201
1999-08-27,0.4891200976660429
1999-08-30,0.43060314462134375
1999-08-31,0.4234581555661034
1999-09-01,0.28254977197794107
1999-09-02,0.3222533811064717
1999-09-03,0.31789029099292593
1999-09-07,0.3185859482143264
1999-09-08,0.30814944478085976
1999-09-09,0.4192748952700726
1999-09-10,0.42085721476929344
1999-09-13,0.34622465928387186
1999-09-14,0.4108149648513644
1999-09-15,0.3999696264917124
1999-09-16,0.416005668525282
1999-09-17,0.40380585521216983
1999-09-20,0.3876487613881655
1999-09-21,0.39401462024603817
1999-09-22,0.396669614845523
1999-09-23,0.35023130543132597
1999-09-24,0.4211112668337337
1999-09-27,0.34783722770704917
1999-09-28,0.36593247441813476
1999-09-29,0.3903381478101949
1999-09-30,0.4260229306369658
1999-10-01,0.3887657623526744
1999-10-04,0.32073214815380885
1999-10-05,0.3674169987067509
1999-10-06,0.24422414150156474
1999-10-07,0.23792541704500772
1999-10-08,0.20817816580034834
1999-10-11,0.18841660200982002
1999-10-12,0.19971179699621858
1999-10-13,0.23161925355311044
1999-10-14,0.2542795098303986
1999-10-15,0.29502704776260674
1999-10-18,0.4240734455816178
1999-10-19,0.4416768744987658
1999-10-20,0.4814388841501281
1999-10-21,0.5621361184004606
1999-10-22,0.5966710439074461
1999-10-25,0.652182950778907
1999-10-26,0.6706135949858429
1999-10-27,0.6892457673324139
1999-10-28,0.6963238259951815
1999-10-29,0.7593224281885146
1999-11-01,0.7741655147158679
1999-11-02,0.8003017079303929
1999-11-03,0.799750929013479
1999-11-04,0.8144310778021642
1999-11-05,0.8026662745655768
1999-11-08,0.8299919105318208
1999-11-09,0.8250663150959823
1999-11-10,0.8230497814943879
1999-11-11,0.8348695297029016
1999-11-12,0.843791141326013
1999-11-15,0.8488563161931514
1999-11-16,0.8611771509161816
1999-11-17,0.8730170662599298
1999-11-18,0.8898696021937021
1999-11-19,0.8754843131847068
1999-11-22,0.8876527650116451
1999-11-23,0.8820801575573222
1999-11-24,0.9054693118753765
1999-11-26,0.9081738335955746
1999-11-29,0.9075728905091708
1999-11-30,0.8602814479370666
1999-12-01,0.8160140079159823
1999-12-02,0.8146818765117498
1999-12-03,0.7992261325669059
1999-12-06,0.7613394254835137
1999-12-07,0.7745879988498496
1999-12-08,0.7849777273568209
1999-12-09,0.7681534975873827
1999-12-10,0.7720974431858912
1999-12-13,0.7429498410607464
1999-12-14,0.7267013454667127
1999-12-15,0.6586741360532532
1999-12-16,0.6761521164388045
1999-12-17,0.6024077798090762
1999-12-20,0.6221135339817573
1999-12-21,0.6007353557254956
1999-12-22,0.6381034563161085
1999-12-23,0.6464410076856745
1999-12-27,0.7201210657639449
1999-12-28,0.7112602023556346
1999-12-29,0.7195243390896325
1999-12-30,0.7530776876210801
1999-12-31,0.7581913302508114
2000-01-03,0.748669365905732
2000-01-04,0.7468068119377316
2000-01-05,0.8047337928002787
2000-01-06,0.8357730949325773
2000-01-07,0.8443807510102519
2000-01-10,0.8751260030481802
2000-01-11,0.8753067419348043
2000-01-12,0.8639022603902856
2000-01-13,0.8599898172714019
2000-01-14,0.8479021808048881
2000-01-18,0.8602733303732241
2000-01-19,0.8646568630026653
2000-01-20,0.8711939982930763
2000-01-21,0.8639910604447989
2000-01-24,0.8475846933336907
2000-01-25,0.8672507752308591
2000-01-26,0.8515576985386145
2000-01-27,0.8405853387792337
2000-01-28,0.8557570902717638
2000-01-31,0.8780365407609791
2000-02-01,0.8902486131587807
2000-02-02,0.8871833847909127
2000-02-03,0.9028474344103222
2000-02-04,0.8991188572650637
2000-02-07,0.8957453431901359
2000-02-08,0.9003943469084605
2000-02-09,0.8516846886058719
2000-02-10,0.8453305937884228
2000-02-11,0.8679959549484789
2000-02-14,0.8602918812862344
2000-02-15,0.8479107576576813
2000-02-16,0.821802581942257
2000-02-17,0.840640220876007
2000-02-18,0.8360229878179567
2000-02-22,0.8826818562440096
2000-02-23,0.890434115764605
2000-02-24,0.8990899604314299
2000-02-25,0.8965351166759544
2000-02-28,0.9036566750745224
2000-02-29,0.9084157731996245
2000-03-01,0.9133063989958204
2000-03-02,0.8884310599735635
2000-03-03,0.8885454140186125
2000-03-06,0.9117547723519472
2000-03-07,0.911091106120787
2000-03-08,0.918596790850661
2000-03-09,0.9255812933756866
2000-03-10,0.9328494766391225
2000-03-13,0.9383857866799
2000-03-14,0.9437180102343193
2000-03-15,0.9532640636061654
2000-03-16,0.9580190578908347
2000-03-17,0.972297919591553
2000-03-20,0.9728699560691342
2000-03-21,0.973989801288583
2000-03-22,0.9722483061887561
2000-03-23,0.9730229356559088
2000-03-24,0.9760675361559404
2000-03-27,0.9773615812082238
2000-03-28,0.9828587922495287
2000-03-29,0.982692858295103
2000-03-30,0.9802407016987127
2000-03-31,0.9809014938531748
2000-04-03,0.9837936734839259
2000-04-04,0.9796599432890726
2000-04-05,0.9817652456308726
2000-04-06,0.9853302551147104
2000-04-07,0.9862170312041181
2000-04-10,0.984068595212035
2000-04-11,0.9849821358199495
2000-04-12,0.9842486705392613
2000-04-13,0.9857940058512838
2000-04-14,0.9821607628080887
2000-04-17,0.9735520183089846
2000-04-18,0.9758596669884086
2000-04-19,0.9806379196658707
2000-04-20,0.9757076674556503
2000-04-24,0.9730757834436516
2000-04-25,0.9689235718479747
2000-04-26,0.9736079356551576
2000-04-27,0.9713328496823843
2000-04-28,0.9710196771461616
2000-05-01,0.9690842090544215
2000-05-02,0.9749249456378963
2000-05-03,0.971127760507909
2000-05-04,0.9737933418683998
2000-05-05,0.9731554153814053
2000-05-08,0.977180577915967
2000-05-09,0.9741937754363543
2000-05-10,0.9743779463188996
2000-05-11,0.9779075069300879
2000-05-12,0.9805790055453723
2000-05-15,0.9804246302126288
2000-05-16,0.984295685404697
2000-05-17,0.9845562873896812
2000-05-18,0.9817197132866317
2000-05-19,0.9752699096124049
2000-05-22,0.977620590003343
2000-05-23,0.9730063748876813
2000-05-24,0.9679265959231125
2000-05-25,0.9536807212842768
2000-05-26,0.9469755984766992
2000-05-30,0.9464081321460746
2000-05-31,0.9536362906766693
2000-06-01,0.9473210114670954
2000-06-02,0.9549865762244808
2000-06-05,0.9674675761997995
2000-06-06,0.9718766191340394
2000-06-07,0.9665129154177046
2000-06-08,0.9697771361497545
2000-06-09,0.9697155811208747
2000-06-12,0.969361547314705
2000-06-13,0.9626043314971429
2000-06-14,0.9616825752292135
2000-06-15,0.9572137769440863
2000-06-16,0.954713553830054
2000-06-19,0.9571305320101823
2000-06-20,0.9620476421170083
2000-06-21,0.963450302546857
2000-06-22,0.9655713290000557
2000-06-23,0.9688191312206839
2000-06-26,0.964756007862324
2000-06-27,0.9702569548489284
2000-06-28,0.9748103783996914
2000-06-29,0.9668420748286993
2000-06-30,0.9695009551124975
2000-07-03,0.9654276075668106
2000-07-05,0.9553724579525673
2000-07-06,0.9580998511040806
2000-07-07,0.9587163095894703
2000-07-10,0.9577286141758522
2000-07-11,0.9575671694509414
2000-07-12,0.9578632210749044
2000-07-13,0.9609677491838838
2000-07-14,0.9564198166713754
2000-07-17,0.9590667741879879
2000-07-18,0.9546511204026963
2000-07-19,0.9498025795195603
2000-07-20,0.9396404072863042
2000-07-21,0.9330955773306252
2000-07-24,0.9268243068991251
2000-07-25,0.9238900432796933
2000-07-26,0.9310021753874866
2000-07-27,0.9307581371727487
2000-07-28,0.9232106362273553
2000-07-31,0.9235200069047199
2000-08-01,0.9257131131367217
2000-08-02,0.9138724558460938
2000-08-03,0.8905876356462469
2000-08-04,0.8974546780910057
2000-08-07,0.8818727053346139
2000-08-08,0.8565905017569811
2000-08-09,0.8368725368279127
2000-08-10,0.8446145982505415
2000-08-11,0.8228539048476685
2000-08-14,0.8409391331590977
2000-08-15,0.8371263289961983
2000-08-16,0.8492459903259472
2000-08-17,0.8496381731396251
2000-08-18,0.8564594885303491
2000-08-21,0.8553239582331177
2000-08-22,0.8798780137643506
2000-08-23,0.8914515436272568
2000-08-24,0.9013541279342433
2000-08-25,0.9005269731347352
2000-08-28,0.9005448456073984
2000-08-29,0.8855260484482907
2000-08-30,0.8760714913555336
2000-08-31,0.8770481741488646
2000-09-01,0.8682314997470253
2000-09-05,0.8794613038361138
2000-09-06,0.8727882937620437
2000-09-07,0.858546465515761
2000-09-08,0.8570296273334784
2000-09-11,0.8636595959923772
2000-09-12,0.8604364768602603
2000-09-13,0.8443460068265134
2000-09-14,0.8014703989102732
2000-09-15,0.798117493748408
2000-09-18,0.8145508520045905
2000-09-19,0.7976228529624377
2000-09-20,0.7762844128490395
2000-09-21,0.7659290920278304
2000-09-22,0.7241075581509631
2000-09-25,0.6865681964898622
2000-09-26,0.6717694818050423
2000-09-27,0.6615481376024811
2000-09-28,0.615487234421333
2000-09-29,0.6770624893437911
2000-10-02,0.6944967124554539
2000-10-03,0.6975560229795653
2000-10-04,0.6908901659681892
2000-10-05,0.7422263758961024
2000-10-06,0.7551590398814727
2000-10-09,0.7841627630583257
2000-10-10,0.7988905060558951
2000-10-11,0.7949833071117034
2000-10-12,0.7816260898071216
2000-10-13,0.7910980932127905
2000-10-16,0.8003451475374781
2000-10-17,0.8073161853061912
2000-10-18,0.829970157896594
2000-10-19,0.8417735047042259
2000-10-20,0.8788545759643719
2000-10-23,0.9022514566102208
2000-10-24,0.9076635546298586
2000-10-25,0.9116651956160319
2000-10-26,0.9318360590649819
2000-10-27,0.9517775475490045
2000-10-30,0.9513171236456869
2000-10-31,0.9592030886992524
2000-11-01,0.9652224788767271
2000-11-02,0.9709203830150189
2000-11-03,0.9723708176693153
2000-11-06,0.9748010953554133
2000-11-07,0.9790839386793758
2000-11-08,0.9803863060714955
2000-11-09,0.9844040964690078
2000-11-10,0.9877249458294496
2000-11-13,0.9918451001873075
2000-11-14,0.9892028973561833
2000-11-15,0.9922332807087251
2000-11-16,0.9931666609655496
2000-11-17,0.9945740072658493
2000-11-20,0.9914478135126443
2000-11-21,0.991626296046666
2000-11-22,0.9908555711147409
2000-11-24,0.9914165805422325
2000-11-27,0.9921308956865508
2000-11-28,0.9920284324494132
2000-11-29,0.9904614644456045
2000-11-30,0.9895180284440258
2000-12-01,0.9872926262087396
2000-12-04,0.9885081552538261
2000-12-05,0.9870239755905349
2000-12-06,0.9895577434732883
2000-12-07,0.9891563618164548
2000-12-08,0.9893635514989039
2000-12-11,0.9911379478903972
2000-12-12,0.9916798294292807
2000-12-13,0.9922239431001287
2000-12-14,0.993688299213167
2000-12-15,0.9928311832929723
2000-12-18,0.9932226969648481
2000-12-19,0.9938394345169571
2000-12-20,0.9946966202304807
2000-12-21,0.9959737481971832
2000-12-22,0.9967705112400062
2000-12-26,0.9976313650398207
2000-12-27,0.9975880509284346
2000-12-28,0.997780478036998
2000-12-29,0.99803819417396
2001-01-02,0.9981311886045872
2001-01-03,0.9984185369890447
2001-01-04,0.9985262928595203
2001-01-05,0.9984909080478004
2001-01-08,0.9976713807862586
2001-01-09,0.9981730646125037
2001-01-10,0.9983624339561608
2001-01-11,0.9978931045389448
2001-01-12,0.9977069844045482
2001-01-16,0.9981018153620806
2001-01-17,0.9983700271379397
2001-01-18,0.9984457137424072
2001-01-19,0.9987328203758608
2001-01-22,0.9987274443745532
2001-01-23,0.9988691128608982
2001-01-24,0.9987738436484606
2001-01-25,0.9987934825556258
2001-01-26,0.9983717324158616
2001-01-29,0.9981658908602277
2001-01-30,0.9973240302462533
2001-01-31,0.997429130389825
2001-02-01,0.997576255627399
2001-02-02,0.9976720581751238
2001-02-05,0.9954367350477221
2001-02-06,0.995722633664804
2001-02-07,0.9956732646821832
2001-02-08,0.996266480867483
2001-02-09,0.9954669934485165
2001-02-12,0.9954540923972939
2001-02-13,0.9941322661540968
2001-02-14,0.9939607805165817
2001-02-15,0.9932789413359429
2001-02-16,0.9921471380734511
2001-02-20,0.9907667609806793
2001-02-21,0.9886255175280624
2001-02-22,0.9883988315580913
2001-02-23,0.9854323992313694
2001-02-26,0.9826155901331424
2001-02-27,0.9816769767707217
2001-02-28,0.9825191234218861
2001-03-01,0.9827192554380411
2001-03-02,0.9822696295628965
2001-03-05,0.9831138193060713
2001-03-06,0.9851853947383096
2001-03-07,0.9863741620712476
2001-03-08,0.9836183646441229
2001-03-09,0.9847800970759873
2001-03-12,0.9893819768402441
2001-03-13,0.9924997656613357
2001-03-14,0.9934538608533063
2001-03-15,0.9926586874977452
2001-03-16,0.9946391240419282
2001-03-19,0.9965983033171717
2001-03-20,0.9970457925825228
2001-03-21,0.9976793437370016
2001-03-22,0.9986189218612379
2001-03-23,0.9990306057822698
2001-03-26,0.9993579901158366
2001-03-27,0.9995168338625051
2001-03-28,0.9995592649222028
2001-03-29,0.9996142275015243
2001-03-30,0.9996728933051188
2001-04-02,0.9996600350396566
2001-04-03,0.9997032478810587
2001-04-04,0.9997501465867502
2001-04-05,0.99972536355047
2001-04-06,0.9997758274795497
2001-04-09,0.9998005575145149
2001-04-10,0.9998485018446354
2001-04-11,0.9998822189565736
2001-04-12,0.9998798052419094
2001-04-16,0.9998930256779417
2001-04-17,0.9998855380058539
2001-04-18,0.9998396565189602
2001-04-19,0.9998636444760264
2001-04-20,0.9998984395352953
2001-04-23,0.9999036462176679
2001-04-24,0.99992005791824
2001-04-25,0.9999164868131959
2001-04-26,0.9999360113821111
2001-04-27,0.9999121907884158
2001-04-30,0.9999207268691132
2001-05-01,0.9999173149944128
2001-05-02,0.9999197309009428
2001-05-03,0.9999138632270662
2001-05-04,0.999910525734134
2001-05-07,0.9999106577576248
2001-05-08,0.9998641549004316
2001-05-09,0.9998596756016326
2001-05-10,0.9998383848301654
2001-05-11,0.9997205029417221
2001-05-14,0.9997290656610728
2001-05-15,0.9996856634158117
2001-05-16,0.9997142148545765
2001-05-17,0.99973556796649
2001-05-18,0.9995046241409892
2001-05-21,0.999348982230433
2001-05-22,0.9992082093678979
2001-05-23,0.999074153652785
2001-05-24,0.9988889930602113
2001-05-25,0.9987534403335893
2001-05-29,0.9985544270482476
2001-05-30,0.9981828139421957
2001-05-31,0.9985497956406274
2001-06-01,0.998247000539231
2001-06-04,0.9983944109617211
2001-06-05,0.9987087425932045
2001-06-06,0.9985677879746001
2001-06-07,0.9985588345371907
2001-06-08,0.9987086288546568
2001-06-11,0.998720097723984
2001-06-12,0.9986671569027428
2001-06-13,0.9986330598246224
2001-06-14,0.998803126434314
2001-06-15,0.9988799618146392
2001-06-18,0.9983360528378991
2001-06-19,0.9981120355968676
2001-06-20,0.9982199381201196
2001-06-21,0.9976394030833432
2001-06-22,0.9976862612415799
2001-06-25,0.9974740406677665
2001-06-26,0.9971795782985455
2001-06-27,0.9974338003642043
2001-06-28,0.9975548926041314
2001-06-29,0.9979138167147438
2001-07-02,0.997731799595023
2001-07-03,0.9979533270070867
2001-07-05,0.998035872653955
2001-07-06,0.9974886412630984
2001-07-09,0.9979266208316624
2001-07-10,0.9980791061766857
2001-07-11,0.9982312399402855
2001-07-12,0.9983918258694634
2001-07-13,0.9987880987683064
2001-07-16,0.998958536726515
2001-07-17,0.9991759447107378
2001-07-18,0.9992994778810391
2001-07-19,0.9993319177777551
2001-07-20,0.9993246117838287
2001-07-23,0.9993446324798038
2001-07-24,0.9992374741375726
2001-07-25,0.9992254775564894
2001-07-26,0.9993217808548991
2001-07-27,0.9992689879523
2001-07-30,0.999272619246596
2001-07-31,0.9990354135498178
2001-08-01,0.9990805222069437
2001-08-02,0.9989874498560712
2001-08-03,0.9989821912025006
2001-08-06,0.9991042376225849
2001-08-07,0.9992682498715733
2001-08-08,0.9993462619440437
2001-08-09,0.9994938415060153
2001-08-10,0.9995314841799826
2001-08-13,0.9993586720596828
2001-08-14,0.9993407713427251
2001-08-15,0.9994224563014592
2001-08-16,0.9993194078865248
2001-08-17,0.9993065712491154
2001-08-20,0.9993731530097419
2001-08-21,0.9994048298815064
2001-08-22,0.9994792136880122
2001-08-23,0.9995367512821932
2001-08-24,0.9994849374936892
2001-08-27,0.9995112659311718
2001-08-28,0.9995081651286137
2001-08-29,0.9995521599877162
2001-08-30,0.9995138510559465
2001-08-31,0.9994909502973807
2001-09-04,0.9995051144445151
2001-09-05,0.999531052632106
2001-09-06,0.999529310387544
2001-09-07,0.9995241795483137
2001-09-10,0.9996123093942125
2001-09-17,0.999615970552583
2001-09-18,0.9997263356168701
2001-09-19,0.9997149620518488
2001-09-20,0.9997380554603129
2001-09-21,0.9997704057723794
2001-09-24,0.9997478202030495
2001-09-25,0.999820568514517
2001-09-26,0.9998297359503491
2001-09-27,0.9998411318544896
2001-09-28,0.9998372331079137
2001-10-01,0.9998605808474376
2001-10-02,0.9998201599505839
2001-10-03,0.999821301361178
2001-10-04,0.9998471565591379
2001-10-05,0.9998835278560824
2001-10-08,0.9998900209436545
2001-10-09,0.9998972554306267
2001-10-10,0.9999023588969455
2001-10-11,0.9999203793310234
2001-10-12,0.9999350078273709
2001-10-15,0.9999362771038309
2001-10-16,0.99993461546126
2001-10-17,0.9999339352428591
2001-10-18,0.9999383440035325
2001-10-19,0.9999336898167702
2001-10-22,0.9999525027690522
2001-10-23,0.9999613578822487
2001-10-24,0.9999319983483336
2001-10-25,0.9999245126430354
2001-10-26,0.9999453292821809
2001-10-29,0.9999406804606102
2001-10-30,0.9999299631009481
2001-10-31,0.9999359774684988
2001-11-01,0.9999135908398884
2001-11-02,0.999890060796887
2001-11-05,0.9998871950131093
2001-11-06,0.9998931607683962
2001-11-07,0.999911597711659
2001-11-08,0.9999143776607318
2001-11-09,0.999899243222124
2001-11-12,0.9998819555590279
2001-11-13,0.9998859196981503
2001-11-14,0.9998871218635093
2001-11-15,0.9998569775193523
2001-11-16,0.9998483763151632
2001-11-19,0.9998201918375917
2001-11-20,0.9997864295349325
2001-11-21,0.9997784366318585
2001-11-23,0.9997895935932597
2001-11-26,0.9997642750919028
2001-11-27,0.9997147607285561
2001-11-28,0.9996520886791664
2001-11-29,0.9996775645069325
2001-11-30,0.9996235967178182
2001-12-03,0.9996537100759083
2001-12-04,0.999576977083344
2001-12-05,0.9995550566427299
2001-12-06,0.9995293447413057
2001-12-07,0.9993176162269514
2001-12-10,0.9992438996503837
2001-12-11,0.9992507617292646
2001-12-12,0.999400597504274
2001-12-13,0.9993148216873591
2001-12-14,0.9991649961085898
2001-12-17,0.9992611138409573
2001-12-18,0.9993207263117839
2001-12-19,0.9992850341646254
2001-12-20,0.9991406040063071
2001-12-21,0.9990855574892373
2001-12-24,0.9988997563795633
2001-12-26,0.9987268892371786
2001-12-27,0.9983802080807078
2001-12-28,0.9978493755817818
2001-12-31,0.9978477035125619
2002-01-02,0.9980067194671409
2002-01-03,0.9980961189496108
2002-01-04,0.9983899455360857
2002-01-07,0.9983676201490239
2002-01-08,0.9976695598053376
2002-01-09,0.9970379074151812
2002-01-10,0.9979196417814041
2002-01-11,0.9977533364169892
2002-01-14,0.9973289825954158
2002-01-15,0.997317311173389
2002-01-16,0.9975955026669555
2002-01-17,0.9978957792873546
2002-01-18,0.9978698197118839
2002-01-22,0.9976912113310028
2002-01-23,0.9977054879695604
2002-01-24,0.9978570940458938
2002-01-25,0.9979859850253298
2002-01-28,0.997934614812148
2002-01-29,0.9979012278333337
2002-01-30,0.9983959396707041
2002-01-31,0.9984853122890568
2002-02-01,0.998620396359925
2002-02-04,0.9985559422124246
2002-02-05,0.9986708895453783
2002-02-06,0.998653901005824
2002-02-07,0.9986803048559965
2002-02-08,0.9987814840730852
2002-02-11,0.9987715664308722
2002-02-12,0.9988725053474842
2002-02-13,0.9989517279691842
2002-02-14,0.9989890971463617
2002-02-15,0.9988800253974488
2002-02-19,0.9988826862110052
2002-02-20,0.9989441305559148
2002-02-21,0.9989923742574581
2002-02-22,0.9990741829812928
2002-02-25,0.9991091326158746
2002-02-26,0.999028665622514
2002-02-27,0.9988653558751216
2002-02-28,0.9986345931379991
2002-03-01,0.9985954514731263
2002-03-04,0.998425190457798
2002-03-05,0.9984352367872127
2002-03-06,0.9984137939972052
2002-03-07,0.9983895377102688
2002-03-08,0.9984409426782475
2002-03-11,0.9984549232613743
2002-03-12,0.9985739321882202
2002-03-13,0.9985345319194208
2002-03-14,0.99845376216261
2002-03-15,0.9985012147405641
2002-03-18,0.9980104125404855
2002-03-19,0.9969910087983981
2002-03-20,0.9970890199537609
2002-03-21,0.9965475628354611
2002-03-22,0.9958067728517084
2002-03-25,0.9950009963670992
2002-03-26,0.9955824248784241
2002-03-27,0.9931817897271563
2002-03-28,0.9913892922216903
2002-04-01,0.9900266230981002
2002-04-02,0.9906694640058142
2002-04-03,0.987739546245388
2002-04-04,0.986579745646146
2002-04-05,0.9841764105899558
2002-04-08,0.9793037605122287
2002-04-09,0.9797335991412396
2002-04-10,0.974917668888147
2002-04-11,0.9644789413735961
2002-04-12,0.9649491038701339
2002-04-15,0.9744609472205885
2002-04-16,0.9695366099756855
2002-04-17,0.9711928776716424
2002-04-18,0.9772980908921636
2002-04-19,0.9775114061756001
2002-04-22,0.9811185658893679
2002-04-23,0.9824079563295579
2002-04-24,0.9853006265562952
2002-04-25,0.9904194308579112
2002-04-26,0.9920034232539842
2002-04-29,0.9921740322178004
2002-04-30,0.9918862557346498
2002-05-01,0.9919109677522108
2002-05-02,0.9932077796358386
2002-05-03,0.9938062824965652
2002-05-06,0.9947462452066076
2002-05-07,0.99553425897509
2002-05-08,0.996303444510701
2002-05-09,0.9976704556017798
2002-05-10,0.9973971514022915
2002-05-13,0.9980556688689788
2002-05-14,0.9981922412711693
2002-05-15,0.9984890452201823
2002-05-16,0.99803443736617
2002-05-17,0.9981627221322044
2002-05-20,0.9980775801775827
2002-05-21,0.9981395740559473
2002-05-22,0.9983059765386316
2002-05-23,0.9987771927979423
2002-05-24,0.9989818866084182
2002-05-28,0.9991485779581574
2002-05-29,0.99939670308421
2002-05-30,0.9995067170408635
2002-05-31,0.9994459240710596
2002-06-03,0.9994408841944314
2002-06-04,0.9994690671025829
2002-06-05,0.9994588463827978
2002-06-06,0.9994323817226985
2002-06-07,0.9995088967625547
2002-06-10,0.9991704808748485
2002-06-11,0.9992564743508835
2002-06-12,0.9994140475580181
2002-06-13,0.9992352800042624
2002-06-14,0.9989952008125106
2002-06-17,0.9989641562818226
2002-06-18,0.999015896179899
2002-06-19,0.9988337994313166
2002-06-20,0.9987971495067836
2002-06-21,0.9986921342785896
2002-06-24,0.9985331870647282
2002-06-25,0.9982106422320407
2002-06-26,0.9983480256694367
2002-06-27,0.9984925230084245
2002-06-28,0.9987958524560595
2002-07-01,0.9987834749006129
2002-07-02,0.9988364404538645
2002-07-03,0.9990299177534191
2002-07-05,0.9990425594873905
2002-07-08,0.9992685010829467
2002-07-09,0.9993601702515132
2002-07-10,0.9994990139587109
2002-07-11,0.9995676718630889
2002-07-12,0.9996066658695115
2002-07-15,0.9995224478393137
2002-07-16,0.9995808770730271
2002-07-17,0.9995538224479763
2002-07-18,0.9993352255529526
2002-07-19,0.9994385052863086
2002-07-22,0.9995942104843755
2002-07-23,0.9996448638958643
2002-07-24,0.9997396080666926
2002-07-25,0.9998513131892183
2002-07-26,0.999888693056557
2002-07-29,0.9999053840623544
2002-07-30,0.9999159226239906
2002-07-31,0.9999073396702388
2002-08-01,0.9999310730415866
2002-08-02,0.9999501004470801
2002-08-05,0.9999541208587859
2002-08-06,0.9999400240576038
2002-08-07,0.9999575375661246
2002-08-08,0.9999687849358071
2002-08-09,0.999978567341654
2002-08-12,0.9999788642996374
2002-08-13,0.9999812539152881
2002-08-14,0.9999849030766605
2002-08-15,0.9999878229166648
2002-08-16,0.999988024907165
2002-08-19,0.9999906566726455
2002-08-20,0.9999930469531063
2002-08-21,0.9999947655020596
2002-08-22,0.9999958771895626
2002-08-23,0.9999935307005665
2002-08-26,0.9999939058946665
2002-08-27,0.9999933503886663
2002-08-28,0.9999847838503472
2002-08-29,0.9999825017891976
2002-08-30,0.9999777590362753
2002-09-03,0.9999806688817384
2002-09-04,0.9999850135689689
2002-09-05,0.9999866160086415
2002-09-06,0.9999824627547539
2002-09-09,0.9999772168250746
2002-09-10,0.9999648110908178
2002-09-11,0.9999573519050767
2002-09-12,0.999949584039718
2002-09-13,0.9999430329740783
2002-09-16,0.9998759127847678
2002-09-17,0.9998464520893503
2002-09-18,0.9997479838133185
2002-09-19,0.9995482360874438
2002-09-20,0.9994382669330355
2002-09-23,0.9989766011120788
2002-09-24,0.9981822344446438
2002-09-25,0.998551832499683
2002-09-26,0.9986014817296083
2002-09-27,0.9986998815053769
2002-09-30,0.9990729892198504
2002-10-01,0.9993109545029638
2002-10-02,0.9994895380437803
2002-10-03,0.9996402373032516
2002-10-04,0.9996717330567358
2002-10-07,0.9997386980543188
2002-10-08,0.9997204679907873
2002-10-09,0.9997101556832871
2002-10-10,0.9996784615032394
2002-10-11,0.9997691415816496
2002-10-14,0.9998521286517906
2002-10-15,0.9998540719055166
2002-10-16,0.9998923566532046
2002-10-17,0.9999242748089209
2002-10-18,0.9999294137859651
2002-10-21,0.9999383950163593
2002-10-22,0.9999467972578286
2002-10-23,0.9999624539755952
2002-10-24,0.9999686706543616
2002-10-25,0.9999670935366752
2002-10-28,0.9999684571625952
2002-10-29,0.9999751493528957
2002-10-30,0.9999746170716358
2002-10-31,0.9999553880336263
2002-11-01,0.9999588843202302
2002-11-04,0.9999687749116682
2002-11-05,0.9999722216360332
2002-11-06,0.999978280111973
2002-11-07,0.999981589046
2002-11-08,0.9999866680626415
2002-11-11,0.9999837930862234
2002-11-12,0.999977213814142
2002-11-13,0.9999736736056163
2002-11-14,0.99994989581515
2002-11-15,0.9999500000312034
2002-11-18,0.9999297356231178
2002-11-19,0.9999199136579385
2002-11-20,0.9999036641392436
2002-11-21,0.9999047686549571
2002-11-22,0.9998929406124166
2002-11-25,0.9999022995863494
2002-11-26,0.9998868803721804
2002-11-27,0.9998937273661535
2002-11-29,0.9998930125687946
2002-12-02,0.999891975146424
2002-12-03,0.9998905326742886
2002-12-04,0.9998630660441087
2002-12-05,0.9998573198841464
2002-12-06,0.9998678605873966
2002-12-09,0.9998484634549037
2002-12-10,0.9998571607688407
2002-12-11,0.9998529427898801
2002-12-12,0.9998612613903303
2002-12-13,0.9998534237186611
2002-12-16,0.99984413671543
2002-12-17,0.9998092059145303
2002-12-18,0.9998079323490302
2002-12-19,0.9998254003341778
2002-12-20,0.999836713735142
2002-12-23,0.9997920172843566
2002-12-24,0.9997390164206622
2002-12-26,0.9997371291659964
2002-12-27,0.9997254561114726
2002-12-30,0.999757413139054
2002-12-31,0.9996513555841307
2003-01-02,0.9996171501705812
2003-01-03,0.9997185547819876
2003-01-06,0.9997585523697782
2003-01-07,0.9997940688854775
2003-01-08,0.9998077067820434
2003-01-09,0.9998126638978997
2003-01-10,0.9998375334839144
2003-01-13,0.9998208848452442
2003-01-14,0.9998052638238042
2003-01-15,0.9997957009906674
2003-01-16,0.9998247753708492
2003-01-17,0.9997346505587946
2003-01-21,0.9997642539085326
2003-01-22,0.9997712226550023
2003-01-23,0.9997726763675266
2003-01-24,0.9997538815306474
2003-01-27,0.9997969822792341
2003-01-28,0.9998151031209397
2003-01-29,0.9998286450878882
2003-01-30,0.9998081095765879
2003-01-31,0.9998339229443951
2003-02-03,0.9998605308289855
2003-02-04,0.9997730307095762
2003-02-05,0.9997163782296821
2003-02-06,0.9995726922113218
2003-02-07,0.9995158897784764
2003-02-10,0.9994796651730092
2003-02-11,0.9993672582207739
2003-02-12,0.9994069876106975
2003-02-13,0.9994085940399416
2003-02-14,0.9994217867883151
2003-02-18,0.9995398329679153
2003-02-19,0.9995774295331981
2003-02-20,0.9995548435340047
2003-02-21,0.9996403552056432
2003-02-24,0.9996511289608307
2003-02-25,0.9996582642684402
2003-02-26,0.9997397422537879
2003-02-27,0.9997891137569073
2003-02-28,0.9997840787873882
2003-03-03,0.9997811131414011
2003-03-04,0.9998415689888416
2003-03-05,0.9998569078690791
2003-03-06,0.9998529514060036
2003-03-07,0.9998868339914806
2003-03-10,0.9999018918166147
2003-03-11,0.9999255410401401
2003-03-12,0.9999374194969686
2003-03-13,0.9999388774804158
2003-03-14,0.9999524807623047
2003-03-17,0.9999577821948368
2003-03-18,0.9999698627139543
2003-03-19,0.9999641234322189
2003-03-20,0.9999589444239895
2003-03-21,0.9999557782173969
2003-03-24,0.9999601433630332
2003-03-25,0.9999615858967676
2003-03-26,0.9999603564568706
2003-03-27,0.9999604430338808
2003-03-28,0.9999652559356851
2003-03-31,0.9999634534947083
2003-04-01,0.999965247455385
2003-04-02,0.9999661179692062
2003-04-03,0.9999694323471283
2003-04-04,0.9999675169893775
2003-04-07,0.9999685220479222
2003-04-08,0.9999675989310519
2003-04-09,0.999968726233161
2003-04-10,0.9999745876708418
2003-04-11,0.9999702672192022
2003-04-14,0.9999575856567023
2003-04-15,0.9999550279973185
2003-04-16,0.9999357098282934
2003-04-17,0.9999254097227412
2003-04-21,0.9999135016742607
2003-04-22,0.9999066319210006
2003-04-23,0.9998641104115827
2003-04-24,0.9998436091200069
2003-04-25,0.9998075916226683
2003-04-28,0.9998072730159178
2003-04-29,0.9997830500436891
2003-04-30,0.9997655610630397
2003-05-01,0.999778814201924
2003-05-02,0.9997673781600414
2003-05-05,0.9996756980727122
2003-05-06,0.9996429766066751
2003-05-07,0.9995535092752799
2003-05-08,0.999481510618312
2003-05-09,0.9995802860719936
2003-05-12,0.9995494875748553
2003-05-13,0.9994551341976137
2003-05-14,0.9995355558811676
2003-05-15,0.9995300158745456
2003-05-16,0.9994747884173495
2003-05-19,0.9995053615844038
2003-05-20,0.9995561406698654
2003-05-21,0.9995049284527651
2003-05-22,0.999273203977059
2003-05-23,0.9992099145766891
2003-05-27,0.9992361041055973
2003-05-28,0.9992137161103797
2003-05-29,0.9989323383909562
2003-05-30,0.9988206784291134
2003-06-02,0.998797036287119
2003-06-03,0.9987342336727846
2003-06-04,0.9980714049831024
2003-06-05,0.9980162991109899
2003-06-06,0.9978812993547764
2003-06-09,0.9974406564865468
2003-06-10,0.9974022689265724
2003-06-11,0.9970221423038415
2003-06-12,0.9960825791226133
2003-06-13,0.9959744449577765
2003-06-16,0.9956184383124669
2003-06-17,0.9952667164552377
2003-06-18,0.9959696440001323
2003-06-19,0.9960047724996972
2003-06-20,0.9960339448349884
2003-06-23,0.9955859013117285
2003-06-24,0.9950009819045017
2003-06-25,0.9947376089196269
2003-06-26,0.9918031098009258
2003-06-27,0.9905157692771447
2003-06-30,0.9912447890495054
2003-07-01,0.9891941958089829
2003-07-02,0.9859778497811471
2003-07-03,0.982314322948059
2003-07-07,0.978556349305531
2003-07-08,0.9824079061342758
2003-07-09,0.9799428556248562
2003-07-10,0.9762638720053718
2003-07-11,0.9671732752152207
2003-07-14,0.9626657196148045
2003-07-15,0.9555368664561749
2003-07-16,0.9511749484476105
2003-07-17,0.9190041097227999
2003-07-18,0.9161401781505902
2003-07-21,0.8943808164353599
2003-07-22,0.8612780606632687
2003-07-23,0.8038480646680881
2003-07-24,0.749460521656207
2003-07-25,0.7947099469286185
2003-07-28,0.797364264088992
2003-07-29,0.7985892691905405
2003-07-30,0.8707165864789473
2003-07-31,0.8928273603590432
2003-08-01,0.9021145297898698
2003-08-04,0.878834073655306
2003-08-05,0.866874457772558
2003-08-06,0.788756226547763
2003-08-07,0.7904807216243738
2003-08-08,0.8022651707523666
2003-08-11,0.8439860428362123
2003-08-12,0.841873501305218
2003-08-13,0.849392736739651
2003-08-14,0.840114318133123
2003-08-15,0.8853054124052868
2003-08-18,0.9011856655542885
2003-08-19,0.8964083990296349
2003-08-20,0.9210614171370733
2003-08-21,0.9173003923604854
2003-08-22,0.9283802166777617
2003-08-25,0.9417458952915087
2003-08-26,0.9201691838934754
2003-08-27,0.9230118262732103
2003-08-28,0.9174550794083229
2003-08-29,0.9050040705179161
2003-09-02,0.8953063911472429
2003-09-03,0.8995571422233738
2003-09-04,0.8590610111409924
2003-09-05,0.8628709692061604
2003-09-08,0.8493519326660569
2003-09-09,0.8563171227273267
2003-09-10,0.8640745274058261
2003-09-11,0.88053462677802
2003-09-12,0.8696974719435748
2003-09-15,0.8506305152236455
2003-09-16,0.8421603706059253
2003-09-17,0.8437041027202472
2003-09-18,0.7996886432197574
2003-09-19,0.7823284107585798
2003-09-22,0.7276091873250227
2003-09-23,0.7169321547632267
2003-09-24,0.6778761507758947
2003-09-25,0.6572861246269789
2003-09-26,0.6780707101169571
2003-09-29,0.7086653049930305
2003-09-30,0.6481854702845542
2003-10-01,0.6076062735882982
2003-10-02,0.6627079008615653
2003-10-03,0.6039957340462626
2003-10-06,0.561079638308962
2003-10-07,0.5126624401413326
2003-10-08,0.43507508154783886
2003-10-09,0.44672717786381433
2003-10-10,0.39053549412447597
2003-10-13,0.4279904603389031
2003-10-14,0.5025070135631181
2003-10-15,0.5493253578628722
2003-10-16,0.621668620700117
2003-10-17,0.6194024770974781
2003-10-20,0.6532716902133425
2003-10-21,0.6815548218843053
2003-10-22,0.7304685596092887
2003-10-23,0.7258456729384727
2003-10-24,0.7546328413901366
2003-10-27,0.7539087873779613
2003-10-28,0.7912407902719059
2003-10-29,0.7801720936570412
2003-10-30,0.7809779534892244
2003-10-31,0.7365883761898152
2003-11-03,0.7236802223655403
2003-11-04,0.7235902485533618
2003-11-05,0.7302175174646767
2003-11-06,0.7338629474392511
2003-11-07,0.758282666963196
2003-11-10,0.7278749232426853
2003-11-11,0.7167312690394994
2003-11-12,0.6587026126296006
2003-11-13,0.6574347533612671
2003-11-14,0.6383625416742169
2003-11-17,0.6697027952908376
2003-11-18,0.6920852366219927
2003-11-19,0.6824062873148611
2003-11-20,0.6842524931629216
2003-11-21,0.7328309661855398
2003-11-24,0.7665633088258814
2003-11-25,0.7891826653535798
2003-11-26,0.8009399648217772
2003-11-28,0.7529573107030999
2003-12-01,0.7849042173150872
2003-12-02,0.7912093886358699
2003-12-03,0.7800126757238741
2003-12-04,0.740130157253103
2003-12-05,0.7413891927159055
2003-12-08,0.7208915883306962
2003-12-09,0.7102863095032639
2003-12-10,0.6743400498192462
2003-12-11,0.6972512029099948
2003-12-12,0.7061326808414768
2003-12-15,0.6736985779734361
2003-12-16,0.6493205848059173
2003-12-17,0.6976347759331589
2003-12-18,0.6913634129289461
2003-12-19,0.6821598232801006
2003-12-22,0.6564857196232678
2003-12-23,0.6859575642006269
2003-12-24,0.6844335366372208
2003-12-26,0.6277046200398965
2003-12-29,0.6092826373662673
2003-12-30,0.5765779206878358
2003-12-31,0.5652868482440324
2004-01-02,0.5165145044353362
2004-01-05,0.5724474357906093
2004-01-06,0.5853187151391442
2004-01-07,0.6278518861387427
2004-01-08,0.6339610359912107
2004-01-09,0.610592166994637
2004-01-12,0.6613552826737924
2004-01-13,0.6694647223276204
2004-01-14,0.6462648461598994
2004-01-15,0.6530240629402854
2004-01-16,0.6362500622893321
2004-01-20,0.6087552820222193
2004-01-21,0.5679039693488095
2004-01-22,0.4918672061712335
2004-01-23,0.4487946365874053
2004-01-26,0.43637867816101594
2004-01-27,0.36386763686354445
2004-01-28,0.3261631922864967
2004-01-29,0.34663082139995793
2004-01-30,0.31642635625954646
2004-02-02,0.26488678221976986
2004-02-03,0.271640146001688
2004-02-04,0.27906283957148764
2004-02-05,0.2297834954044994
2004-02-06,0.20951530378643043
2004-02-09,0.1996563940133976
2004-02-10,0.17059384928027221
2004-02-11,0.17022944976578794
2004-02-12,0.15421407936179615
2004-02-13,0.14034547011073398
2004-02-17,0.12496098062421832
2004-02-18,0.14153551858753277
2004-02-19,0.14959517073584547
2004-02-20,0.14552109767378985
2004-02-23,0.12901650683550872
2004-02-24,0.1445960738171548
2004-02-25,0.12881366498062385
2004-02-26,0.11502709749111921
2004-02-27,0.1050464575267344
2004-03-01,0.11406015017287008
2004-03-02,0.11511928448124985
2004-03-03,0.11446677543489109
2004-03-04,0.10087167044592028
2004-03-05,0.10672372192779772
2004-03-08,0.09959613512964577
2004-03-09,0.10496754395805712
2004-03-10,0.07491968545588847
2004-03-11,0.07439983199059613
2004-03-12,0.07363318447590086
2004-03-15,0.08324252796977859
2004-03-16,0.08872012906049061
2004-03-17,0.12371237149351717
2004-03-18,0.1326828077853114
2004-03-19,0.15712376987182222
2004-03-22,0.17993919854845872
2004-03-23,0.23397048828252406
2004-03-24,0.20080941110589332
2004-03-25,0.22365852362768737
2004-03-26,0.23054624920340927
2004-03-29,0.22824483762556075
2004-03-30,0.22439106153654875
2004-03-31,0.18600430346218677
2004-04-01,0.19925206767987377
2004-04-02,0.23144094271665044
2004-04-05,0.22846399998092123
2004-04-06,0.23798365253776893
2004-04-07,0.26229094553754356
2004-04-08,0.2827098719188052
2004-04-12,0.2790861002266917
2004-04-13,0.30948590693160594
2004-04-14,0.3031214161176658
2004-04-15,0.35457001697963203
2004-04-16,0.3706819653056389
2004-04-19,0.3345184372440191
2004-04-20,0.3637945227227487
2004-04-21,0.402160658994276
2004-04-22,0.45786436714789014
2004-04-23,0.5057038548591858
2004-04-26,0.5215520164328151
2004-04-27,0.46689396741098554
2004-04-28,0.5085026887525033
2004-04-29,0.49193211027241995
2004-04-30,0.47759073622404746
2004-05-03,0.4727716028867669
2004-05-04,0.49953497989030515
2004-05-05,0.46832825147325285
2004-05-06,0.46261862868697634
2004-05-07,0.45856831751304067
2004-05-10,0.460210719789133
2004-05-11,0.4910736426736907
2004-05-12,0.5142432635786968
2004-05-13,0.534056894169288
2004-05-14,0.5427842342858736
2004-05-17,0.5699969819816116
2004-05-18,0.5692628564824633
2004-05-19,0.5279170237521437
2004-05-20,0.5309876504650249
2004-05-21,0.5201360133796482
2004-05-24,0.4820632782929571
2004-05-25,0.4756607994303218
2004-05-26,0.552200005877595
2004-05-27,0.5590527794146385
2004-05-28,0.5753041145080047
2004-06-01,0.6261973411877954
2004-06-02,0.6607739590962072
2004-06-03,0.6624287899862031
2004-06-04,0.7036712976780176
2004-06-07,0.7234685011806291
2004-06-08,0.7505772510327176
2004-06-09,0.7444774160190555
2004-06-10,0.7785832732889105
2004-06-14,0.7924377901979113
2004-06-15,0.8076801048874163
2004-06-16,0.8046930632668219
2004-06-17,0.835778727915842
2004-06-18,0.8462363221220297
2004-06-21,0.8432196692328073
2004-06-22,0.8356516488279855
2004-06-23,0.840792518733792
2004-06-24,0.8228582217140893
2004-06-25,0.818271058761779
2004-06-28,0.770315997489797
2004-06-29,0.7730344563602547
2004-06-30,0.7400120616520047
2004-07-01,0.7299004141060955
2004-07-02,0.7414511293960137
2004-07-06,0.7536716951840344
2004-07-07,0.7531061450942302
2004-07-08,0.7743876314631638
2004-07-09,0.7467202081494333
2004-07-12,0.7385848373529993
2004-07-13,0.7223613709141753
2004-07-14,0.7228126495708609
2004-07-15,0.7322085972368002
2004-07-16,0.7146386729122698
2004-07-19,0.7014688773267597
2004-07-20,0.679971047959128
2004-07-21,0.6941808278542156
2004-07-22,0.6814498413177468
2004-07-23,0.6816975433727315
2004-07-26,0.6586647246302354
2004-07-27,0.6472239202076421
2004-07-28,0.6937969364120486
2004-07-29,0.6964610749741915
2004-07-30,0.6850978541823638
2004-08-02,0.67519267315349
2004-08-03,0.6946381039744066
2004-08-04,0.6825800983856504
2004-08-05,0.6924395726930067
2004-08-06,0.6805035319744812
2004-08-09,0.7083491331719232
2004-08-10,0.7125336629804507
2004-08-11,0.7327346526294322
2004-08-12,0.7370153233665939
2004-08-13,0.7687009530170308
2004-08-16,0.7744844012935574
2004-08-17,0.8062565940378533
2004-08-18,0.8162786320935173
2004-08-19,0.830888369529862
2004-08-20,0.8467462612038428
2004-08-23,0.8513087233782176
2004-08-24,0.8652461389928534
2004-08-25,0.8642504122527763
2004-08-26,0.8587018826933088
2004-08-27,0.8608697866625141
2004-08-30,0.8570316548842919
2004-08-31,0.8624149311292051
2004-09-01,0.8637916503966669
2004-09-02,0.8826150258231626
2004-09-03,0.8948048158244327
2004-09-07,0.9057812352880814
2004-09-08,0.9102888536808886
2004-09-09,0.9239562603914055
2004-09-10,0.9135018289753942
2004-09-13,0.9095071694896175
2004-09-14,0.9127171054846323
2004-09-15,0.9129503404999219
2004-09-16,0.8979712598498
2004-09-17,0.9050689681094941
2004-09-20,0.8899781355469443
2004-09-21,0.9001942949231765
2004-09-22,0.891871569476345
2004-09-23,0.8929641698548424
2004-09-24,0.8951618015940884
2004-09-27,0.8702081876135803
2004-09-28,0.8583132826082893
2004-09-29,0.8429086065500954
2004-09-30,0.8501055871919991
2004-10-01,0.8268664081293319
2004-10-04,0.8554185859292819
2004-10-05,0.8426276656033417
2004-10-06,0.8563683500553179
2004-10-07,0.85467851425288
2004-10-08,0.8702430961311943
2004-10-11,0.8682235076331944
2004-10-12,0.8692537350756087
2004-10-13,0.8666426017626916
2004-10-14,0.8723655673283194
2004-10-15,0.8827085150852951
2004-10-18,0.8811540622329076
2004-10-19,0.8822436252240289
2004-10-20,0.8821575060167313
2004-10-21,0.8797642865131174
2004-10-22,0.8842970524004017
2004-10-25,0.8797798634139443
2004-10-26,0.8815625102309379
2004-10-27,0.8908425256931656
2004-10-28,0.8938138119737287
2004-10-29,0.9006999233719466
2004-11-01,0.9043217662970486
2004-11-02,0.8874141507616663
2004-11-03,0.886601127682508
2004-11-04,0.8971727027703668
2004-11-05,0.8936413133556442
2004-11-08,0.8943631954516763
2004-11-09,0.9028907083883828
2004-11-10,0.9013528279919729
2004-11-11,0.8994211634358369
2004-11-12,0.9047702702936191
2004-11-15,0.9165624383096576
2004-11-16,0.9163974198236208
2004-11-17,0.9135844726103499
2004-11-18,0.912657094231433
2004-11-19,0.9073197354827806
2004-11-22,0.9140383447420976
2004-11-23,0.9090747630065014
2004-11-24,0.910861043021794
2004-11-26,0.9074618563679823
2004-11-29,0.8971208250169442
2004-11-30,0.8987585414159459
2004-12-01,0.8970057539306289
2004-12-02,0.9087926518814227
2004-12-03,0.9069296528862566
2004-12-06,0.896054442492557
2004-12-07,0.8770792971667302
2004-12-08,0.8694536705603173
2004-12-09,0.8702697422786373
2004-12-10,0.8578565804186432
2004-12-13,0.852694756588497
2004-12-14,0.8521924516108772
2004-12-15,0.8415993174309752
2004-12-16,0.8316491582901767
2004-12-17,0.8400700856044749
2004-12-20,0.8378478437922127
2004-12-21,0.8475835300387383
2004-12-22,0.8556055682519138
2004-12-23,0.8576002051355945
2004-12-27,0.8622811639118634
2004-12-28,0.8611100801916466
2004-12-29,0.8644538275526796
2004-12-30,0.8769720756325048
2004-12-31,0.8813516022195724
2005-01-03,0.8619799238455523
2005-01-04,0.8648107253458497
2005-01-05,0.8824585630132926
2005-01-06,0.8852673101539446
2005-01-07,0.8914395268428903
2005-01-10,0.8944874317607252
2005-01-11,0.8868265298894128
2005-01-12,0.893432613174215
2005-01-13,0.8796688952479086
2005-01-14,0.8822049771952718
2005-01-18,0.8810668494837941
2005-01-19,0.8922612668918432
2005-01-20,0.898776545091607
2005-01-21,0.9086339557963048
2005-01-24,0.9010725090514379
2005-01-25,0.8976768272446222
2005-01-26,0.9065989202029783
2005-01-27,0.9045047335058382
2005-01-28,0.884887292016172
2005-01-31,0.8857423879304411
2005-02-01,0.8859331199188326
2005-02-02,0.8893328444408963
2005-02-03,0.8931640195220041
2005-02-04,0.8931060724415959
2005-02-07,0.9028145430362747
2005-02-08,0.911441024721929
2005-02-09,0.9140671704641957
2005-02-10,0.9194003225556684
2005-02-11,0.9300589775754979
2005-02-14,0.9294535011181773
2005-02-15,0.9301189297307543
2005-02-16,0.9332202396380894
2005-02-17,0.9255491858376494
2005-02-18,0.92600605732993
2005-02-22,0.9261898227925391
2005-02-23,0.9338026671579369
2005-02-24,0.9352156038260161
2005-02-25,0.9379025581948407
2005-02-28,0.9387217906392844
2005-03-01,0.9406145791685672
2005-03-02,0.9462746228426738
2005-03-03,0.9403916380405645
2005-03-04,0.9372546272025034
2005-03-07,0.9384201567647099
2005-03-08,0.9398297517966543
2005-03-09,0.9275588509481779
2005-03-10,0.9258796075595803
2005-03-11,0.9148053443118062
2005-03-14,0.905409661587246
2005-03-15,0.9049885163275593
2005-03-16,0.8861907383977935
2005-03-17,0.8862278901922287
2005-03-18,0.8897164547238904
2005-03-21,0.8882580813750437
2005-03-22,0.8824775567454134
2005-03-23,0.8749716826608603
2005-03-24,0.8762071724994462
2005-03-28,0.8653578858324947
2005-03-29,0.8662486057658084
2005-03-30,0.8503527650614994
2005-03-31,0.8776301209415978
2005-04-01,0.8746891277366392
2005-04-04,0.8767842370245831
2005-04-05,0.8820072894209235
2005-04-06,0.8801749202867889
2005-04-07,0.8836669293824538
2005-04-08,0.8886955117386106
2005-04-11,0.8917233737469081
2005-04-12,0.890606256528801
2005-04-13,0.9010180291083337
2005-04-14,0.8916865038867385
2005-04-15,0.897307497595158
2005-04-18,0.9093027235596837
2005-04-19,0.9130282765942148
2005-04-20,0.9158038952328345
2005-04-21,0.9152180735806521
2005-04-22,0.9322701999401753
2005-04-25,0.940885807461348
2005-04-26,0.9453492231262389
2005-04-27,0.9457700402699789
2005-04-28,0.951929874231152
2005-04-29,0.9413970841258622
2005-05-02,0.9398093378922361
2005-05-03,0.9380228536002714
2005-05-04,0.9394451994913576
2005-05-05,0.9389282705311695
2005-05-06,0.939218757541503
2005-05-09,0.9335346448431887
2005-05-10,0.9302232217574982
2005-05-11,0.9249548558116787
2005-05-12,0.9234880121443682
2005-05-13,0.9283711309116502
2005-05-16,0.9325681668415111
2005-05-17,0.9387243614570132
2005-05-18,0.9369016480845049
2005-05-19,0.9406441394165642
2005-05-20,0.943273932970581
2005-05-23,0.9298082752694369
2005-05-24,0.9314419963538085
2005-05-25,0.926387993420489
2005-05-26,0.936137444786445
2005-05-27,0.9357265850286359
2005-05-31,0.9418460359648595
2005-06-01,0.9379664365644127
2005-06-02,0.9392390639287702
2005-06-03,0.9406022978890073
2005-06-06,0.92947976273841
2005-06-07,0.9295190611715799
2005-06-08,0.9364402205323639
2005-06-09,0.9341965168715098
2005-06-10,0.931275354874122
2005-06-13,0.9328864528274251
2005-06-14,0.9298986828189136
2005-06-15,0.9329454273843552
2005-06-16,0.9265335275218588
2005-06-17,0.9202133513646752
2005-06-20,0.9107693442696015
2005-06-21,0.9011478123056785
2005-06-22,0.8996672620976598
2005-06-23,0.898961064697899
2005-06-24,0.9019567595038536
2005-06-27,0.9016291499199215
2005-06-28,0.8940191084430628
2005-06-29,0.8970666066735706
2005-06-30,0.9005807950951658
2005-07-01,0.8833560221971061
2005-07-05,0.8759826915971286
2005-07-06,0.8736213348850821
2005-07-07,0.8746455087750789
2005-07-08,0.862297562496357
2005-07-11,0.8700922282799551
2005-07-12,0.8658498023912398
2005-07-13,0.8664837741442111
2005-07-14,0.8597876462200166
2005-07-15,0.851829510315106
2005-07-18,0.8412449564443267
2005-07-19,0.8346740122926911
2005-07-20,0.8329262186454031
2005-07-21,0.8158000425301619
2005-07-22,0.8191059006604073
2005-07-25,0.8056991216357262
2005-07-26,0.8047239594610206
2005-07-27,0.8177940619956636
2005-07-28,0.8238541697699634
2005-07-29,0.8193668855398408
2005-08-01,0.8314128168919591
2005-08-02,0.8426433322460896
2005-08-03,0.8368972458285964
2005-08-04,0.8227570868031241
2005-08-05,0.8101452091048147
2005-08-08,0.7888601673513921
2005-08-09,0.7520147118222639
2005-08-10,0.7476163853804387
2005-08-11,0.7296462914120764
2005-08-12,0.7032550760139625
2005-08-15,0.696053077115699
2005-08-16,0.7119331352339825
2005-08-17,0.7312838225003916
2005-08-18,0.7374061875433268
2005-08-19,0.7285314272964667
2005-08-22,0.7494344021635252
2005-08-23,0.7397128748256387
2005-08-24,0.7459914109315476
2005-08-25,0.757373419072668
2005-08-26,0.7524280643149759
2005-08-29,0.743997198209119
2005-08-30,0.7442410437673369
2005-08-31,0.7481081010576548
2005-09-01,0.743114171462348
2005-09-02,0.756560408828083
2005-09-06,0.7603384552941184
2005-09-07,0.7921544741680597
2005-09-08,0.7965210665635147
2005-09-09,0.7961550498269763
2005-09-12,0.8115199461150728
2005-09-13,0.8071250310094785
2005-09-14,0.8184235236695162
2005-09-15,0.8084900001554735
2005-09-16,0.8168480808500493
2005-09-19,0.8273078591368046
2005-09-20,0.8287057040071442
2005-09-21,0.8404190654614646
2005-09-22,0.8326435525603237
2005-09-23,0.8304021854824648
2005-09-26,0.8344011397462853
2005-09-27,0.825190250445694
2005-09-28,0.8339210931470736
2005-09-29,0.8332718657169492
2005-09-30,0.8424870184519879
2005-10-03,0.8444804577115018
2005-10-04,0.8512768922547252
2005-10-05,0.8605564805579563
2005-10-06,0.8585843570007948
2005-10-07,0.8465500814372111
2005-10-10,0.8414170234508481
2005-10-11,0.8273769410667385
2005-10-12,0.8195126251795727
2005-10-13,0.8132114617749365
2005-10-14,0.8029470780694344
2005-10-17,0.8107383211012653
2005-10-18,0.8005894818538871
2005-10-19,0.7970963687776921
2005-10-20,0.8183510083648323
2005-10-21,0.8394557528914895
2005-10-24,0.826601691177388
2005-10-25,0.8396783741835303
2005-10-26,0.856478773237598
2005-10-27,0.8717909228490786
2005-10-28,0.8781273610204665
2005-10-31,0.8842694250206897
2005-11-01,0.8896848586409816
2005-11-02,0.8932799205656344
2005-11-03,0.9091708651350913
2005-11-04,0.9260537032660558
2005-11-07,0.9359071696211425
2005-11-08,0.9400567689028273
2005-11-09,0.9475616505131153
2005-11-10,0.9518137131730132
2005-11-11,0.9584335405996857
2005-11-14,0.9633111945533924
2005-11-15,0.9632223114108778
2005-11-16,0.9625469394168206
2005-11-17,0.9665045107014691
2005-11-18,0.9626864723873995
2005-11-21,0.9595815959046944
2005-11-22,0.9612726470714187
2005-11-23,0.9537845421056025
2005-11-25,0.9544058632311017
2005-11-28,0.9552390758850889
2005-11-29,0.9567106111842959
2005-11-30,0.9450407120106128
2005-12-01,0.9489526902456841
2005-12-02,0.9514427118189313
2005-12-05,0.9458734985866417
2005-12-06,0.9417941263227751
2005-12-07,0.9354516270696265
2005-12-08,0.9351437931506175
2005-12-09,0.9359648554274389
2005-12-12,0.933403776704397
2005-12-13,0.9307358068781691
2005-12-14,0.9313780943866606
2005-12-15,0.9325425669109715
2005-12-16,0.9319869489695375
2005-12-19,0.9272893691466471
2005-12-20,0.9200269723347949
2005-12-21,0.9196943160656896
2005-12-22,0.9157906470171209
2005-12-23,0.9101004515246731
2005-12-27,0.9021333775525716
2005-12-28,0.90754776199972
2005-12-29,0.9084888700044709
2005-12-30,0.9087538483995078
2006-01-03,0.9115894332965956
2006-01-04,0.904975347404098
2006-01-05,0.8956340649752711
2006-01-06,0.8899458426212244
2006-01-09,0.8910001493348453
2006-01-10,0.8875650806803584
2006-01-11,0.8895690638993115
2006-01-12,0.8836513601260165
2006-01-13,0.8886446519643395
2006-01-17,0.875768968773839
2006-01-18,0.8744007957564618
2006-01-19,0.8810455705056829
2006-01-20,0.8760435975859237
2006-01-23,0.88633061913364
2006-01-24,0.8821115692428001
2006-01-25,0.8764298442829996
2006-01-26,0.8721698596842258
2006-01-27,0.8758723665615323
2006-01-30,0.8812256645004347
2006-01-31,0.8791469261053139
2006-02-01,0.8903604129232119
2006-02-02,0.9011163754300976
2006-02-03,0.8902800405865191
2006-02-06,0.8868615627626409
2006-02-07,0.8961997241929763
2006-02-08,0.8867159662379988
2006-02-09,0.8847481490296495
2006-02-10,0.8766393076933713
2006-02-13,0.8751578245219517
2006-02-14,0.8822147294650737
2006-02-15,0.8870872920888673
2006-02-16,0.893981860090002
2006-02-17,0.9012876440242801
2006-02-21,0.8942976013295179
2006-02-22,0.8946608944110969
2006-02-23,0.8860411259525572
2006-02-24,0.8883384397978573
2006-02-27,0.8945091022770034
2006-02-28,0.8969644517160534
2006-03-01,0.888502376899265
2006-03-02,0.89472222747158
2006-03-03,0.89720259180015
2006-03-06,0.8951366113821316
2006-03-07,0.9062243120224553
2006-03-08,0.9137543866955151
2006-03-09,0.9138107733008043
2006-03-10,0.9134563282582354
2006-03-13,0.9103408447722173
2006-03-14,0.905602608490517
2006-03-15,0.9085137598516151
2006-03-16,0.9036352375812174
2006-03-17,0.8845262631920894
2006-03-20,0.8780208101655089
2006-03-21,0.8647143590287252
2006-03-22,0.8571073491221481
2006-03-23,0.844290940993427
2006-03-24,0.8297525166110423
2006-03-27,0.8254846510779114
2006-03-28,0.8225596634806891
2006-03-29,0.8079552041108689
2006-03-30,0.8277291754345207
2006-03-31,0.8153955443463095
2006-04-03,0.8103176820133308
2006-04-04,0.81377203753712
2006-04-05,0.8264586736946972
2006-04-06,0.8300998584667274
2006-04-07,0.8365527473337911
2006-04-10,0.8428171613373336
2006-04-11,0.8342759338939719
2006-04-12,0.8405154317525741
2006-04-13,0.8051765804716482
2006-04-17,0.7751966834567389
2006-04-18,0.7347357740937641
2006-04-19,0.7479084756125662
2006-04-20,0.7434701703087845
2006-04-21,0.7207780129130618
2006-04-24,0.7336646143606281
2006-04-25,0.731195677965396
2006-04-26,0.7472840312346933
2006-04-27,0.7381496275692504
2006-04-28,0.7534469221526762
2006-05-01,0.7208530854480061
2006-05-02,0.740732477530358
2006-05-03,0.753863417576552
2006-05-04,0.7543243087735877
2006-05-05,0.7611161742167825
2006-05-08,0.7637505011734061
2006-05-09,0.7652189361679017
2006-05-10,0.777349987240356
2006-05-11,0.7655998433534065
2006-05-12,0.7904384493618136
2006-05-15,0.7901676897459309
2006-05-16,0.7863904828569949
2006-05-17,0.8009960114573342
2006-05-18,0.7874239139251279
2006-05-19,0.7967962331935767
2006-05-22,0.8054594671929799
2006-05-23,0.8080787698172439
2006-05-24,0.8170829283086585
2006-05-25,0.8274992645844416
2006-05-26,0.8321053647415773
2006-05-30,0.838370341523883
2006-05-31,0.8511718941614402
2006-06-01,0.8547176722692564
2006-06-02,0.8630062288519185
2006-06-05,0.8703703783056369
2006-06-06,0.8722907207439629
2006-06-07,0.8601787151255631
2006-06-08,0.8605782371362934
2006-06-09,0.857419265348281
2006-06-12,0.8615592986153597
2006-06-13,0.8715636116771516
2006-06-14,0.8862390881204223
2006-06-15,0.892545543755199
2006-06-16,0.9127644114298255
2006-06-19,0.9248100664112836
2006-06-20,0.9363038586552652
2006-06-21,0.9379751129927583
2006-06-22,0.9438670340395094
2006-06-23,0.9490008130533731
2006-06-26,0.9459714420790365
2006-06-27,0.9358255441492463
2006-06-28,0.9313537008293606
2006-06-29,0.938245916245082
2006-06-30,0.9392718265162954
2006-07-03,0.9268713728465886
2006-07-05,0.9277637965444643
2006-07-06,0.9368400136307956
2006-07-07,0.9339830968712856
2006-07-10,0.9388006153244414
2006-07-11,0.9460942940969518
2006-07-12,0.9532472948863214
2006-07-13,0.9595614499433461
2006-07-14,0.9661846856636015
2006-07-17,0.9682164333009721
2006-07-18,0.9601588792044218
2006-07-19,0.9597245890081919
2006-07-20,0.9661169032876418
2006-07-21,0.9677960341128297
2006-07-24,0.9630639560333621
2006-07-25,0.968155117177616
2006-07-26,0.9684882208954322
2006-07-27,0.9676948726186451
2006-07-28,0.9701679555845888
2006-07-31,0.9719481546308673
2006-08-01,0.9612866834370839
2006-08-02,0.9615274179495847
2006-08-03,0.9604184323277982
2006-08-04,0.9608410025663462
2006-08-07,0.9565861882510424
2006-08-08,0.9557395713098648
2006-08-09,0.9541219892449796
2006-08-10,0.9543332006946658
2006-08-11,0.9551667650627159
2006-08-14,0.9595071192535748
2006-08-15,0.9600140375838052
2006-08-16,0.9646367515692269
2006-08-17,0.9629288383509828
2006-08-18,0.9539649576787389
2006-08-21,0.9525620564003139
2006-08-22,0.9527803103868066
2006-08-23,0.9402445929590877
2006-08-24,0.9333177787520627
2006-08-25,0.9280863122242093
2006-08-28,0.9270976233237543
2006-08-29,0.9077531574207766
2006-08-30,0.9077656762589967
2006-08-31,0.904545402838774
2006-09-01,0.9044712221763315
2006-09-05,0.9027879478272169
2006-09-06,0.9013228886288712
2006-09-07,0.9152993115299739
2006-09-08,0.9204907251152639
2006-09-11,0.921242767739099
2006-09-12,0.9238735448043464
2006-09-13,0.9290946058256726
2006-09-14,0.9252582040084789
2006-09-15,0.9082442906408204
2006-09-18,0.8968996493340894
2006-09-19,0.8967471259788976
2006-09-20,0.8846524950644574
2006-09-21,0.8753514349623625
2006-09-22,0.8653521886057537
2006-09-25,0.8681190626891059
2006-09-26,0.8669088828599761
2006-09-27,0.8678426667261643
2006-09-28,0.8617112427514046
2006-09-29,0.8609926028162839
2006-10-02,0.8682462075942273
2006-10-03,0.8709579619367486
2006-10-04,0.8635775301258204
2006-10-05,0.8597517506282296
2006-10-06,0.8441482931747417
2006-10-09,0.8374073564912136
2006-10-10,0.8310356063714057
2006-10-11,0.8170026222858362
2006-10-12,0.7911691912833979
2006-10-13,0.7756863941091882
2006-10-16,0.7659065233481327
2006-10-17,0.7645491190265279
2006-10-18,0.7641896556861856
2006-10-19,0.7493096969439494
2006-10-20,0.7612732700370024
2006-10-23,0.7431214609590894
2006-10-24,0.745497163238242
2006-10-25,0.750251977001476
2006-10-26,0.7328332161057339
2006-10-27,0.7220367325580176
2006-10-30,0.711073921321898
2006-10-31,0.7320051996830006
2006-11-01,0.7416590084409
2006-11-02,0.7430466514713134
2006-11-03,0.7275689023707924
2006-11-06,0.7362026832212295
2006-11-07,0.7519285182295448
2006-11-08,0.752740645718994
2006-11-09,0.745962055197991
2006-11-10,0.7555218668725975
2006-11-13,0.7478132577966431
2006-11-14,0.7498108278355781
2006-11-15,0.7479000994326488
2006-11-16,0.7458110198484977
2006-11-17,0.7457932042815195
2006-11-20,0.7582097458507435
2006-11-21,0.7653731501067946
2006-11-22,0.7653127053012183
2006-11-24,0.7758139021962369
2006-11-27,0.7820829708740831
2006-11-28,0.7960851131858626
2006-11-29,0.7928546620347374
2006-11-30,0.8001606763147412
2006-12-01,0.7922142095848673
2006-12-04,0.8111023263932734
2006-12-05,0.8195764356968579
2006-12-06,0.8229357872903232
2006-12-07,0.8081381918422563
2006-12-08,0.8039792701135227
2006-12-11,0.7959775753493388
2006-12-12,0.7984217441605244
2006-12-13,0.795075435556777
2006-12-14,0.7982943518078647
2006-12-15,0.7998909803999703
2006-12-18,0.7969856191526352
2006-12-19,0.7910394193504418
2006-12-20,0.7799808812980966
2006-12-21,0.7758758427332826
2006-12-22,0.7746278369507839
2006-12-26,0.7769065023150928
2006-12-27,0.781763979098749
2006-12-28,0.7723374653738593
2006-12-29,0.7721234191254813
2007-01-03,0.7504386760878663
2007-01-04,0.7391905260446242
2007-01-05,0.7603384259355498
2007-01-08,0.7480384557242518
2007-01-09,0.7379193531434715
2007-01-10,0.7540555070285265
2007-01-11,0.7683010275469623
2007-01-12,0.7709686778601672
2007-01-16,0.7771426117507201
2007-01-17,0.7735440136504137
2007-01-18,0.7732284004071933
2007-01-19,0.7458607872331235
2007-01-22,0.7332562967219528
2007-01-23,0.7415962228279925
2007-01-24,0.7061750393615565
2007-01-25,0.7094139666989331
2007-01-26,0.7277201296144714
2007-01-29,0.7290370687999874
2007-01-30,0.728899571865264
2007-01-31,0.7322675501358087
2007-02-01,0.7437476344276729
2007-02-02,0.747434110816041
2007-02-05,0.754150957417104
2007-02-06,0.7414828850185051
2007-02-07,0.7363072705200381
2007-02-08,0.7321740341922914
2007-02-09,0.7178202531265669
2007-02-12,0.7300019157858905
2007-02-13,0.7152255366073292
2007-02-14,0.7113681512845741
2007-02-15,0.7067319584417587
2007-02-16,0.7218061325295049
2007-02-20,0.7310603128553272
2007-02-21,0.7421497719362855
2007-02-22,0.7501462390622023
2007-02-23,0.7480827795358547
2007-02-26,0.7454972039107809
2007-02-27,0.7416066386363094
2007-02-28,0.8294305303705217
2007-03-01,0.8389625807383405
2007-03-02,0.8244152745769331
2007-03-05,0.8298935059051255
2007-03-06,0.8219382032542918
2007-03-07,0.8278365707599027
2007-03-08,0.8175502876619807
2007-03-09,0.8163176548113023
2007-03-12,0.8147627818450526
2007-03-13,0.8108445402632094
2007-03-14,0.8383793256964202
2007-03-15,0.8506409145612914
2007-03-16,0.8571420795602962
2007-03-19,0.8569106465528327
2007-03-20,0.867407677749837
2007-03-21,0.8740230329537161
2007-03-22,0.8799995565255199
2007-03-23,0.8773305897205955
2007-03-26,0.8842069438265365
2007-03-27,0.8869785020951338
2007-03-28,0.8914611097644741
2007-03-29,0.8910167759251726
2007-03-30,0.887587488277428
2007-04-02,0.89909178249736
2007-04-03,0.9066093421125511
2007-04-04,0.9138537799847191
2007-04-05,0.9020949464003596
2007-04-09,0.9091979972352136
2007-04-10,0.9079327567276105
2007-04-11,0.9062340076867841
2007-04-12,0.8976862482949671
2007-04-13,0.8954166232988297
2007-04-16,0.8828991823087444
2007-04-17,0.8814417771022206
2007-04-18,0.8811482672816632
2007-04-19,0.8662742985978507
2007-04-20,0.8699888142326156
2007-04-23,0.8429446911749221
2007-04-24,0.840361509174837
2007-04-25,0.8334860320489942
2007-04-26,0.8312633937838021
2007-04-27,0.8218926338182856
2007-04-30,0.8240178369984453
2007-05-01,0.8310691374887563
2007-05-02,0.8321926965514722
2007-05-03,0.8267186691039514
2007-05-04,0.8184485256198741
2007-05-07,0.8084640845735674
2007-05-08,0.8032048469066201
2007-05-09,0.810325331547327
2007-05-10,0.8048882051109184
2007-05-11,0.825029477317773
2007-05-14,0.8211150345988014
2007-05-15,0.8028943429757169
2007-05-16,0.760811419728619
2007-05-17,0.7541241747424683
2007-05-18,0.7367316215962372
2007-05-21,0.6996256294434687
2007-05-22,0.6520333156376904
2007-05-23,0.6495031376485659
2007-05-24,0.6320312615941869
2007-05-25,0.5947213442216828
2007-05-29,0.589177193386431
2007-05-30,0.6056525121682045
2007-05-31,0.6242609168620638
2007-06-01,0.5914516274268913
2007-06-04,0.5933510768456791
2007-06-05,0.6076330223204266
2007-06-06,0.6112671626806474
2007-06-07,0.5753055519259002
2007-06-08,0.5973688866514935
2007-06-11,0.5828604035986618
2007-06-12,0.5823703871600557
2007-06-13,0.5492670225175218
2007-06-14,0.5414103482167948
2007-06-15,0.5170592309732449
2007-06-18,0.49874000249671824
2007-06-19,0.5273592966287766
2007-06-20,0.5029052576814269
2007-06-21,0.4965821378886898
2007-06-22,0.500197752678267
2007-06-25,0.5350710022116251
2007-06-26,0.5366097068578846
2007-06-27,0.5254184803915901
2007-06-28,0.5426306460086221
2007-06-29,0.5069836547876981
2007-07-02,0.5122929731936119
2007-07-03,0.5505134241215242
2007-07-05,0.5480402002585311
2007-07-06,0.574150680725411
2007-07-09,0.5858065601232438
2007-07-10,0.6100655781398376
2007-07-11,0.596524071093565
2007-07-12,0.6062999920473101
2007-07-13,0.649678104749989
2007-07-16,0.5950133453543509
2007-07-17,0.5497533889496952
2007-07-18,0.514184130241431
2007-07-19,0.4980903391574663
2007-07-20,0.4787415486378856
2007-07-23,0.5287345770204954
2007-07-24,0.5057917949964941
2007-07-25,0.5416582660059174
2007-07-26,0.5889630427470159
2007-07-27,0.6585363180314965
2007-07-30,0.657318560614842
2007-07-31,0.6689708220858807
2007-08-01,0.7068856193795369
2007-08-02,0.6883913074778975
2007-08-03,0.6727440397593306
2007-08-06,0.709222240524608
2007-08-07,0.7346714387306448
2007-08-08,0.7323855197492655
2007-08-09,0.753863748457539
2007-08-10,0.7728879884009103
2007-08-13,0.7265737615953413
2007-08-14,0.7250904285704756
2007-08-15,0.7282811975004929
2007-08-16,0.7282616290146355
2007-08-17,0.7523211062141408
2007-08-20,0.7875222038490624
2007-08-21,0.8118649683470951
2007-08-22,0.8215796764215956
2007-08-23,0.8470110308460855
2007-08-24,0.8518975643477688
2007-08-27,0.8696825239473877
2007-08-28,0.8888423533079267
2007-08-29,0.8966694101446553
2007-08-30,0.9179949139679608
2007-08-31,0.9213134490796752
2007-09-04,0.9241277090191874
2007-09-05,0.9318660026874475
2007-09-06,0.9222472019339383
2007-09-07,0.92033236663383
2007-09-10,0.9065089482430033
2007-09-11,0.9074868850955892
2007-09-12,0.910787128463703
2007-09-13,0.9122003447070786
2007-09-14,0.9256146183071693
2007-09-17,0.9374326710737454
2007-09-18,0.9408418661865942
2007-09-19,0.9374978873938417
2007-09-20,0.9399240214739379
2007-09-21,0.938915584263453
2007-09-24,0.9322395500379285
2007-09-25,0.9277586314108538
2007-09-26,0.9167653146548254
2007-09-27,0.9220908772621451
2007-09-28,0.9274708756290363
2007-10-01,0.9108992970942528
2007-10-02,0.9164660096644686
2007-10-03,0.9091528507308895
2007-10-04,0.8975710667438879
2007-10-05,0.8959642264460426
2007-10-08,0.9006210593473709
2007-10-09,0.903752455595246
2007-10-10,0.905537747535571
2007-10-11,0.8985498569582705
2007-10-12,0.9021107150002896
2007-10-15,0.8928543028382693
2007-10-16,0.8982481349579763
2007-10-17,0.9011223384427616
2007-10-18,0.8498288068266827
2007-10-19,0.8304131619350342
2007-10-22,0.8617203188352659
2007-10-23,0.8520302117392514
2007-10-24,0.8530718306238481
2007-10-25,0.8584607939855651
2007-10-26,0.8535648753309634
2007-10-29,0.8587830209115913
2007-10-30,0.8669944626456642
2007-10-31,0.8414436875552139
2007-11-01,0.8432984319092195
2007-11-02,0.8667512721312385
2007-11-05,0.8563362054717569
2007-11-06,0.837380003015199
2007-11-07,0.8410575183530389
2007-11-08,0.8602844401611397
2007-11-09,0.862128918010758
2007-11-12,0.8725000897468914
2007-11-13,0.8666457418535861
2007-11-14,0.896552237507244
2007-11-15,0.905856625481839
2007-11-16,0.9145917962793242
2007-11-19,0.9212877202465757
2007-11-20,0.9364233888082825
2007-11-21,0.9406208255041197
2007-11-23,0.9410023295081501
2007-11-26,0.9488792251096742
2007-11-27,0.9559087657691041
2007-11-28,0.9509025084016219
2007-11-29,0.951058044630945
2007-11-30,0.9541406412754284
2007-12-03,0.9525419730823109
2007-12-04,0.957093881384648
2007-12-05,0.958181670788082
2007-12-06,0.9663163896609811
2007-12-07,0.9672855224190099
2007-12-10,0.971682744195363
2007-12-11,0.9729228112674322
2007-12-12,0.9792822888283671
2007-12-13,0.9822517461905714
2007-12-14,0.9766990803813126
2007-12-17,0.9787619272727875
2007-12-18,0.9826432038402431
2007-12-19,0.9826567809420069
2007-12-20,0.9836982871163279
2007-12-21,0.9845247768996711
2007-12-24,0.9867706386323346
2007-12-26,0.9846319017532134
2007-12-27,0.9850365643013931
2007-12-28,0.9844500242132508
2007-12-31,0.978508437798215
2008-01-02,0.9771738569664162
2008-01-03,0.9748725909002627
2008-01-04,0.9737799250572848
2008-01-07,0.9767808266762016
2008-01-08,0.9705766969583637
2008-01-09,0.9655655804511374
2008-01-10,0.9663924931040553
2008-01-11,0.9633530778995633
2008-01-14,0.966517678174737
2008-01-15,0.9670612262332573
2008-01-16,0.9709672663275222
2008-01-17,0.9739940285726986
2008-01-18,0.9798139558613622
2008-01-22,0.9795109187693309
2008-01-23,0.9795492548744303
2008-01-24,0.9817199286389393
2008-01-25,0.979671053080082
2008-01-28,0.9754908891152837
2008-01-29,0.975879178648297
2008-01-30,0.9772652705885994
2008-01-31,0.9776131616502478
2008-02-01,0.9812723069622431
2008-02-04,0.9850620066913524
2008-02-05,0.9867238576840449
2008-02-06,0.9904200841942068
2008-02-07,0.9912463882625208
2008-02-08,0.9930379617849963
2008-02-11,0.9925678009079298
2008-02-12,0.992106999495113
2008-02-13,0.9927095847909674
2008-02-14,0.9928063255622389
2008-02-15,0.9939857790141907
2008-02-19,0.994602551750372
2008-02-20,0.9953844712166892
2008-02-21,0.9961626947024739
2008-02-22,0.9969149654457017
2008-02-25,0.9964178652596344
2008-02-26,0.9962779154199736
2008-02-27,0.9964829231140511
2008-02-28,0.99435289255061
2008-02-29,0.993790612942999
2008-03-03,0.9943223325403416
2008-03-04,0.992045802954769
2008-03-05,0.988888320664345
2008-03-06,0.9901436806720652
2008-03-07,0.9908753517818508
2008-03-10,0.9918679732253083
2008-03-11,0.9920250956039383
2008-03-12,0.9947591706108082
2008-03-13,0.993988803060021
2008-03-14,0.9938034518960924
2008-03-17,0.9931278224516532
2008-03-18,0.9932100151079232
2008-03-19,0.9951387729998581
2008-03-20,0.9958358042648077
2008-03-24,0.9965020801438188
2008-03-25,0.9970492236778297
2008-03-26,0.9970770187026938
2008-03-27,0.9968572454474395
2008-03-28,0.9965764723434659
2008-03-31,0.9963645675222513
2008-04-01,0.9965947117307712
2008-04-02,0.9973869671865052
2008-04-03,0.9975794050365518
2008-04-04,0.9979893534634093
2008-04-07,0.9981339842601595
2008-04-08,0.9984887143559052
2008-04-09,0.998695508964152
2008-04-10,0.9989423337924874
2008-04-11,0.9983865732852318
2008-04-14,0.9986895646195723
2008-04-15,0.9986967855606583
2008-04-16,0.9989170884370375
2008-04-17,0.9990738213654167
2008-04-18,0.9984922598978515
2008-04-21,0.9986280686008447
2008-04-22,0.998374563988001
2008-04-23,0.998013284883901
2008-04-24,0.9977848232983749
2008-04-25,0.9980077989248506
2008-04-28,0.998044617703962
2008-04-29,0.9981359456460986
2008-04-30,0.9980232494607084
2008-05-01,0.9966740637770477
2008-05-02,0.996880625441652
2008-05-05,0.9967329027800879
2008-05-06,0.9965346843466057
2008-05-07,0.9963913563825375
2008-05-08,0.9967411037508749
2008-05-09,0.9969205324804887
2008-05-12,0.9965139600147066
2008-05-13,0.9968811015817033
2008-05-14,0.9969577095609237
2008-05-15,0.9968518407733893
2008-05-16,0.9960702938041135
2008-05-19,0.9960196131704138
2008-05-20,0.9950416192774741
2008-05-21,0.9949986634220721
2008-05-22,0.9953716108173609
2008-05-23,0.9951573412850194
2008-05-27,0.9946141982463587
2008-05-28,0.9944230100540206
2008-05-29,0.9943759688597537
2008-05-30,0.9947063445146338
2008-06-02,0.9948491517242111
2008-06-03,0.9941011876135771
2008-06-04,0.994067051587013
2008-06-05,0.9939900538651071
2008-06-06,0.9936324806634894
2008-06-09,0.9942742201449367
2008-06-10,0.9944137378975387
2008-06-11,0.9946261441754768
2008-06-12,0.9936947040578173
2008-06-13,0.9943782876169807
2008-06-16,0.9947705996493106
2008-06-17,0.9944527310105717
2008-06-18,0.994291416641668
2008-06-19,0.9944951197401231
2008-06-20,0.9942978139021916
2008-06-23,0.9952628393269208
2008-06-24,0.9947676786494022
2008-06-25,0.9950985735902661
2008-06-26,0.994804818067399
2008-06-27,0.9957386074129444
2008-06-30,0.9954232851026555
2008-07-01,0.995334224204268
2008-07-02,0.9960342764704191
2008-07-03,0.9966125485581975
2008-07-07,0.9967854582546117
2008-07-08,0.996125069566889
2008-07-09,0.9969058076133438
2008-07-10,0.9969161535320632
2008-07-11,0.9972072605348906
2008-07-14,0.9979030216901326
2008-07-15,0.9980957884478938
2008-07-16,0.9977701103079766
2008-07-17,0.9982258243618612
2008-07-18,0.9984390634177304
2008-07-21,0.998596368888899
2008-07-22,0.9984235558326756
2008-07-23,0.9987091859289483
2008-07-24,0.9985765208930942
2008-07-25,0.998792455423927
2008-07-28,0.9984834591491916
2008-07-29,0.9984859540625831
2008-07-30,0.9987497583037164
2008-07-31,0.9987025287112126
2008-08-01,0.9987547360556478
2008-08-04,0.9989477839189583
2008-08-05,0.9987661519979127
2008-08-06,0.9991479074473655
2008-08-07,0.9990896658321405
2008-08-08,0.9993291789849458
2008-08-11,0.9992191715659974
2008-08-12,0.9993013867647986
2008-08-13,0.9993663661681349
2008-08-14,0.9993452366240404
2008-08-15,0.9990060927970181
2008-08-18,0.9988760400209714
2008-08-19,0.9990504896296987
2008-08-20,0.9990307251715684
2008-08-21,0.9988695024107886
2008-08-22,0.9989435852523683
2008-08-25,0.9990663662591084
2008-08-26,0.999210361320652
2008-08-27,0.9992564356880865
2008-08-28,0.9989075358141054
2008-08-29,0.9989253846644327
2008-09-02,0.9989616349665763
2008-09-03,0.9990523687624033
2008-09-04,0.9991544178378288
2008-09-05,0.9989328919233635
2008-09-08,0.9989383418702648
2008-09-09,0.9989580207258667
2008-09-10,0.9987993372152164
2008-09-11,0.9987306178024727
2008-09-12,0.9988399246374279
2008-09-15,0.9989238165104573
2008-09-16,0.9991935709417769
2008-09-17,0.9992162089242959
2008-09-18,0.9995779249848197
2008-09-19,0.9997317541969517
2008-09-22,0.999774806573409
2008-09-23,0.9998244973490115
2008-09-24,0.9998200627818219
2008-09-25,0.9998450285502448
2008-09-26,0.9998581199928042
2008-09-29,0.9998609418748199
2008-09-30,0.9999187162361687
2008-10-01,0.9999527133310895
2008-10-02,0.999957942432938
2008-10-03,0.9999639866333109
2008-10-06,0.9999738105909464
2008-10-07,0.9999803322228882
2008-10-08,0.999981580657767
2008-10-09,0.9999877653816401
2008-10-10,0.9999917558432262
2008-10-13,0.9999910209374504
2008-10-14,0.9999966358852862
2008-10-15,0.9999976893027323
2008-10-16,0.9999982462238346
2008-10-17,0.9999990215402838
2008-10-20,0.9999986969334098
2008-10-21,0.9999981308790782
2008-10-22,0.9999985863662231
2008-10-23,0.9999990442555144
2008-10-24,0.9999990946176246
2008-10-27,0.9999989938328094
2008-10-28,0.9999992023671204
2008-10-29,0.999999759320708
2008-10-30,0.9999996219184022
2008-10-31,0.9999997200789881
2008-11-03,0.9999997827437738
2008-11-04,0.9999998359548414
2008-11-05,0.9999998854141536
2008-11-06,0.9999999449555578
2008-11-07,0.9999999567260708
2008-11-10,0.9999999762488853
2008-11-11,0.999999982506017
2008-11-12,0.9999999317190005
2008-11-13,0.9999999502789327
2008-11-14,0.9999999702634506
2008-11-17,0.9999999536974099
2008-11-18,0.9999999562431164
2008-11-19,0.9999999264396763
2008-11-20,0.9999999512792456
2008-11-21,0.9999999647019703
2008-11-24,0.9999999747519126
2008-11-25,0.9999999819786479
2008-11-26,0.9999999891226735
2008-11-28,0.9999999719056415
2008-12-01,0.9999999740836703
2008-12-02,0.9999999797280936
2008-12-03,0.9999999770419185
2008-12-04,0.9999999739405352
2008-12-05,0.9999999637330117
2008-12-08,0.9999999757234451
2008-12-09,0.999999983166136
2008-12-10,0.9999999819502884
2008-12-11,0.9999999817928885
2008-12-12,0.9999999877244122
2008-12-15,0.9999999914737571
2008-12-16,0.9999999807353354
2008-12-17,0.9999999849844379
2008-12-18,0.9999999885290592
2008-12-19,0.9999999886734731
2008-12-22,0.9999999911436922
2008-12-23,0.9999999948100153
2008-12-24,0.9999999924344446
2008-12-26,0.9999999853632355
2008-12-29,0.999999982922848
2008-12-30,0.9999999729405579
2008-12-31,0.9999999608765942
2009-01-02,0.9999999396919147
2009-01-05,0.9999999093995129
2009-01-06,0.9999998457541792
2009-01-07,0.999999850156644
2009-01-08,0.9999997605799666
2009-01-09,0.999999557428745
2009-01-12,0.9999995594133546
2009-01-13,0.9999994227800607
2009-01-14,0.9999994307384718
2009-01-15,0.99999930891214
2009-01-16,0.9999992980311114
2009-01-20,0.9999978973768991
2009-01-21,0.9999982081360053
2009-01-22,0.9999983076099535
2009-01-23,0.9999982807626543
2009-01-26,0.9999983554786116
2009-01-27,0.9999982950658801
2009-01-28,0.999998486726325
2009-01-29,0.999998703448707
2009-01-30,0.9999988457488753
2009-02-02,0.9999987053018877
2009-02-03,0.9999986200153111
2009-02-04,0.9999978096010477
2009-02-05,0.9999970022692068
2009-02-06,0.9999962442710395
2009-02-09,0.9999968888473186
2009-02-10,0.9999964626226978
2009-02-11,0.999997625252711
2009-02-12,0.9999982168400121
2009-02-13,0.9999985950168919
2009-02-17,0.9999988130131571
2009-02-18,0.9999991559027683
2009-02-19,0.9999992039289705
2009-02-20,0.9999994114263819
2009-02-23,0.9999989957507585
2009-02-24,0.9999992465271199
2009-02-25,0.9999994445909183
2009-02-26,0.9999994883204435
2009-02-27,0.9999994207041581
2009-03-02,0.9999991027786727
2009-03-03,0.9999991711445553
2009-03-04,0.9999992489987599
2009-03-05,0.9999992839059036
2009-03-06,0.9999992719174485
2009-03-09,0.9999992240009332
2009-03-10,0.999999000077122
2009-03-11,0.9999989534735702
2009-03-12,0.9999991103817616
2009-03-13,0.9999993388332084
2009-03-16,0.99999933897188
2009-03-17,0.9999992456157578
2009-03-18,0.9999993804241698
2009-03-19,0.9999996574862969
2009-03-20,0.9999996336402309
2009-03-23,0.9999997487980952
2009-03-24,0.999999882561295
2009-03-25,0.99999992532868
2009-03-26,0.9999998949992269
2009-03-27,0.9999999060616328
2009-03-30,0.999999917601259
2009-03-31,0.9999999413371018
2009-04-01,0.9999999631646697
2009-04-02,0.9999999714792299
2009-04-03,0.9999999732314719
2009-04-06,0.9999999798692394
2009-04-07,0.9999999840179987
2009-04-08,0.9999999868855973
2009-04-09,0.9999999721753589
2009-04-13,0.999999974726004
2009-04-14,0.9999999508471629
2009-04-15,0.9999999403273594
2009-04-16,0.9999999319868607
2009-04-17,0.99999991574157
2009-04-20,0.9999998867943759
2009-04-21,0.9999999235354017
2009-04-22,0.9999999331686511
2009-04-23,0.9999998086640001
2009-04-24,0.9999998123274491
2009-04-27,0.999999803337537
2009-04-28,0.9999997454489171
2009-04-29,0.9999997324287316
2009-04-30,0.9999997540929694
2009-05-01,0.9999997157642604
2009-05-04,0.9999997026126478
2009-05-05,0.9999996488637605
2009-05-06,0.999999580013965
2009-05-07,0.999999577410334
2009-05-08,0.9999995278554108
2009-05-11,0.9999994843183485
2009-05-12,0.9999991874194886
2009-05-13,0.9999991797802403
2009-05-14,0.9999992718492894
2009-05-15,0.9999991639156474
2009-05-18,0.9999990713872108
2009-05-19,0.9999991366209673
2009-05-20,0.9999991542489531
2009-05-21,0.9999988856854409
2009-05-22,0.9999988433392775
2009-05-26,0.9999987439901433
2009-05-27,0.9999984490439279
2009-05-28,0.9999985200016731
2009-05-29,0.9999985413259448
2009-06-01,0.9999982192001233
2009-06-02,0.9999982844600194
2009-06-03,0.9999980500832645
2009-06-04,0.9999969067016394
2009-06-05,0.999996641579801
2009-06-08,0.99999623748898
2009-06-09,0.9999950559897428
2009-06-10,0.9999928872651522
2009-06-11,0.9999928521805058
2009-06-12,0.9999914378471053
2009-06-15,0.9999914240911069
2009-06-16,0.9999925171942055
2009-06-17,0.9999934076661782
2009-06-18,0.9999898611849773
2009-06-19,0.9999890674902476
2009-06-22,0.9999890137254278
2009-06-23,0.9999895103299136
2009-06-24,0.9999887824482632
2009-06-25,0.9999838333897294
2009-06-26,0.9999860294102931
2009-06-29,0.9999783893518046
2009-06-30,0.9999719237694485
2009-07-01,0.9999557445867052
2009-07-02,0.9999503117791911
2009-07-06,0.9999468993808307
2009-07-07,0.9999341388359428
2009-07-08,0.9999287357104457
2009-07-09,0.9999345585351818
2009-07-10,0.9999169281174983
2009-07-13,0.9999186351526095
2009-07-14,0.9999148250861355
2009-07-15,0.9999039525029524
2009-07-16,0.9999109865092499
2009-07-17,0.9999305326176495
2009-07-20,0.9999390311357759
2009-07-21,0.9999399648734882
2009-07-22,0.9999426368924277
2009-07-23,0.9999530633805054
2009-07-24,0.9999592358964424
2009-07-27,0.9999506097896435
2009-07-28,0.9999404908160399
2009-07-29,0.9999312075450143
2009-07-30,0.9999325935587466
2009-07-31,0.9999404221430352
2009-08-03,0.9999326028919039
2009-08-04,0.9999316257750959
2009-08-05,0.9999299915755043
2009-08-06,0.999946607186073
2009-08-07,0.9999528795529646
2009-08-10,0.9999499572517181
2009-08-11,0.9999609781256154
2009-08-12,0.9999586952838623
2009-08-13,0.9999527837438618
2009-08-14,0.9999243400564739
2009-08-17,0.9999191953518627
2009-08-18,0.9999270614504419
2009-08-19,0.9999014787487794
2009-08-20,0.9998796034684696
2009-08-21,0.9998787674153903
2009-08-24,0.9998414618464778
2009-08-25,0.999836466192805
2009-08-26,0.9997951439024707
2009-08-27,0.9997926606522399
2009-08-28,0.9997985378883067
2009-08-31,0.9997968615714188
2009-09-01,0.9997731281064219
2009-09-02,0.9997537556351803
2009-09-03,0.9997335611697997
2009-09-04,0.9996483636180484
2009-09-08,0.9996433991293645
2009-09-09,0.9996279164312203
2009-09-10,0.9995022552158449
2009-09-11,0.999518271045704
2009-09-14,0.9995109250611589
2009-09-15,0.9994835079074915
2009-09-16,0.9992472428121009
2009-09-17,0.9993262566016046
2009-09-18,0.9989026140125741
2009-09-21,0.9990708213836301
2009-09-22,0.999216822417915
2009-09-23,0.9987362234430924
2009-09-24,0.9984837259520483
2009-09-25,0.9984277762674252
2009-09-28,0.9985386772215541
2009-09-29,0.9984977936488336
2009-09-30,0.9968534193029742
2009-10-01,0.9977303801225905
2009-10-02,0.9980609529761388
2009-10-05,0.9972949808451259
2009-10-06,0.9965700699949387
2009-10-07,0.9948126936555796
2009-10-08,0.9892877784772113
2009-10-09,0.9832120964439954
2009-10-12,0.9549265117021355
2009-10-13,0.9291253783267619
2009-10-14,0.9553816750540955
2009-10-15,0.952438302647895
2009-10-16,0.8833500105497966
2009-10-19,0.9099677943293416
2009-10-20,0.9050122031959615
2009-10-21,0.9234369803301276
2009-10-22,0.8941769038817527
2009-10-23,0.8504304363072767
2009-10-26,0.8597596502772133
2009-10-27,0.8225619296131862
2009-10-28,0.7047946259021481
2009-10-29,0.8302536674088102
2009-10-30,0.8408217338580708
2009-11-02,0.8903243935124205
2009-11-03,0.9148842608335093
2009-11-04,0.9188047940275266
2009-11-05,0.9342213235151646
2009-11-06,0.9162161333618414
2009-11-09,0.8662509134038646
2009-11-10,0.8795959400706312
2009-11-11,0.853989862472202
2009-11-12,0.8085718187970058
2009-11-13,0.6742257553713572
2009-11-16,0.7515486281977429
2009-11-17,0.6875503160426947
2009-11-18,0.5975243808253728
2009-11-19,0.5944886223934029
2009-11-20,0.4925308098395351
2009-11-23,0.29693324397490134
2009-11-24,0.371738217536924
2009-11-25,0.4900010664373261
2009-11-27,0.5158677220529259
2009-11-30,0.6425498030772899
2009-12-01,0.6691479961118614
2009-12-02,0.5362757582827863
2009-12-03,0.5862624602831104
2009-12-04,0.6352770218854944
2009-12-07,0.5614709657159285
2009-12-08,0.5566953027766399
2009-12-09,0.6437050565906252
2009-12-10,0.5368709980847621
2009-12-11,0.5473741209326194
2009-12-14,0.48123979111677334
2009-12-15,0.49469943975806097
2009-12-16,0.4363324409332477
2009-12-17,0.47842382336051575
2009-12-18,0.46632174269269155
2009-12-21,0.4337326338017427
2009-12-22,0.45250667208232725
2009-12-23,0.431343021803399
2009-12-24,0.3629136838238378
2009-12-28,0.3571243671347691
2009-12-29,0.347386739133663
2009-12-30,0.3280001151144417
2009-12-31,0.35779361619262334
2010-01-04,0.3737785884429034
2010-01-05,0.4662441683942505
2010-01-06,0.487801729147139
2010-01-07,0.5110561574073784
2010-01-08,0.4682507660626039
2010-01-11,0.48042787064777365
2010-01-12,0.4261673201125189
2010-01-13,0.3667720401779264
2010-01-14,0.34209274368498577
2010-01-15,0.25632190764173834
2010-01-19,0.2447207361469843
2010-01-20,0.24156850924888848
2010-01-21,0.17480446963799212
2010-01-22,0.22302505816038415
2010-01-25,0.20702782603089714
2010-01-26,0.20275650635787282
2010-01-27,0.1992474335679646
2010-01-28,0.20996085266297798
2010-01-29,0.2560188903139029
2010-02-01,0.22412266437376072
2010-02-02,0.20499701539789178
2010-02-03,0.21698419849162232
2010-02-04,0.20101685811230083
2010-02-05,0.20653049007016216
2010-02-08,0.22076968581194067
2010-02-09,0.25727878509247
2010-02-10,0.273230886706586
2010-02-11,0.20561782472639598
2010-02-12,0.2309058702828052
2010-02-16,0.21577775241729474
2010-02-17,0.20419597485851756
2010-02-18,0.15181781213494644
2010-02-19,0.12985108702915704
2010-02-22,0.11771233789208682
2010-02-23,0.10766081586058715
2010-02-24,0.08621741507541472
2010-02-25,0.10883106318653085
2010-02-26,0.1074453128562557
2010-03-01,0.09469705017839972
2010-03-02,0.0836168670266456
2010-03-03,0.06028038123532563
2010-03-04,0.0439443807095982
2010-03-05,0.03987666237743562
2010-03-08,0.02741122806826286
2010-03-09,0.022013072698834922
2010-03-10,0.018800560749710028
2010-03-11,0.029303869875094684
2010-03-12,0.027250509315864913
2010-03-15,0.040829522327955746
2010-03-16,0.04382877055554339
2010-03-17,0.04845719345190245
2010-03-18,0.0499796006642316
2010-03-19,0.0597153992460966
2010-03-22,0.05369334830826496
2010-03-23,0.04527454395374131
2010-03-24,0.07407944552001296
2010-03-25,0.06859505727708168
2010-03-26,0.06842336567129553
2010-03-29,0.08500362883002371
2010-03-30,0.08117974801128293
2010-03-31,0.05555144776082837
2010-04-01,0.05734436490262602
2010-04-05,0.06264766871253313
2010-04-06,0.07228781071839877
2010-04-07,0.06650477959952111
2010-04-08,0.06938136675186417
2010-04-09,0.06060189514379547
2010-04-12,0.06332561949785424
2010-04-13,0.0778731943671226
2010-04-14,0.080219400006693
2010-04-15,0.0734539662623458
2010-04-16,0.07746282077818707
2010-04-19,0.09737687813239818
2010-04-20,0.10164982389170238
2010-04-21,0.07726393638280045
2010-04-22,0.0851403999239235
2010-04-23,0.07446158227558623
2010-04-26,0.07918498762759535
2010-04-27,0.08906980143396426
2010-04-28,0.10589490620253446
2010-04-29,0.10184120270970135
2010-04-30,0.12731679468838997
2010-05-03,0.14543856653455114
2010-05-04,0.15018865798117803
2010-05-05,0.20394596465374132
2010-05-06,0.21384923393755956
2010-05-07,0.2977563410494801
2010-05-10,0.29669428527723046
2010-05-11,0.4228135384560023
2010-05-12,0.3957338862298558
2010-05-13,0.4112924949981018
2010-05-14,0.34076561887592094
2010-05-17,0.3605238802520011
2010-05-18,0.3543900380076995
2010-05-19,0.4049243447706514
2010-05-20,0.39356975945472455
2010-05-21,0.4491046532383061
2010-05-24,0.4415281419355976
2010-05-25,0.4298783855186825
2010-05-26,0.48619478132793137
2010-05-27,0.4934337559118626
2010-05-28,0.5645044669786483
2010-06-01,0.5813797704683663
2010-06-02,0.6838800786440071
2010-06-03,0.7082673426051924
2010-06-04,0.7352210077771368
2010-06-07,0.8000239423684312
2010-06-08,0.8401241206709219
2010-06-09,0.8686399107001576
2010-06-10,0.8054176080197185
2010-06-11,0.8342925701695658
2010-06-14,0.8250071000480782
2010-06-15,0.8352640406645172
2010-06-16,0.832188603932282
2010-06-17,0.8194590739986567
2010-06-18,0.8303174085287204
2010-06-21,0.8486128559099054
2010-06-22,0.8651518358267662
2010-06-23,0.8329329961928472
2010-06-24,0.8518749501226605
2010-06-25,0.8691255110288602
2010-06-28,0.8950771775580485
2010-06-29,0.8469448667721581
2010-06-30,0.8836295570548116
2010-07-01,0.8910501609729888
2010-07-02,0.8624537445683275
2010-07-06,0.8194613333853719
2010-07-07,0.8285817170948789
2010-07-08,0.8386296305592453
2010-07-09,0.8159901138611694
2010-07-12,0.8229467102739
2010-07-13,0.7593495871705407
2010-07-14,0.7808263364591339
2010-07-15,0.7837143198807461
2010-07-16,0.7716390579371435
2010-07-19,0.8061927362271882
2010-07-20,0.8134828028585305
2010-07-21,0.8320226378092073
2010-07-22,0.846537203524238
2010-07-23,0.8724743029075254
2010-07-26,0.8993195312883077
2010-07-27,0.9169616924521785
2010-07-28,0.9246837516655291
2010-07-29,0.9318709110497085
2010-07-30,0.9372378890536391
2010-08-02,0.9487699120950033
2010-08-03,0.9564895701362611
2010-08-04,0.9660746549175522
2010-08-05,0.9696174459791622
2010-08-06,0.9576918280532148
2010-08-09,0.9522238951961352
2010-08-10,0.9525918648380153
2010-08-11,0.9495517580085381
2010-08-12,0.9420963705992503
2010-08-13,0.9450044867869377
2010-08-16,0.9473249927961198
2010-08-17,0.9461435998964326
2010-08-18,0.9354169250313666
2010-08-19,0.9342775478798504
2010-08-20,0.944568429874577
2010-08-23,0.9333650199106581
2010-08-24,0.9345875401285936
2010-08-25,0.9293401006351382
2010-08-26,0.9314022082534056
2010-08-27,0.9335247296925329
2010-08-30,0.941860608218631
2010-08-31,0.9429764955917938
2010-09-01,0.9195822358271606
2010-09-02,0.9224372037062414
2010-09-03,0.9114096722371674
2010-09-07,0.9134391776409749
2010-09-08,0.9197534439436267
2010-09-09,0.9219501641838667
2010-09-10,0.9315354375191031
2010-09-13,0.9439069674697844
2010-09-14,0.9515197682879222
2010-09-15,0.9586400556042174
2010-09-16,0.963405513658978
2010-09-17,0.966498331425489
2010-09-20,0.9666360031483138
2010-09-21,0.9707023583572233
2010-09-22,0.9719134656267425
2010-09-23,0.975184758320852
2010-09-24,0.9762835268767649
2010-09-27,0.9770811582529498
2010-09-28,0.9775272802731282
2010-09-29,0.9772175809417866
2010-09-30,0.9777367701363645
2010-10-01,0.9777639851880733
2010-10-04,0.9601262523022389
2010-10-05,0.9536845073662448
2010-10-06,0.9529940619072641
2010-10-07,0.9544739085468846
2010-10-08,0.9502558305492917
2010-10-11,0.9516292040447334
2010-10-12,0.9532342802879485
2010-10-13,0.9507557205332583
2010-10-14,0.9490860529328439
2010-10-15,0.9536712207517902
2010-10-18,0.9549985804568467
2010-10-19,0.9522952948352035
2010-10-20,0.9519114421278015
2010-10-21,0.951220111186132
2010-10-22,0.9474097158578982
2010-10-25,0.9509037407919951
2010-10-26,0.9293572815429894
2010-10-27,0.9209746074718392
2010-10-28,0.9116271191574552
2010-10-29,0.8933681520301041
2010-11-01,0.9004093318662098
2010-11-02,0.8721595033138555
2010-11-03,0.8757845675597241
2010-11-04,0.8370733175113058
2010-11-05,0.8500408387299402
2010-11-08,0.8614198348754115
2010-11-09,0.8601140951429254
2010-11-10,0.8824109217504336
2010-11-11,0.8849229640388602
2010-11-12,0.8879425879733339
2010-11-15,0.8887173568953444
2010-11-16,0.8920763613192113
2010-11-17,0.9022753082737598
2010-11-18,0.9063827424160319
2010-11-19,0.9043091283851423
2010-11-22,0.895011678126274
2010-11-23,0.8898066350655172
2010-11-24,0.9023332755830226
2010-11-26,0.9052714909869258
2010-11-29,0.9106718372765066
2010-11-30,0.9007300812960923
2010-12-01,0.9050655759438625
2010-12-02,0.9213027786456165
2010-12-03,0.9202476562394728
2010-12-06,0.9131852872335261
2010-12-07,0.8973173294948937
2010-12-08,0.8896972345644655
2010-12-09,0.8780557555038198
2010-12-10,0.8800140437414464
2010-12-13,0.8792587198384337
2010-12-14,0.8853165227554324
2010-12-15,0.8974755944085087
2010-12-16,0.9009809007154539
2010-12-17,0.9081244825099221
2010-12-20,0.9047865789764163
2010-12-21,0.8957596624666594
2010-12-22,0.9007557968398102
2010-12-23,0.9045313649581967
2010-12-27,0.9067009968320148
2010-12-28,0.8973041303866297
2010-12-29,0.9018056842778372
2010-12-30,0.9033917633633498
2010-12-31,0.9067860317599816
2011-01-03,0.8610351168327098
2011-01-04,0.8557010353987512
2011-01-05,0.8501802393022473
2011-01-06,0.8463683503432305
2011-01-07,0.8442570042938088
2011-01-10,0.8441760972728526
2011-01-11,0.8413427025426955
2011-01-12,0.8208577755947963
2011-01-13,0.8297138971971915
2011-01-14,0.8278193549209389
2011-01-18,0.815083341124751
2011-01-19,0.8156708526686302
2011-01-20,0.8145827802476346
2011-01-21,0.7831783634128994
2011-01-24,0.7268234563043892
2011-01-25,0.7093777381813405
2011-01-26,0.6808460570277503
2011-01-27,0.6686771251131484
2011-01-28,0.6330250635686469
2011-01-31,0.6440828391003258
2011-02-01,0.6651465177323717
2011-02-02,0.704132316618735
2011-02-03,0.6723046421509977
2011-02-04,0.6163279495645176
2011-02-07,0.6031793785802114
2011-02-08,0.5763002620921894
2011-02-09,0.582757449297826
2011-02-10,0.5720670555404777
2011-02-11,0.5849117806053737
2011-02-14,0.5623571790945698
2011-02-15,0.6010040746479481
2011-02-16,0.5982126999810566
2011-02-17,0.6131703230977051
2011-02-18,0.6263016906918688
2011-02-22,0.6371195078045293
2011-02-23,0.6580583315546595
2011-02-24,0.6699365330539122
2011-02-25,0.6690372007490335
2011-02-28,0.6678334302155441
2011-03-01,0.6801870785696739
2011-03-02,0.713518562964463
2011-03-03,0.7077865491313536
2011-03-04,0.6933952821379554
2011-03-07,0.7274646033812951
2011-03-08,0.7350793046893453
2011-03-09,0.7379675667175493
2011-03-10,0.7362665357815343
2011-03-11,0.7583292439141263
2011-03-14,0.7658743445496091
2011-03-15,0.7689390503536073
2011-03-16,0.7774134110995051
2011-03-17,0.79705122933968
2011-03-18,0.813850753167141
2011-03-21,0.8030670520035958
2011-03-22,0.8159621983122418
2011-03-23,0.8239577766137676
2011-03-24,0.8312760531127396
2011-03-25,0.8421379534468454
2011-03-28,0.8511537886840007
2011-03-29,0.8497846268281676
2011-03-30,0.8496439310110758
2011-03-31,0.8558644235121543
2011-04-01,0.8636348271579145
2011-04-04,0.8494728743693537
2011-04-05,0.8582366995444077
2011-04-06,0.8624914203308736
2011-04-07,0.857190454527711
2011-04-08,0.8650559008534022
2011-04-11,0.8741630344752929
2011-04-12,0.8720266474921294
2011-04-13,0.8900739640296538
2011-04-14,0.9003898227564894
2011-04-15,0.8927184678274138
2011-04-18,0.8832312560763411
2011-04-19,0.8956975626863192
2011-04-20,0.8755717161665456
2011-04-21,0.8834518100493991
2011-04-25,0.8843152150645115
2011-04-26,0.8684320490699523
2011-04-27,0.8396984494387596
2011-04-28,0.8423780535828742
2011-04-29,0.8399411428071474
2011-05-02,0.8034475763660198
2011-05-03,0.8112287828896115
2011-05-04,0.7730483440372523
2011-05-05,0.7564919901530519
2011-05-06,0.6960728588635515
2011-05-09,0.6431564375746018
2011-05-10,0.6905275091725199
2011-05-11,0.6871937830809532
2011-05-12,0.7203448002062974
2011-05-13,0.7190793888509542
2011-05-16,0.7083277475721751
2011-05-17,0.709620461371081
2011-05-18,0.6744511455450825
2011-05-19,0.6626360599035934
2011-05-20,0.5623819463890387
2011-05-23,0.531191111107902
2011-05-24,0.4794557527553997
2011-05-25,0.4580392235383973
2011-05-26,0.3970236269154095
2011-05-27,0.43006026592100016
2011-05-31,0.39398707177188047
2011-06-01,0.3633642793994932
2011-06-02,0.44166459224866095
2011-06-03,0.4615651846851423
2011-06-06,0.4076278145435194
2011-06-07,0.3956457948409891
2011-06-08,0.4076273434703273
2011-06-09,0.37627125866839023
2011-06-10,0.4004117991001931
2011-06-13,0.43730516736921626
2011-06-14,0.430775964891797
2011-06-15,0.5122629451164318
2011-06-16,0.5612428607497117
2011-06-17,0.5828439830047638
2011-06-20,0.5741692758313559
2011-06-21,0.5786728608769869
2011-06-22,0.5758370799352284
2011-06-23,0.5839208467212209
2011-06-24,0.5512432364720066
2011-06-27,0.551788190421188
2011-06-28,0.5422649220014902
2011-06-29,0.4804286040355032
2011-06-30,0.4186381214055225
2011-07-01,0.40987906736601826
2011-07-05,0.3992464967441578
2011-07-06,0.4075093700849227
2011-07-07,0.48541976107410906
2011-07-08,0.5390733124126231
2011-07-11,0.5906686842128895
2011-07-12,0.6308448017182076
2011-07-13,0.6931317638056376
2011-07-14,0.7081001625157406
2011-07-15,0.6974077042787068
2011-07-18,0.6606651735777482
2011-07-19,0.6751617372337905
2011-07-20,0.6956353094167066
2011-07-21,0.661366537972276
2011-07-22,0.6721752969404957
2011-07-25,0.6951489856127614
2011-07-26,0.7257075868298151
2011-07-27,0.7417051405168724
2011-07-28,0.754390214733514
2011-07-29,0.7308461680384725
2011-08-01,0.716371712726909
2011-08-02,0.7233417092228197
2011-08-03,0.7010878776555914
2011-08-04,0.7096545668031039
2011-08-05,0.7822486721500802
2011-08-08,0.7575255583858823
2011-08-09,0.8567074708637645
2011-08-10,0.9048901674616041
2011-08-11,0.9065307609942205
2011-08-12,0.9230866112041445
2011-08-15,0.9280354798005565
2011-08-16,0.9308604815114143
2011-08-17,0.941040807683074
2011-08-18,0.936214879762647
2011-08-19,0.9401661354311989
2011-08-22,0.9316624586764041
2011-08-23,0.9295589733948624
2011-08-24,0.9325547451060469
2011-08-25,0.9369197661789351
2011-08-26,0.9429981206729579
2011-08-29,0.9554428699597282
2011-08-30,0.9605289179031203
2011-08-31,0.9657867325234627
2011-09-01,0.9790665456917909
2011-09-02,0.9829611332853072
2011-09-06,0.9895362039434616
2011-09-07,0.9911357209010965
2011-09-08,0.9941937007283774
2011-09-09,0.9922026033562895
2011-09-12,0.9947402393116151
2011-09-13,0.9922639399847041
2011-09-14,0.9925270086372184
2011-09-15,0.9906195931482443
2011-09-16,0.991350626748593
2011-09-19,0.9907042590475831
2011-09-20,0.9921623264116486
2011-09-21,0.993125275230685
2011-09-22,0.9945670719200039
2011-09-23,0.9931140214523491
2011-09-26,0.993593052935888
2011-09-27,0.9941007874995043
2011-09-28,0.9931668269052503
2011-09-29,0.9901034956745722
2011-09-30,0.9892332248945366
2011-10-03,0.9889887388679469
2011-10-04,0.9891225565698369
2011-10-05,0.9920237427360018
2011-10-06,0.9931221850699805
2011-10-07,0.9912585825280678
2011-10-10,0.9925250109806837
2011-10-11,0.9945214615874948
2011-10-12,0.994569239372504
2011-10-13,0.9946027338162751
2011-10-14,0.9941179525687627
2011-10-17,0.9934328730295102
2011-10-18,0.9934688782907576
2011-10-19,0.9931026722776077
2011-10-20,0.9935604392583075
2011-10-21,0.9942920580998915
2011-10-24,0.9953346211792509
2011-10-25,0.9957566161893916
2011-10-26,0.9955885043454097
2011-10-27,0.995398801295312
2011-10-28,0.9962997035766984
2011-10-31,0.9960073123128258
2011-11-01,0.9966910032757265
2011-11-02,0.9976472488012064
2011-11-03,0.9975282581290371
2011-11-04,0.9976923748208448
2011-11-07,0.9975808271845414
2011-11-08,0.9976861741713052
2011-11-09,0.9962388567960542
2011-11-10,0.9968528499705128
2011-11-11,0.9962270845612746
2011-11-14,0.9958361900996846
2011-11-15,0.9946780017293562
2011-11-16,0.9941887783858694
2011-11-17,0.9927519233482065
2011-11-18,0.9938653473872221
2011-11-21,0.9936571029388668
2011-11-22,0.9925452998891485
2011-11-23,0.9901656209402249
2011-11-25,0.9923102861701323
2011-11-28,0.9906956227515251
2011-11-29,0.9863695439416038
2011-11-30,0.9844673906362191
2011-12-01,0.9906054196753584
2011-12-02,0.9921698870302345
2011-12-05,0.9915091420630656
2011-12-06,0.9905468707876912
2011-12-07,0.9915568846646752
2011-12-08,0.9914157552652562
2011-12-09,0.99074715430317
2011-12-12,0.9919405293681504
2011-12-13,0.9920150784619594
2011-12-14,0.9905263473639287
2011-12-15,0.9909279719106516
2011-12-16,0.9912001983116432
2011-12-19,0.9917884281823479
2011-12-20,0.9928115034648335
2011-12-21,0.9943623905841179
2011-12-22,0.9953163520205137
2011-12-23,0.9958781670116861
2011-12-27,0.9964983983258296
2011-12-28,0.9968702214765258
2011-12-29,0.9961846011100298
2011-12-30,0.9961598504193749
2012-01-03,0.9925264196610911
2012-01-04,0.9926917046437563
2012-01-05,0.9918238373759368
2012-01-06,0.9907920380568643
2012-01-09,0.9899748442724547
2012-01-10,0.9895663117296606
2012-01-11,0.9897992056491646
2012-01-12,0.9880476894391378
2012-01-13,0.989195702584183
2012-01-17,0.9898673248385638
2012-01-18,0.991165513380131
2012-01-19,0.9915484894623806
2012-01-20,0.9911223860807571
2012-01-23,0.9912405334348249
2012-01-24,0.9863075106527831
2012-01-25,0.9856657986384875
2012-01-26,0.9835407137841332
2012-01-27,0.9818747510249891
2012-01-30,0.9805640720579704
2012-01-31,0.9771210841457044
2012-02-01,0.9744379337107063
2012-02-02,0.9775701499505992
2012-02-03,0.9719191907069306
2012-02-06,0.973558878615764
2012-02-07,0.9732011430005139
2012-02-08,0.9743410450947486
2012-02-09,0.9740576962102626
2012-02-10,0.9710794244775101
2012-02-13,0.9717263966344211
2012-02-14,0.9722833230586062
2012-02-15,0.9726975225488432
2012-02-16,0.9713766742525379
2012-02-17,0.9699389709715526
2012-02-21,0.9688568588026385
2012-02-22,0.9683890761797467
2012-02-23,0.9623384006669493
2012-02-24,0.9589996374646232
2012-02-27,0.9528956129335636
2012-02-28,0.9549075954230055
2012-02-29,0.9555746569938885
2012-03-01,0.9517725920959161
2012-03-02,0.9526511164752881
2012-03-05,0.9554980051035417
2012-03-06,0.9533586432919195
2012-03-07,0.9451235142141169
2012-03-08,0.9481109086619484
2012-03-09,0.9472783096282319
2012-03-12,0.9355406831763629
2012-03-13,0.9345533372510305
2012-03-14,0.938698872150068
2012-03-15,0.9271542101064087
2012-03-16,0.9120928379865815
2012-03-19,0.9177046566469279
2012-03-20,0.9082804712378137
2012-03-21,0.913249124685807
2012-03-22,0.91088021151798
2012-03-23,0.9181870968838998
2012-03-26,0.9215033005665746
2012-03-27,0.9280764226935088
2012-03-28,0.9271004704264487
2012-03-29,0.9305827293166621
2012-03-30,0.93629700412772
2012-04-02,0.9332342573850002
2012-04-03,0.9377647815980639
2012-04-04,0.9411032619035639
2012-04-05,0.946248276350335
2012-04-09,0.9455936772724637
2012-04-10,0.9443751190986416
2012-04-11,0.9467606414664368
2012-04-12,0.9462308474548352
2012-04-13,0.9293187469749622
2012-04-16,0.9285879211682139
2012-04-17,0.921112965065677
2012-04-18,0.9249038819138813
2012-04-19,0.9133043916756178
2012-04-20,0.9174779279424102
2012-04-23,0.9257024091661681
2012-04-24,0.9340196182482322
2012-04-25,0.934124193228853
2012-04-26,0.9347200504490087
2012-04-27,0.9415545640237244
2012-04-30,0.9460585465211306
2012-05-01,0.9485908516848155
2012-05-02,0.9482076363096505
2012-05-03,0.9443690440917635
2012-05-04,0.9434249578823155
2012-05-07,0.9449376312987092
2012-05-08,0.9454490723894526
2012-05-09,0.9500439573224614
2012-05-10,0.9572144627352863
2012-05-11,0.9535268711606278
2012-05-14,0.9496031837119367
2012-05-15,0.95192804813677
2012-05-16,0.9505460909651156
2012-05-17,0.9363492335737046
2012-05-18,0.943318479275501
2012-05-21,0.9467125485146286
2012-05-22,0.9483896967784641
2012-05-23,0.9461079698761234
2012-05-24,0.9445922333436036
2012-05-25,0.9347248440472233
2012-05-29,0.9284321820017818
2012-05-30,0.93044005873105
2012-05-31,0.9382250493083929
2012-06-01,0.921894124908252
2012-06-04,0.9297654329233286
2012-06-05,0.9274744269397549
2012-06-06,0.9270826493274801
2012-06-07,0.934588229113547
2012-06-08,0.9347956701894151
2012-06-11,0.942042155681311
2012-06-12,0.9375071938614811
2012-06-13,0.9415274298838344
2012-06-14,0.9507596773507248
2012-06-15,0.9494575959801759
2012-06-18,0.9530901002085553
2012-06-19,0.9585815346108386
2012-06-20,0.9645026847744532
2012-06-21,0.9639649381386637
2012-06-22,0.9682643452796741
2012-06-25,0.9688407853994868
2012-06-26,0.9677609748997003
2012-06-27,0.9699764027054173
2012-06-28,0.9701803814032723
2012-06-29,0.9741370990159729
2012-07-02,0.9800376789298774
2012-07-03,0.9844028116210678
2012-07-05,0.9862277796297179
2012-07-06,0.9876472032403664
2012-07-09,0.9866048481441092
2012-07-10,0.9865057292692875
2012-07-11,0.9831052804715448
2012-07-12,0.9824028995483107
2012-07-13,0.9799152615484837
2012-07-16,0.9798358963327056
2012-07-17,0.977881909947402
2012-07-18,0.9740358486667011
2012-07-19,0.9759192349058557
2012-07-20,0.973058617342909
2012-07-23,0.975970134325811
2012-07-24,0.9776910527614853
2012-07-25,0.9770923800013425
2012-07-26,0.9779784234124622
2012-07-27,0.9759180089474984
2012-07-30,0.9747949964356871
2012-07-31,0.972122090056235
2012-08-01,0.9577494144436124
2012-08-02,0.9407900388502436
2012-08-03,0.9323166150560797
2012-08-06,0.9034300063402421
2012-08-07,0.8905373902213664
2012-08-08,0.8073942558747352
2012-08-09,0.839497725338947
2012-08-10,0.7677629591871334
2012-08-13,0.8145360864634518
2012-08-14,0.7853375427933803
2012-08-15,0.8217118104483772
2012-08-16,0.8001105900066322
2012-08-17,0.799494806047413
2012-08-20,0.7220591564470747
2012-08-21,0.6823873680412637
2012-08-22,0.6586397515241177
2012-08-23,0.699423080491518
2012-08-24,0.7223510809795363
2012-08-27,0.6672930187954719
2012-08-28,0.6356376455711306
2012-08-29,0.6851733797549224
2012-08-30,0.6910880565234961
2012-08-31,0.7063313907067686
2012-09-04,0.7020020814571684
2012-09-05,0.5914246399134947
2012-09-06,0.5535977155727582
2012-09-07,0.6238992108491075
2012-09-10,0.5866297759226631
2012-09-11,0.5195819985485184
2012-09-12,0.5148464102816837
2012-09-13,0.5272164427934126
2012-09-14,0.5614532739220851
2012-09-17,0.5905548883345811
2012-09-18,0.6014768470635502
2012-09-19,0.5930369793339025
2012-09-20,0.5958084328633718
2012-09-21,0.5424632182170178
2012-09-24,0.4594116217780916
2012-09-25,0.44895089228165713
2012-09-26,0.4734042715775131
2012-09-27,0.48893727318835195
2012-09-28,0.45782674066426354
2012-10-01,0.4811676057789136
2012-10-02,0.4425960139392892
2012-10-03,0.36697596813264644
2012-10-04,0.38846448066567313
2012-10-05,0.4203650091222358
2012-10-08,0.3787713094162766
2012-10-09,0.357475199310658
2012-10-10,0.44938251779208804
2012-10-11,0.46428769736713915
2012-10-12,0.4871862100964485
2012-10-15,0.4288668567779573
2012-10-16,0.4679372178964494
2012-10-17,0.4447396502067086
2012-10-18,0.48170720824355445
2012-10-19,0.4531729188364892
2012-10-22,0.4906690446825171
2012-10-23,0.5288685165417923
2012-10-24,0.5878737037262808
2012-10-25,0.5729039484231985
2012-10-26,0.6144916585930802
2012-10-31,0.6652567673982358
2012-11-01,0.6897094438940871
2012-11-02,0.6656826004757054
2012-11-05,0.6277947433394185
2012-11-06,0.6423905326518137
2012-11-07,0.6531669646798397
2012-11-08,0.6668321527662269
2012-11-09,0.6907957278994298
2012-11-12,0.73602301619916
2012-11-13,0.6994400878619902
2012-11-14,0.7140906035475699
2012-11-15,0.7623625482364618
2012-11-16,0.740302282780954
2012-11-19,0.7246422602945087
2012-11-20,0.721560498500559
2012-11-21,0.6952096381253899
2012-11-23,0.6956847450180356
2012-11-26,0.6676365058059962
2012-11-27,0.662748055759645
2012-11-28,0.6272717812208006
2012-11-29,0.6162961833595759
2012-11-30,0.6600810692872153
2012-12-03,0.6692028978729297
2012-12-04,0.7202720339277692
2012-12-05,0.7468476348176009
2012-12-06,0.7642778416553248
2012-12-07,0.7768186328379617
2012-12-10,0.7916894464815751
2012-12-11,0.8075445572889571
2012-12-12,0.7880394424121467
2012-12-13,0.8134261645530457
2012-12-14,0.8087140170536415
2012-12-17,0.8010287110944934
2012-12-18,0.7895668217633707
2012-12-19,0.7917430995306382
2012-12-20,0.7494064795138954
2012-12-21,0.723512327905441
2012-12-24,0.7622320840922168
2012-12-26,0.7342436754889616
2012-12-27,0.7480534273051439
2012-12-28,0.770409187388687
2012-12-31,0.7753928436883354
2013-01-02,0.7704289894004708
2013-01-03,0.814763647166918
2013-01-04,0.8144374973595349
2013-01-07,0.8313908916520136
2013-01-08,0.8336652295680693
2013-01-09,0.8395633685116287
2013-01-10,0.8378280068497843
2013-01-11,0.8436158471947733
2013-01-14,0.8454399536177944
2013-01-15,0.8458741358426373
2013-01-16,0.8531240692550487
2013-01-17,0.8546074784756487
2013-01-18,0.8462091667244427
2013-01-22,0.8429268265382367
2013-01-23,0.8541603639286508
2013-01-24,0.8511915075466058
2013-01-25,0.8567562090179834
2013-01-28,0.8620854511243679
2013-01-29,0.8772108499001549
2013-01-30,0.8770461853520004
2013-01-31,0.8833127585056523
2013-02-01,0.8632885943542861
2013-02-04,0.8001722218552331
2013-02-05,0.816966504131781
2013-02-06,0.8105636619534247
2013-02-07,0.8201338816897851
2013-02-08,0.8205306480653168
2013-02-11,0.8254358831333298
2013-02-12,0.8191256437072227
2013-02-13,0.8221901367133485
2013-02-14,0.8124506555281011
2013-02-15,0.8153762368097117
2013-02-19,0.8118351085878619
2013-02-20,0.7984299740068835
2013-02-21,0.8173835036234971
2013-02-22,0.8161518991931819
2013-02-25,0.8172550722116477
2013-02-26,0.8302847575965697
2013-02-27,0.8295548859548638
2013-02-28,0.8386142789392178
2013-03-01,0.8332142035654768
2013-03-04,0.839316771247597
2013-03-05,0.8389999851298847
2013-03-06,0.83771144706338
2013-03-07,0.8402570997805804
2013-03-08,0.8235153515492681
2013-03-11,0.8023472685164901
2013-03-12,0.8071330323830345
2013-03-13,0.8094196810961485
2013-03-14,0.8111292815529378
2013-03-15,0.8112018898114681
2013-03-18,0.8359554089332638
2013-03-19,0.8417389282285614
2013-03-20,0.8537275381332963
2013-03-21,0.8521342081855307
2013-03-22,0.8673976718410553
2013-03-25,0.8724795675069121
2013-03-26,0.8654870873937396
2013-03-27,0.8579767711312887
2013-03-28,0.8578281368961547
2013-04-01,0.8506249933915686
2013-04-02,0.8497087713046249
2013-04-03,0.8436317767154611
2013-04-04,0.8421403473477065
2013-04-05,0.8276743565542138
2013-04-08,0.8308880258539125
2013-04-09,0.8236025814203077
2013-04-10,0.8023750672392086
2013-04-11,0.8013947243421115
2013-04-12,0.7839431790725797
2013-04-15,0.7482701096838797
2013-04-16,0.7727043830903926
2013-04-17,0.7955519766677372
2013-04-18,0.7922095887083397
2013-04-19,0.7941297936928453
2013-04-22,0.8095224974075925
2013-04-23,0.8165994409756013
2013-04-24,0.8044372759188702
2013-04-25,0.8099245547392411
2013-04-26,0.7884164080394422
2013-04-29,0.789339015290301
2013-04-30,0.799047610925163
2013-05-01,0.8132110406595242
2013-05-02,0.8164652085300851
2013-05-03,0.8277502077759586
2013-05-06,0.8387986194507849
2013-05-07,0.8439950167581819
2013-05-08,0.8309763359148435
2013-05-09,0.8083292499738878
2013-05-10,0.7824579460117548
2013-05-13,0.7612330920614847
2013-05-14,0.7414472038450044
2013-05-15,0.7337830065281866
2013-05-16,0.6953496168806341
2013-05-17,0.6767968927260976
2013-05-20,0.6724650383137286
2013-05-21,0.6487095727301683
2013-05-22,0.5980475537543216
2013-05-23,0.5549055192177714
2013-05-24,0.5646531085470052
2013-05-28,0.5408946262250459
2013-05-29,0.5338743212733069
2013-05-30,0.5224389770236568
2013-05-31,0.5116979277647923
2013-06-03,0.5566731223770837
2013-06-04,0.5057639552426775
2013-06-05,0.4642151017127975
2013-06-06,0.4152342152493341
2013-06-07,0.3877272621299535
2013-06-10,0.37202812968993937
2013-06-11,0.40123791577930057
2013-06-12,0.39525451004840606
2013-06-13,0.4186971446344734
2013-06-14,0.3917501230584556
2013-06-17,0.4037108473290885
2013-06-18,0.39805586113541597
2013-06-19,0.39121893446783557
2013-06-20,0.4181867271596835
2013-06-21,0.4602875319136163
2013-06-24,0.5015574505681838
2013-06-25,0.523969394944697
2013-06-26,0.5020368897516666
2013-06-27,0.5092798810586031
2013-06-28,0.4945128009872228
2013-07-01,0.48762945415546904
2013-07-02,0.5170608311796588
2013-07-03,0.5074423119969488
2013-07-05,0.5721804881593194
2013-07-08,0.6192697020648218
2013-07-09,0.6394588361034125
2013-07-10,0.6175732086633184
2013-07-11,0.6129630123369579
2013-07-12,0.6296280084129944
2013-07-15,0.6195130015373106
2013-07-16,0.576780874089505
2013-07-17,0.5731797017155904
2013-07-18,0.5878872654138202
2013-07-19,0.5666728379512832
2013-07-22,0.5868874681015323
2013-07-23,0.5890638251764299
2013-07-24,0.6086888279260176
2013-07-25,0.6049550266401386
2013-07-26,0.5820846445127119
2013-07-29,0.5418768901699756
2013-07-30,0.5157185110860821
2013-07-31,0.5326888957734831
2013-08-01,0.5467342750865042
2013-08-02,0.5601364877343595
2013-08-05,0.5560396098870755
2013-08-06,0.5307730936991627
2013-08-07,0.5042426069696766
2013-08-08,0.5112422380517117
2013-08-09,0.5057926209510458
2013-08-12,0.46071369987415395
2013-08-13,0.44866176689145065
2013-08-14,0.4460900886300292
2013-08-15,0.4529628004907775
2013-08-16,0.46595397287675455
2013-08-19,0.44990565981993513
2013-08-20,0.44713554307023085
2013-08-21,0.45593997137739595
2013-08-22,0.46252058600792767
2013-08-23,0.4800818403998068
2013-08-26,0.4743257604508807
2013-08-27,0.4777012572185138
2013-08-28,0.49245216555592086
2013-08-29,0.5047660458312013
2013-08-30,0.5037884691771766
2013-09-03,0.45807523369973013
2013-09-04,0.4546162702998272
2013-09-05,0.44942241096667856
2013-09-06,0.4627160140363565
2013-09-09,0.46418796965393
2013-09-10,0.4662477749559692
2013-09-11,0.5210084518666837
2013-09-12,0.5468809182328196
2013-09-13,0.5415397076591085
2013-09-16,0.5639492398043418
2013-09-17,0.5897410080129656
2013-09-18,0.6353492622951121
2013-09-19,0.6719528565360608
2013-09-20,0.6813570102015983
2013-09-23,0.7060286290800928
2013-09-24,0.7036407867648875
2013-09-25,0.6988434826200933
2013-09-26,0.7022036979584974
2013-09-27,0.6974105093513587
2013-09-30,0.6811117125288084
2013-10-01,0.6743431191815039
2013-10-02,0.699112243532121
2013-10-03,0.6880003305696054
2013-10-04,0.6800225519090946
2013-10-07,0.6816609954326439
2013-10-08,0.6967379394803972
2013-10-09,0.6948887826510282
2013-10-10,0.6761752627091692
2013-10-11,0.6995056561373552
2013-10-14,0.6867404076614909
2013-10-15,0.6651546866982374
2013-10-16,0.6485887225272026
2013-10-17,0.6375281745549172
2013-10-18,0.612927180106519
2013-10-21,0.6281989917138898
2013-10-22,0.6429295164499862
2013-10-23,0.6503106203946803
2013-10-24,0.6334238115490288
2013-10-25,0.6419077406388786
2013-10-28,0.6091571090973523
2013-10-29,0.5990027924329839
2013-10-30,0.6020895320012373
2013-10-31,0.5842080408527223
2013-11-01,0.5815084886029871
2013-11-04,0.6110109634828341
2013-11-05,0.5850463400082142
2013-11-06,0.5958972018440739
2013-11-07,0.6190654674167223
2013-11-08,0.6076108152768155
2013-11-11,0.5126707726765455
2013-11-12,0.4888220771612496
2013-11-13,0.4632687252691731
2013-11-14,0.4386501462273591
2013-11-15,0.35622679234495697
2013-11-18,0.3247068555383699
2013-11-19,0.30602696138451324
2013-11-20,0.32506556622620997
2013-11-21,0.30632842572372404
2013-11-22,0.31740816845391245
2013-11-25,0.3381266435816024
2013-11-26,0.33384285590523083
2013-11-27,0.3210713616270122
2013-11-29,0.32151400378165745
2013-12-02,0.33123588542426363
2013-12-03,0.33375060825754216
2013-12-04,0.32157722590621746
2013-12-05,0.3116371225938396
2013-12-06,0.31787970547025257
2013-12-09,0.3196977183571905
2013-12-10,0.32120263427078344
2013-12-11,0.28857119322626684
2013-12-12,0.31452507139362473
2013-12-13,0.3220457935666728
2013-12-16,0.29333505584328173
2013-12-17,0.2743237473871361
2013-12-18,0.28094238339423266
2013-12-19,0.32787739211506434
2013-12-20,0.31805105221034125
2013-12-23,0.33736857411111454
2013-12-24,0.31272409892975866
2013-12-26,0.29901146670265183
2013-12-27,0.2870995929093263
2013-12-30,0.2791423686347403
2013-12-31,0.2489300423550342
2014-01-02,0.26810228134600494
2014-01-03,0.32103966342224327
2014-01-06,0.3323760523916195
2014-01-07,0.35581126390363693
2014-01-08,0.3765087714391357
2014-01-09,0.35363076798504517
2014-01-10,0.35320790447980754
2014-01-13,0.37078312352027554
2014-01-14,0.39607988446977327
2014-01-15,0.4120503820549724
2014-01-16,0.4267665630387633
2014-01-17,0.4261140120931701
2014-01-21,0.44983416711675017
2014-01-22,0.4019540625693282
2014-01-23,0.40823844381574365
2014-01-24,0.4081922717253851
2014-01-27,0.43741383583820637
2014-01-28,0.43807875236710375
2014-01-29,0.4289042013218818
2014-01-30,0.443454278964253
2014-01-31,0.4514780763840287
2014-02-03,0.4403867272066192
2014-02-04,0.5050811524163842
2014-02-05,0.4971575517590187
2014-02-06,0.5246003719375281
2014-02-07,0.5321074474586435
2014-02-10,0.551914034119665
2014-02-11,0.5650764446069558
2014-02-12,0.5753511017948789
2014-02-13,0.5958941391077066
2014-02-14,0.5809139677676698
2014-02-18,0.5776812901855533
2014-02-19,0.5804588065102203
2014-02-20,0.6067664243163964
2014-02-21,0.5828748098837798
2014-02-24,0.5707566829676478
2014-02-25,0.6020800642127978
2014-02-26,0.5805670469945345
2014-02-27,0.6004578089432985
2014-02-28,0.6238845907377809
2014-03-03,0.6458810572165213
2014-03-04,0.6414107268163624
2014-03-05,0.6762999278623683
2014-03-06,0.6881974755142737
2014-03-07,0.6904003915575926
2014-03-10,0.7037622788301693
2014-03-11,0.694699424436681
2014-03-12,0.6771199826464239
2014-03-13,0.6617868750633709
2014-03-14,0.6445051868656833
2014-03-17,0.6426239844190506
2014-03-18,0.6259679571456116
2014-03-19,0.601613766083216
2014-03-20,0.589349482529854
2014-03-21,0.6036584714038739
2014-03-24,0.5695250205296
2014-03-25,0.5820110729794999
2014-03-26,0.5608680691975784
2014-03-27,0.58219230808344
2014-03-28,0.5777515280688088
2014-03-31,0.5764365668967288
2014-04-01,0.5647849838379294
2014-04-02,0.5854131169888204
2014-04-03,0.5131015765429282
2014-04-04,0.5103199554668877
2014-04-07,0.5061645378802532
2014-04-08,0.5205319045690128
2014-04-09,0.5213344524988983
2014-04-10,0.5673641693912091
2014-04-11,0.6152901926151282
2014-04-14,0.6412002527184342
2014-04-15,0.6212613999896937
2014-04-16,0.6311551760448446
2014-04-17,0.5947106929370999
2014-04-21,0.5822428266375624
2014-04-22,0.5732953854791366
2014-04-23,0.5846723654436876
2014-04-24,0.6095960319865232
2014-04-25,0.6111997813823483
2014-04-28,0.6419445853428225
2014-04-29,0.6539029651113131
2014-04-30,0.6675318036157678
2014-05-01,0.6595090614670187
2014-05-02,0.6301646132084789
2014-05-05,0.6373252633409877
2014-05-06,0.657054959799261
2014-05-07,0.6785944905344924
2014-05-08,0.7064672400092972
2014-05-09,0.7236966310807736
2014-05-12,0.7070182773063082
2014-05-13,0.7197099175731827
2014-05-14,0.7300549977313869
2014-05-15,0.7394325473002487
2014-05-16,0.7510819790003989
2014-05-19,0.7295987511764568
2014-05-20,0.7429527050696796
2014-05-21,0.7380809266108685
2014-05-22,0.735459117849672
2014-05-23,0.7212973170811365
2014-05-27,0.713422004047547
2014-05-28,0.7139548299369007
2014-05-29,0.7161904527133491
2014-05-30,0.6964910462691061
2014-06-02,0.6947234776227772
2014-06-03,0.6690995183331796
2014-06-04,0.6733691493776194
2014-06-05,0.6528583086641967
2014-06-06,0.6272913796506131
2014-06-09,0.6214338790365541
2014-06-10,0.6426175488428194
2014-06-11,0.6393999410738357
2014-06-12,0.598549263830904
2014-06-13,0.5855466408379241
2014-06-16,0.6108350914027755
2014-06-17,0.5946219031600014
2014-06-18,0.5976655760684815
2014-06-19,0.6140635622353539
2014-06-20,0.5975428157804802
2014-06-23,0.5238673613503355
2014-06-24,0.5089790219881739
2014-06-25,0.4690252526397435
2014-06-26,0.44996040993796343
2014-06-27,0.4505558702058634
2014-06-30,0.4452321633786932
2014-07-01,0.42977643689436623
2014-07-02,0.4449082313793289
2014-07-03,0.4454512957776424
2014-07-07,0.4430717376647774
2014-07-08,0.4469538746079126
2014-07-09,0.4554294937880221
2014-07-10,0.46955757085404176
2014-07-11,0.47537602646389954
2014-07-14,0.5107686502731458
2014-07-15,0.532720265543757
2014-07-16,0.5419896868875257
2014-07-17,0.5439140525558663
2014-07-18,0.5743639571338229
2014-07-21,0.576229087417737
2014-07-22,0.5755169002574243
2014-07-23,0.5786195967674251
2014-07-24,0.5773923769437789
2014-07-25,0.5777569884060101
2014-07-28,0.57815458685428
2014-07-29,0.5832320536842233
2014-07-30,0.5772874070979309
2014-07-31,0.5799483926379084
2014-08-01,0.6022700512855119
2014-08-04,0.6242067269258706
2014-08-05,0.6225307804261855
2014-08-06,0.6365848787271039
2014-08-07,0.6405033726865335
2014-08-08,0.6303336744764586
2014-08-11,0.6572892704017804
2014-08-12,0.6525693727859887
2014-08-13,0.6398022896518215
2014-08-14,0.6516563881521478
2014-08-15,0.637533209142828
2014-08-18,0.6179500491746553
2014-08-19,0.5856190897171121
2014-08-20,0.573399436178299
2014-08-21,0.5589212958456484
2014-08-22,0.5368635424788862
2014-08-25,0.5436833866164369
2014-08-26,0.5593464586176847
2014-08-27,0.5541535658683078
2014-08-28,0.5309621717951056
2014-08-29,0.5370131107622285
2014-09-02,0.5292182527783896
2014-09-03,0.5276473246341825
2014-09-04,0.5214190292506765
2014-09-05,0.5446726558368346
2014-09-08,0.5582731008333678
2014-09-09,0.5678556083202058
2014-09-10,0.5666622108776673
2014-09-11,0.5812819173225937
2014-09-12,0.590169954554075
2014-09-15,0.5764643583284241
2014-09-16,0.5685691261413389
2014-09-17,0.5834685863833132
2014-09-18,0.5642808002554791
2014-09-19,0.5726770785809238
2014-09-22,0.565630188752086
2014-09-23,0.5567888048949015
2014-09-24,0.5501515974285143
2014-09-25,0.5360289591475944
2014-09-26,0.5501764644445979
2014-09-29,0.5575113828512644
2014-09-30,0.5494496801543274
2014-10-01,0.526679348463936
2014-10-02,0.5551046459339212
2014-10-03,0.5570062672213577
2014-10-06,0.5557167920635342
2014-10-07,0.5552627347327703
2014-10-08,0.5631978865504939
2014-10-09,0.574541582933284
2014-10-10,0.5901657621037069
2014-10-13,0.6329424689102998
2014-10-14,0.6718702024893514
2014-10-15,0.6930479753711359
2014-10-16,0.6786068520515535
2014-10-17,0.7104969807870432
2014-10-20,0.7309546649491513
2014-10-21,0.7534457854712092
2014-10-22,0.7875119958565076
2014-10-23,0.8141084138337225
2014-10-24,0.8130821822940469
2014-10-27,0.8365399527790877
2014-10-28,0.838320023878886
2014-10-29,0.8523336768190323
2014-10-30,0.8649219642640191
2014-10-31,0.8759904736591952
2014-11-03,0.8805277717818311
2014-11-04,0.876822133094278
2014-11-05,0.8846973934693363
2014-11-06,0.8912013472864666
2014-11-07,0.8777532368442621
2014-11-10,0.8704404479968024
2014-11-11,0.8878865949023221
2014-11-12,0.8935456155700178
2014-11-13,0.8966175194492113
2014-11-14,0.9100467318951672
2014-11-17,0.9197241828082033
2014-11-18,0.9167992475202067
2014-11-19,0.9088188739455111
2014-11-20,0.8821081779080951
2014-11-21,0.8719029112293398
2014-11-24,0.8539601791680821
2014-11-25,0.8414105692855061
2014-11-26,0.8341561851255078
2014-11-28,0.8080901706331015
2014-12-01,0.806318820033742
2014-12-02,0.7973130106773038
2014-12-03,0.7597196916389463
2014-12-04,0.7429848076716016
2014-12-05,0.7327880567469579
2014-12-08,0.6997934938780117
2014-12-09,0.7078272307906378
2014-12-10,0.7045159951595218
2014-12-11,0.7224027729262956
2014-12-12,0.6990082180959678
2014-12-15,0.7105566793568007
2014-12-16,0.7021193568865333
2014-12-17,0.7057832623972631
2014-12-18,0.7257778011426026
2014-12-19,0.7708550977658545
2014-12-22,0.7773718722598932
2014-12-23,0.7867892322620491
2014-12-24,0.7906231203234889
2014-12-26,0.7962184018436945
2014-12-29,0.806714526122285
2014-12-30,0.8071616726995612
2014-12-31,0.8138954773804521
2015-01-02,0.8323833204653159
2015-01-05,0.8199505402762849
2015-01-06,0.8274991317218526
2015-01-07,0.8297444990050657
2015-01-08,0.8412937394297604
2015-01-09,0.857012904353341
2015-01-12,0.8637144427010349
2015-01-13,0.8798704097329826
2015-01-14,0.8721517637719428
2015-01-15,0.8925593137646121
2015-01-16,0.9077307553057825
2015-01-20,0.9201128120581917
2015-01-21,0.9021458981102626
2015-01-22,0.8743025132454388
2015-01-23,0.87324174435873
2015-01-26,0.8541935644866786
2015-01-27,0.8163819327602672
2015-01-28,0.8024124549914233
2015-01-29,0.7996093184944194
2015-01-30,0.779857523597447
2015-02-02,0.7963576317403754
2015-02-03,0.8059424439793965
2015-02-04,0.7870068125795535
2015-02-05,0.8045299980598377
2015-02-06,0.8178337423589345
2015-02-09,0.8180289286872942
2015-02-10,0.8027410868461499
2015-02-11,0.8214148096902621
2015-02-12,0.8413070154698749
2015-02-13,0.8503974699878099
2015-02-17,0.8641991945348597
2015-02-18,0.8790875264633542
2015-02-19,0.87168434580092
2015-02-20,0.8668489994574275
2015-02-23,0.8697317942817648
2015-02-24,0.8460219243180734
2015-02-25,0.8495063651952667
2015-02-26,0.8438697611138334
2015-02-27,0.8478266231075131
2015-03-02,0.8577942585657347
2015-03-03,0.856988973330884
2015-03-04,0.8567064727704178
2015-03-05,0.8601061769060194
2015-03-06,0.8389045196221758
2015-03-09,0.8540088277199075
2015-03-10,0.8377285841149938
2015-03-11,0.852138522554355
2015-03-12,0.8474187209835287
2015-03-13,0.8383079631021945
2015-03-16,0.8218488015538845
2015-03-17,0.8050645531739786
2015-03-18,0.8009828520907026
2015-03-19,0.8071211141094612
2015-03-20,0.7964045018337264
2015-03-23,0.8063123996705592
2015-03-24,0.7947334530012233
2015-03-25,0.7893712063077556
2015-03-26,0.7969291949249938
2015-03-27,0.7869348646584325
2015-03-30,0.781864250630236
2015-03-31,0.7969173154349877
2015-04-01,0.8006641312820585
2015-04-02,0.8159215152831977
2015-04-06,0.8297359810094742
2015-04-07,0.8362863533197491
2015-04-08,0.8350523455204393
2015-04-09,0.822784109450755
2015-04-10,0.83212986411758
2015-04-13,0.8474803653052471
2015-04-14,0.808990163124152
2015-04-15,0.7987720936042866
2015-04-16,0.7826066606354654
2015-04-17,0.7874995930226084
2015-04-20,0.7760239680133303
2015-04-21,0.7879266400336911
2015-04-22,0.7776386996476198
2015-04-23,0.7888914991001115
2015-04-24,0.7928374434187029
2015-04-27,0.7996859331398806
2015-04-28,0.7979035510988541
2015-04-29,0.8031289975410397
2015-04-30,0.7877156679333841
2015-05-01,0.8044983604311029
2015-05-04,0.8132844462951349
2015-05-05,0.8076967987985955
2015-05-06,0.8092296460116395
2015-05-07,0.8015591124108075
2015-05-08,0.8019295509980263
2015-05-11,0.8002193155218528
2015-05-12,0.7914785144366324
2015-05-13,0.8057686512283078
2015-05-14,0.8067630992327116
2015-05-15,0.801341562018211
2015-05-18,0.7906776120891307
2015-05-19,0.8008037720256754
2015-05-20,0.7887363958203313
2015-05-21,0.779851077531499
2015-05-22,0.7818766997907313
2015-05-26,0.7839879294193975
2015-05-27,0.7916401498246943
2015-05-28,0.808851157803001
2015-05-29,0.8079312346307941
2015-06-01,0.8232515229931516
2015-06-02,0.8355184664378729
2015-06-03,0.8244831975789709
2015-06-04,0.8224051284343528
2015-06-05,0.8359190373062392
2015-06-08,0.8492304883478675
2015-06-09,0.8541275340916029
2015-06-10,0.8341885192455933
2015-06-11,0.849914790454624
2015-06-12,0.8496679012492343
2015-06-15,0.8441529175404593
2015-06-16,0.825997558296868
2015-06-17,0.8261460641614484
2015-06-18,0.8212084565512631
2015-06-19,0.8340309725419698
2015-06-22,0.8384385475878434
2015-06-23,0.8418055927782101
2015-06-24,0.8460894900395235
2015-06-25,0.8499142996597749
2015-06-26,0.8422996817888584
2015-06-29,0.8425105037068628
2015-06-30,0.869202694294224
2015-07-01,0.8687709810531938
2015-07-02,0.8790365298391738
2015-07-06,0.8803613649798503
2015-07-07,0.8922842545558944
2015-07-08,0.8948588279679379
2015-07-09,0.9041988319307465
2015-07-10,0.9096050086669699
2015-07-13,0.9015768040121459
2015-07-14,0.9035307290324314
2015-07-15,0.9100087835257058
2015-07-16,0.9123073451279082
2015-07-17,0.9130648360151368
2015-07-20,0.9066803313375236
2015-07-21,0.905161932629768
2015-07-22,0.9061155251927775
2015-07-23,0.9038055062895811
2015-07-24,0.9044688392389653
2015-07-27,0.9123023204993356
2015-07-28,0.913803353192553
2015-07-29,0.9193744267183106
2015-07-30,0.9208124214863384
2015-07-31,0.9221757841454106
2015-08-03,0.905937363638759
2015-08-04,0.9027768759801822
2015-08-05,0.907736419139309
2015-08-06,0.8928512819781583
2015-08-07,0.8922116204810355
2015-08-10,0.8873484055929538
2015-08-11,0.8872818936598083
2015-08-12,0.8776264072851443
2015-08-13,0.870323231544049
2015-08-14,0.8722642881363668
2015-08-17,0.8640675933337141
2015-08-18,0.8617780007933045
2015-08-19,0.8676914757867078
2015-08-20,0.8789636649924311
2015-08-21,0.8982919175298659
2015-08-24,0.9260065427284171
2015-08-25,0.9494735390174441
2015-08-26,0.9568357931927659
2015-08-27,0.9659986048304828
2015-08-28,0.968931704649922
2015-08-31,0.969479357813456
2015-09-01,0.9714925511804248
2015-09-02,0.9750024646023107
2015-09-03,0.9777126256813908
2015-09-04,0.9779380634845307
2015-09-08,0.9812485884673223
2015-09-09,0.9840796024030073
2015-09-10,0.9822611012016427
2015-09-11,0.9845451173576539
2015-09-14,0.9854991757867135
2015-09-15,0.9855158832052454
2015-09-16,0.9858304285124021
2015-09-17,0.9869066177504552
2015-09-18,0.987755424865279
2015-09-21,0.989638732178502
2015-09-22,0.9914310632691291
2015-09-23,0.9928133731370853
2015-09-24,0.9938402133938504
2015-09-25,0.9954227741293694
2015-09-28,0.9923492993007931
2015-09-29,0.9915849580692521
2015-09-30,0.9911742690976543
2015-10-01,0.9914937158688786
2015-10-02,0.9902752188731594
2015-10-05,0.9884263549994573
2015-10-06,0.9898352763387921
2015-10-07,0.990510945868849
2015-10-08,0.9857261520688627
2015-10-09,0.9876004950767608
2015-10-12,0.9847504545621677
2015-10-13,0.9816913391057936
2015-10-14,0.9779009847483524
2015-10-15,0.9737452296319393
2015-10-16,0.9671861276618801
2015-10-19,0.9640461110127069
2015-10-20,0.9663236022361982
2015-10-21,0.966591344290584
2015-10-22,0.9728204510317586
2015-10-23,0.9747417962239969
2015-10-26,0.9789798020170798
2015-10-27,0.981339643628189
2015-10-28,0.9819283029062131
2015-10-29,0.9843876073794432
2015-10-30,0.9819847419693123
2015-11-02,0.9832923482028911
2015-11-03,0.9830115722530317
2015-11-04,0.9783808465515468
2015-11-05,0.9768939341255509
2015-11-06,0.9755695173583663
2015-11-09,0.9731636541482959
2015-11-10,0.9731328150019898
2015-11-11,0.9731457090193402
2015-11-12,0.9739887001785017
2015-11-13,0.9765914206908516
2015-11-16,0.9739787875739379
2015-11-17,0.9747219891490944
2015-11-18,0.9746132518157196
2015-11-19,0.9769856227057121
2015-11-20,0.977076414512039
2015-11-23,0.9728065058498876
2015-11-24,0.970275405864562
2015-11-25,0.970609604178848
2015-11-27,0.9701601910439065
2015-11-30,0.9656632461719096
2015-12-01,0.9646498227085843
2015-12-02,0.9644906803447454
2015-12-03,0.9619076534131008
2015-12-04,0.9631553390979118
2015-12-07,0.9674405360832528
2015-12-08,0.9683744763901911
2015-12-09,0.9671271935611013
2015-12-10,0.9692393295682614
2015-12-11,0.9650897313787324
2015-12-14,0.9692544370049806
2015-12-15,0.9673220923588227
2015-12-16,0.9683632322289404
2015-12-17,0.9616038772798914
2015-12-18,0.9685831893091262
2015-12-21,0.970460364142555
2015-12-22,0.9727458370532394
2015-12-23,0.9738137983778486
2015-12-24,0.9768236344048664
2015-12-28,0.9773562496504297
2015-12-29,0.9783951069512159
2015-12-30,0.9794467809301969
2015-12-31,0.9799990993932504
2016-01-04,0.9765208155489903
2016-01-05,0.978567137905903
2016-01-06,0.9770103103865678
2016-01-07,0.9683060697478546
2016-01-08,0.9735250586304459
2016-01-11,0.9783111681668057
2016-01-12,0.9786371446336232
2016-01-13,0.9778798568198492
2016-01-14,0.9824513628823851
2016-01-15,0.9830269385438325
2016-01-19,0.9808444470523623
2016-01-20,0.9789595549226493
2016-01-21,0.9810099941554532
2016-01-22,0.9834996703810243
2016-01-25,0.9861440044857998
2016-01-26,0.9856405516635303
2016-01-27,0.9854434759241955
2016-01-28,0.9843682722544526
2016-01-29,0.9825357043059848
2016-02-01,0.9830253644231458
2016-02-02,0.9813724103768223
2016-02-03,0.9843742825378298
2016-02-04,0.9876371409787976
2016-02-05,0.9880479111195095
2016-02-08,0.9910681381607862
2016-02-09,0.9929065498120022
2016-02-10,0.993930340437937
2016-02-11,0.99483941239637
2016-02-12,0.9950912264676568
2016-02-16,0.9964332044753011
2016-02-17,0.9963848999288761
2016-02-18,0.997049105735632
2016-02-19,0.9972831511692626
2016-02-22,0.9976493514039049
2016-02-23,0.9978479202190923
2016-02-24,0.9975596981079138
2016-02-25,0.9977903146815613
2016-02-26,0.9975703307358194
2016-02-29,0.9976739488538285
2016-03-01,0.9975713046077835
2016-03-02,0.9972301031920479
2016-03-03,0.997045858888285
2016-03-04,0.9970611654004895
2016-03-07,0.9968956243872511
2016-03-08,0.9964282867473737
2016-03-09,0.9967875574572608
2016-03-10,0.9965534104389231
2016-03-11,0.996489441858953
2016-03-14,0.9969220748525723
2016-03-15,0.9970121211140385
2016-03-16,0.9967429197028955
2016-03-17,0.9960247970068108
2016-03-18,0.99555889689638
2016-03-21,0.995218065089459
2016-03-22,0.9952334277847662
2016-03-23,0.9941335762054994
2016-03-24,0.9939331671599196
2016-03-28,0.9927795594985676
2016-03-29,0.991277877929239
2016-03-30,0.9908727470439378
2016-03-31,0.9914392628310829
2016-04-01,0.9865252193069307
2016-04-04,0.9848258915479663
2016-04-05,0.9841540406227013
2016-04-06,0.9845209699467842
2016-04-07,0.9834563384407418
2016-04-08,0.984792134992072
2016-04-11,0.9846531822644262
2016-04-12,0.9853285910842084
2016-04-13,0.9815338489513501
2016-04-14,0.9819115677465953
2016-04-15,0.9820611738420187
2016-04-18,0.9805431709285091
2016-04-19,0.9766470486904333
2016-04-20,0.9765511095231214
2016-04-21,0.9751987854640964
2016-04-22,0.9755227841841732
2016-04-25,0.9759951005705263
2016-04-26,0.9768845889165687
2016-04-27,0.9763727055319659
2016-04-28,0.9748482139721023
2016-04-29,0.9737994586699621
2016-05-02,0.971640500662711
2016-05-03,0.971735248315082
2016-05-04,0.9729980362585102
2016-05-05,0.9716383171295263
2016-05-06,0.9665489429702632
2016-05-09,0.968109958111447
2016-05-10,0.9705258084638053
2016-05-11,0.9718273597543318
2016-05-12,0.9694699993153926
2016-05-13,0.9658611261440601
2016-05-16,0.9684717665576568
2016-05-17,0.969503093510908
2016-05-18,0.9684782077815689
2016-05-19,0.9673236814220236
2016-05-20,0.9671366614432161
2016-05-23,0.9690752629194009
2016-05-24,0.9684226198100678
2016-05-25,0.9685316683706305
2016-05-26,0.9705212271352149
2016-05-27,0.9700846669808932
2016-05-31,0.9697892773740299
2016-06-01,0.9711577775661241
2016-06-02,0.9692812475228023
2016-06-03,0.9707740755446795
2016-06-06,0.9702851107458383
2016-06-07,0.970470476628209
2016-06-08,0.9681214013418458
2016-06-09,0.9679404866042655
2016-06-10,0.9654919365956768
2016-06-13,0.9677907696650279
2016-06-14,0.9671677505886362
2016-06-15,0.967281990131059
2016-06-16,0.9652996455208825
2016-06-17,0.966955555092953
2016-06-20,0.9696834198142756
2016-06-21,0.9702385855260259
2016-06-22,0.9704723298891631
2016-06-23,0.9717999203096608
2016-06-24,0.9671263028849956
2016-06-27,0.9763427424360055
2016-06-28,0.9771493075333572
2016-06-29,0.9734901636550998
2016-06-30,0.9741489744350431
2016-07-01,0.9754198674427504
2016-07-05,0.974498074057818
2016-07-06,0.9741214533360023
2016-07-07,0.9749183605030505
2016-07-08,0.9716916926706431
2016-07-11,0.9721388656556498
2016-07-12,0.9747165075886822
2016-07-13,0.9783481247421328
2016-07-14,0.9807739837163881
2016-07-15,0.9824725383306626
2016-07-18,0.9851564201552755
2016-07-19,0.9861351538190136
2016-07-20,0.9871964757139402
2016-07-21,0.9866516932220344
2016-07-22,0.9864932484382648
2016-07-25,0.9860486232748336
2016-07-26,0.9827368745036139
2016-07-27,0.9792285131926224
2016-07-28,0.9809074006184229
2016-07-29,0.9785607229120953
2016-08-01,0.9739930861464826
2016-08-02,0.9697030982037226
2016-08-03,0.9682966862605231
2016-08-04,0.965397864817907
2016-08-05,0.9620209155576204
2016-08-08,0.9590850717231002
2016-08-09,0.9461354782033708
2016-08-10,0.9465636319250638
2016-08-11,0.934927558850587
2016-08-12,0.9310025189546192
2016-08-15,0.9216443186909519
2016-08-16,0.9204192809751583
2016-08-17,0.9191253547719636
2016-08-18,0.9159183795589249
2016-08-19,0.9039980667043143
2016-08-22,0.8853538829301749
2016-08-23,0.8395442720717751
2016-08-24,0.7698552148884871
2016-08-25,0.7160572151960074
2016-08-26,0.7396963361685239
2016-08-29,0.7541967816882512
2016-08-30,0.7547560076468229
2016-08-31,0.7539283099570676
2016-09-01,0.7235362126263025
2016-09-02,0.7383042787143904
2016-09-06,0.7328622600572856
2016-09-07,0.6737730957230634
2016-09-08,0.7036387574887618
2016-09-09,0.6820109290381328
2016-09-12,0.7544870604481508
2016-09-13,0.7668944307575146
2016-09-14,0.7788768708891234
2016-09-15,0.788944212359126
2016-09-16,0.8158141067435034
2016-09-19,0.8156230279235693
2016-09-20,0.7965081291070261
2016-09-21,0.8052677541285275
2016-09-22,0.7982279160681413
2016-09-23,0.7913202562648849
2016-09-26,0.7906329115069005
2016-09-27,0.7954674268467109
2016-09-28,0.7631342620174139
2016-09-29,0.7518935535085282
2016-09-30,0.7805093523825679
2016-10-03,0.7904586159878475
2016-10-04,0.8110943419981542
2016-10-05,0.8373653472463038
2016-10-06,0.8447266309695546
2016-10-07,0.8604890547294213
2016-10-10,0.8783332796663926
2016-10-11,0.8858500463764231
2016-10-12,0.8799026839055325
2016-10-13,0.8837018298954299
2016-10-14,0.8857073564192328
2016-10-17,0.8874010126432361
2016-10-18,0.8929519686384461
2016-10-19,0.8972920064882486
2016-10-20,0.8977364101509897
2016-10-21,0.8818373511017198
2016-10-24,0.8862802489514555
2016-10-25,0.8981225100412834
2016-10-26,0.9017714194297711
2016-10-27,0.8961383432186729
2016-10-28,0.9029946619144642
2016-10-31,0.9086753730567438
2016-11-01,0.8976376575499168
2016-11-02,0.9083275442036859
2016-11-03,0.9155791923088585
2016-11-04,0.9111450063989467
2016-11-07,0.9097467391970689
2016-11-08,0.9304133585194022
2016-11-09,0.922859771203831
2016-11-10,0.9278385341808734
2016-11-11,0.925972347773769
2016-11-14,0.9197396579132595
2016-11-15,0.9112168823875819
2016-11-16,0.9217534488614322
2016-11-17,0.9162125267626823
2016-11-18,0.9236791058399443
2016-11-21,0.9259296884860783
2016-11-22,0.9319673001498081
2016-11-23,0.9300712743811782
2016-11-25,0.933460520530655
2016-11-28,0.934984043639423
2016-11-29,0.9382136232914209
2016-11-30,0.9378382616643758
2016-12-01,0.9443169859674284
2016-12-02,0.9433445071887838
2016-12-05,0.9393796691187332
2016-12-06,0.9491291695417032
2016-12-07,0.948840865193879
2016-12-08,0.9295561170555905
2016-12-09,0.9206998747014239
2016-12-12,0.9093156983369134
2016-12-13,0.885778905236213
2016-12-14,0.8793902490142803
2016-12-15,0.8874437114616841
2016-12-16,0.8884795581438444
2016-12-19,0.8768865282830092
2016-12-20,0.8555110493674903
2016-12-21,0.8592505884615335
2016-12-22,0.8543638008807364
2016-12-23,0.8588487686021806
2016-12-27,0.8546175839907187
2016-12-28,0.8499504285938204
2016-12-29,0.8672214427251976
2016-12-30,0.8607451903281397
2017-01-03,0.8530266766892378
2017-01-04,0.8398422925334368
2017-01-05,0.8385760262236779
2017-01-06,0.8079322892729208
2017-01-09,0.7588239422893184
2017-01-10,0.6874911918539869
2017-01-11,0.6583269087711724
2017-01-12,0.6309439632279195
2017-01-13,0.5638818716887003
2017-01-17,0.556102705851497
2017-01-18,0.5091299680518313
2017-01-19,0.484799592372797
2017-01-20,0.4496374451767406
2017-01-23,0.4456523582096135
2017-01-24,0.46313233397863846
2017-01-25,0.43958978238564606
2017-01-26,0.4713985567128203
2017-01-27,0.45067936103901207
2017-01-30,0.45477135198234264
2017-01-31,0.5071525955203023
2017-02-01,0.5175128276016955
2017-02-02,0.4891415992802519
2017-02-03,0.4764318672931464
2017-02-06,0.4715023418312844
2017-02-07,0.42515112313344566
2017-02-08,0.37147353084962004
2017-02-09,0.3572702863694122
2017-02-10,0.3468029273159799
2017-02-13,0.307913250568003
2017-02-14,0.33548157230003955
2017-02-15,0.36570306892490645
2017-02-16,0.4088768543837422
2017-02-17,0.41239769058466347
2017-02-21,0.43357315511541605
2017-02-22,0.470020826079912
2017-02-23,0.4590707319464787
2017-02-24,0.45177391852112164
2017-02-27,0.45201960011140674
2017-02-28,0.4499084998612393
2017-03-01,0.4341319099631871
2017-03-02,0.5022900023464558
2017-03-03,0.5306766180826081
2017-03-06,0.5476872253784798
2017-03-07,0.5697743551026301
2017-03-08,0.5727764840890451
2017-03-09,0.5591122024460478
2017-03-10,0.5681193807376711
2017-03-13,0.5672545259133739
2017-03-14,0.5842940435896848
2017-03-15,0.5831390873133757
2017-03-16,0.5801248913063212
2017-03-17,0.5836115918606809
2017-03-20,0.5857702195123213
2017-03-21,0.5947850377549954
2017-03-22,0.6157727282948503
2017-03-23,0.6033140230356824
2017-03-24,0.5946386534598395
2017-03-27,0.5920204189997994
2017-03-28,0.5863868431722348
2017-03-29,0.604823071653126
2017-03-30,0.6204228698978302
2017-03-31,0.5721463253519781
2017-04-03,0.5907864854340644
2017-04-04,0.5877135908444518
2017-04-05,0.5724048267439504
2017-04-06,0.5934351191301509
2017-04-07,0.5799701649845622
2017-04-10,0.5811802849790538
2017-04-11,0.5669955562446335
2017-04-12,0.5836412049103389
2017-04-13,0.6078790803153113
2017-04-17,0.591955940350959
2017-04-18,0.6089340093563103
2017-04-19,0.629777258159559
2017-04-20,0.6439288964063904
2017-04-21,0.6567743738706646
2017-04-24,0.6541048315239503
2017-04-25,0.6772887960034023
2017-04-26,0.6833666148218172
2017-04-27,0.6910343083661348
2017-04-28,0.6757973855981256
2017-05-01,0.6570250390959814
2017-05-02,0.6378829361315215
2017-05-03,0.6485648296455694
2017-05-04,0.6312507822732107
2017-05-05,0.6144812768988481
2017-05-08,0.6155163473777018
2017-05-09,0.6177601727286379
2017-05-10,0.6179090421656424
2017-05-11,0.64031957015221
2017-05-12,0.6330118654697241
2017-05-15,0.6398244315886666
2017-05-16,0.6330270943538195
2017-05-17,0.6298293125700062
2017-05-18,0.6600233042263477
2017-05-19,0.6634911212743237
2017-05-22,0.6408941662285641
2017-05-23,0.6535363346680995
2017-05-24,0.6161729343055763
2017-05-25,0.6217322814492305
2017-05-26,0.634221732693037
2017-05-30,0.6366714317803823
2017-05-31,0.6486631630416917
2017-06-01,0.651461350220673
2017-06-02,0.660946230345422
2017-06-05,0.6702349721531101
2017-06-06,0.6682517900035265
2017-06-07,0.6701949574758581
2017-06-08,0.6738658320372801
2017-06-09,0.6830534627475582
2017-06-12,0.6793343154114329
2017-06-13,0.667867461938231
2017-06-14,0.6562957389932192
2017-06-15,0.6393051369409865
2017-06-16,0.6301959934861641
2017-06-19,0.6082721658956454
2017-06-20,0.6034597435587326
2017-06-21,0.6096131409209795
2017-06-22,0.6053851233111248
2017-06-23,0.6018924238411204
2017-06-26,0.6161438801880199
2017-06-27,0.5330940544243915
2017-06-28,0.49203825042842186
2017-06-29,0.5185988000629408
2017-06-30,0.5514605287897564
2017-07-03,0.5454214733459696
2017-07-05,0.5480991343779501
2017-07-06,0.5503659931877336
2017-07-07,0.580880281087862
2017-07-10,0.5823871843749711
2017-07-11,0.609536544037183
2017-07-12,0.6222772618096849
2017-07-13,0.651330500899403
2017-07-14,0.6498253184865433
2017-07-17,0.6709730375641656
2017-07-18,0.6777291251272852
2017-07-19,0.6866918556242059
2017-07-20,0.6691643449054239
2017-07-21,0.6838158881890714
2017-07-24,0.681584661525657
2017-07-25,0.692213312047288
2017-07-26,0.6872657738085005
2017-07-27,0.6928545091969174
2017-07-28,0.697668180551085
2017-07-31,0.6818143710016802
2017-08-01,0.6857552236059209
2017-08-02,0.6848380559262772
2017-08-03,0.6722570120904062
2017-08-04,0.6744344684700724
2017-08-07,0.6726125075751842
2017-08-08,0.6703853038717722
2017-08-09,0.6704532086993013
2017-08-10,0.6750136559930938
2017-08-11,0.6897996162823528
2017-08-14,0.6914364859427097
2017-08-15,0.6896273631476211
2017-08-16,0.6905914849847382
2017-08-17,0.6769025565552697
2017-08-18,0.6919747307307622
2017-08-21,0.6923657796008995
2017-08-22,0.6900395454797763
2017-08-23,0.6990912099154266
2017-08-24,0.6974607884777182
2017-08-25,0.6889589770848699
2017-08-28,0.6868625115953709
2017-08-29,0.685350237685383
2017-08-30,0.6946041740115254
2017-08-31,0.6902858111956136
2017-09-01,0.690285749410297
2017-09-05,0.69448918672894
2017-09-06,0.7049399600618133
2017-09-07,0.7089290969499381
2017-09-08,0.7152370180306187
2017-09-11,0.7166034350298514
2017-09-12,0.6918814825814216
2017-09-13,0.7126858191959909
2017-09-14,0.6643007758296732
2017-09-15,0.6558811221901427
2017-09-18,0.6640492427757275
2017-09-19,0.6509798523746544
2017-09-20,0.6500744715273443
2017-09-21,0.6548673683932441
2017-09-22,0.6536130705016849
2017-09-25,0.6711007358460601
2017-09-26,0.667357450405159
2017-09-27,0.6496001411183365
2017-09-28,0.6590103384586571
2017-09-29,0.665961089013146
2017-10-02,0.6365104197889468
2017-10-03,0.6315571301604311
2017-10-04,0.6191376648481708
2017-10-05,0.6019053906065617
2017-10-06,0.5999090098444309
2017-10-09,0.5989818502901821
2017-10-10,0.5930253584689743
2017-10-11,0.5595393919734362
2017-10-12,0.5207192031885056
2017-10-13,0.5120857676111953
2017-10-16,0.494869951378359
2017-10-17,0.47907032922235593
2017-10-18,0.46008735417190594
2017-10-19,0.4639815712613721
2017-10-20,0.4633359649083348
2017-10-23,0.4636582875770412
2017-10-24,0.4683703806651908
2017-10-25,0.47937417775803387
2017-10-26,0.4819791062285778
2017-10-27,0.46768611892282336
2017-10-30,0.4658385865806747
2017-10-31,0.4506262464318666
2017-11-01,0.4315501206713533
2017-11-02,0.40446790259144993
2017-11-03,0.37945363972275553
2017-11-06,0.3457716600197257
2017-11-07,0.3311745224524936
2017-11-08,0.36134232489872753
2017-11-09,0.3652967514299595
2017-11-10,0.39114083531335064
2017-11-13,0.4095111468186326
2017-11-14,0.4191277474399702
2017-11-15,0.4216639306887369
2017-11-16,0.4457521944860555
2017-11-17,0.4567611248978194
2017-11-20,0.46839531262932593
2017-11-21,0.45359687634924184
2017-11-22,0.48055226043491117
2017-11-24,0.4850025063573322
2017-11-27,0.49534528129494093
2017-11-28,0.5057889709566932
2017-11-29,0.492986180653074
2017-11-30,0.4991143617650786
2017-12-01,0.5023682971544973
2017-12-04,0.49242730470433493
2017-12-05,0.48911187570124015
2017-12-06,0.4985987733273922
2017-12-07,0.5035431069463435
2017-12-08,0.5330230298626675
2017-12-11,0.5468061665936943
2017-12-12,0.5714401196357122
2017-12-13,0.5812458536357966
2017-12-14,0.6032939320785193
2017-12-15,0.6020370813019414
2017-12-18,0.6247446764230709
2017-12-19,0.605923991481974
2017-12-20,0.6164058759600659
2017-12-21,0.622964141692051
2017-12-22,0.605941629076553
2017-12-26,0.6004258987918822
2017-12-27,0.5996060676655828
2017-12-28,0.6018083116955649
2017-12-29,0.5531057387044297
2018-01-02,0.5529659819091186
2018-01-03,0.5203006719096858
2018-01-04,0.5333432413642106
2018-01-05,0.5400625085199452
2018-01-08,0.5471045646245957
2018-01-09,0.5569294014897459
2018-01-10,0.5521218364077201
2018-01-11,0.542262210773482
2018-01-12,0.542624252458194
2018-01-16,0.5343630219540522
2018-01-17,0.5354709367501261
2018-01-18,0.535053002456616
2018-01-19,0.5153902574826366
2018-01-22,0.4926129109522155
2018-01-23,0.4994866358024203
2018-01-24,0.4890216337415798
2018-01-25,0.49432213667976505
2018-01-26,0.5095315047256622
2018-01-29,0.5248536492193123
2018-01-30,0.5377512246051604
2018-01-31,0.5486111041756969
2018-02-01,0.5518186496266849
2018-02-02,0.5331636632705482
2018-02-05,0.5674356969877382
2018-02-06,0.676041366385391
2018-02-07,0.675698830065753
2018-02-08,0.6722273487772122
2018-02-09,0.7228393727678648
2018-02-12,0.7479814179479074
2018-02-13,0.7532242637789589
2018-02-14,0.7565054140229165
2018-02-15,0.7806457461737899
2018-02-16,0.7852497689939113
2018-02-20,0.7921357589957001
2018-02-21,0.7952803304188215
2018-02-22,0.7967093954503754
2018-02-23,0.7962910620261197
2018-02-26,0.809489541755794
2018-02-27,0.8185166262411208
2018-02-28,0.8090333337411141
2018-03-01,0.8177367398066576
2018-03-02,0.8495213075651603
2018-03-05,0.8521565413648375
2018-03-06,0.8627519512811357
2018-03-07,0.8796241692468352
2018-03-08,0.887457867224052
2018-03-09,0.875377568164393
2018-03-12,0.8912344090336872
2018-03-13,0.8940527339514222
2018-03-14,0.8906364846083727
2018-03-15,0.8756252582233396
2018-03-16,0.8820589996690525
2018-03-19,0.8651974611871701
2018-03-20,0.8452206285681043
2018-03-21,0.8325336217718863
2018-03-22,0.8158253161615837
2018-03-23,0.836487569817522
2018-03-26,0.8419569773298647
2018-03-27,0.8361898554961302
2018-03-28,0.8174236331603691
2018-03-29,0.8309806888711062
2018-04-02,0.8453516725370607
2018-04-03,0.8681236779173664
2018-04-04,0.8702636318803053
2018-04-05,0.8653430585140823
2018-04-06,0.8651870421172176
2018-04-09,0.8702092099673503
2018-04-10,0.8637086158399752
2018-04-11,0.8413181222093419
2018-04-12,0.8388981316606452
2018-04-13,0.842865446654572
2018-04-16,0.8430127237329709
2018-04-17,0.8378603527291423
2018-04-18,0.8500128968413321
2018-04-19,0.8604894470318982
2018-04-20,0.8625089801622245
2018-04-23,0.8757153141292157
2018-04-24,0.8874119687686719
2018-04-25,0.9119081583196884
2018-04-26,0.8936343202938574
2018-04-27,0.9077605162201339
2018-04-30,0.9161253841172702
2018-05-01,0.9084198389115787
2018-05-02,0.9110033488233832
2018-05-03,0.9049648173085325
2018-05-04,0.892168719949549
2018-05-07,0.8874414231577953
2018-05-08,0.8913156436130111
2018-05-09,0.8868260642929302
2018-05-10,0.8651984021112807
2018-05-11,0.8710755449880312
2018-05-14,0.8602501629500893
2018-05-15,0.8547312903157904
2018-05-16,0.8465722099499382
2018-05-17,0.8268159358300491
2018-05-18,0.7954136223583317
2018-05-21,0.7945668578159649
2018-05-22,0.8021933833292726
2018-05-23,0.8050222661450979
2018-05-24,0.8089708822930336
2018-05-25,0.8182029503066707
2018-05-29,0.81194805908302
2018-05-30,0.8212983109645025
2018-05-31,0.8325969152023575
2018-06-01,0.8312285626573465
2018-06-04,0.8463572848688402
2018-06-05,0.8547093848017189
2018-06-06,0.8382075763745839
2018-06-07,0.8337013098939389
2018-06-08,0.8351963721118593
2018-06-11,0.8179306390234767
2018-06-12,0.7932513172617941
2018-06-13,0.7824175244815772
2018-06-14,0.7833293174465814
2018-06-15,0.7814537235127622
2018-06-18,0.7709241132068889
2018-06-19,0.7729506768716831
2018-06-20,0.7897470837133891
2018-06-21,0.7698221387270674
2018-06-22,0.7730972843834429
2018-06-25,0.7668893885163452
2018-06-26,0.7838781136396926
2018-06-27,0.7845900915008902
2018-06-28,0.7864117897370525
2018-06-29,0.7732483655811578
2018-07-02,0.7673695188350538
2018-07-03,0.7425070493417798
2018-07-05,0.7332465007123574
2018-07-06,0.7357169581521479
2018-07-09,0.7018693360964373
2018-07-10,0.7101088574119775
2018-07-11,0.7016725424514755
2018-07-12,0.6987402296118157
2018-07-13,0.7092616503262201
2018-07-16,0.719445106070812
2018-07-17,0.7240396429460885
2018-07-18,0.7296248832463993
2018-07-19,0.7375036249372902
2018-07-20,0.7545773958401689
2018-07-23,0.7565758212835418
2018-07-24,0.7647827549711
2018-07-25,0.7662399827727632
2018-07-26,0.7776415235552759
2018-07-27,0.7815238085777914
2018-07-30,0.7930203401559247
2018-07-31,0.790977931086888
2018-08-01,0.7936948006841789
2018-08-02,0.7934066940285236
2018-08-03,0.7985149736493756
2018-08-06,0.7806983726536988
2018-08-07,0.7666183624052822
2018-08-08,0.7470343123020443
2018-08-09,0.7322525501314522
2018-08-10,0.7265514193274848
2018-08-13,0.6835364583689991
2018-08-14,0.6753695235215376
2018-08-15,0.6898378137677946
2018-08-16,0.6856132706676672
2018-08-17,0.6847301080292965
2018-08-20,0.663319559030376
2018-08-21,0.657787667215209
2018-08-22,0.6486891995656979
2018-08-23,0.6498135689902551
2018-08-24,0.6133361900552002
2018-08-27,0.6118345952222112
2018-08-28,0.6206192186503336
2018-08-29,0.6238012392623699
2018-08-30,0.6158851868478884
2018-08-31,0.632175371060224
2018-09-04,0.6353945449813044
2018-09-05,0.6310400194745973
2018-09-06,0.6092963854714861
2018-09-07,0.607428185638625
2018-09-10,0.6031888144534598
2018-09-11,0.597022297097854
2018-09-12,0.6201496465366225
2018-09-13,0.6368971671394654
2018-09-14,0.6334408689031611
2018-09-17,0.6402350397625242
2018-09-18,0.6363569906484456
2018-09-19,0.6353065968694751
2018-09-20,0.6296642050676914
2018-09-21,0.632437169684326
2018-09-24,0.6233289533201853
2018-09-25,0.627346168968483
2018-09-26,0.6070384731061785
2018-09-27,0.5820468240251834
2018-09-28,0.5838012404664659
2018-10-01,0.5656339324175577
2018-10-02,0.5723812360076588
2018-10-03,0.5783708870219535
2018-10-04,0.5880655120265026
2018-10-05,0.6097588497768912
2018-10-08,0.6369089283725584
2018-10-09,0.6461844285952215
2018-10-10,0.6459759889410515
2018-10-11,0.7400985028326009
2018-10-12,0.7647471883768974
2018-10-15,0.76734511888675
2018-10-16,0.7686558609464332
2018-10-17,0.8020526390928967
2018-10-18,0.7987831663883547
2018-10-19,0.8064913038846755
2018-10-22,0.7977143844276771
2018-10-23,0.8070651692928381
2018-10-24,0.8087105471389805
2018-10-25,0.8389313367344814
2018-10-26,0.8544439785951432
2018-10-29,0.8614401073531998
2018-10-30,0.8726537211902826
2018-10-31,0.8786667977507207
2018-11-01,0.8870093335082553
2018-11-02,0.8944644619555323
2018-11-05,0.9040770841785276
2018-11-06,0.9141522046288092
2018-11-07,0.9211485545564349
2018-11-08,0.9319636990904191
2018-11-09,0.9410079853462664
2018-11-12,0.9494765108357119
2018-11-13,0.9506925803247288
2018-11-14,0.9564319334584361
2018-11-15,0.9476933632481531
2018-11-16,0.9467830646597565
2018-11-19,0.9520394119535796
2018-11-20,0.9542797351362987
2018-11-21,0.9585256133245049
2018-11-23,0.9640812423985154
2018-11-26,0.9687726646876242
2018-11-27,0.9665566554264786
2018-11-28,0.970515582349354
2018-11-29,0.9778106255831549
2018-11-30,0.9759287827700327
2018-12-03,0.9755322026068965
2018-12-04,0.9738186047858344
2018-12-06,0.9791827323637561
2018-12-07,0.9768315613358078
2018-12-10,0.9769494629310677
2018-12-11,0.9700658243475546
2018-12-12,0.9706382612991543
2018-12-13,0.972410264634718
2018-12-14,0.9751209115708511
2018-12-17,0.977564891834283
2018-12-18,0.980836064945991
2018-12-19,0.981261017700033
2018-12-20,0.9828421778844058
2018-12-21,0.9848073640824194
2018-12-24,0.9874377176777266
2018-12-26,0.988931069812037
2018-12-27,0.9934545313221839
2018-12-28,0.9929409269441033
2018-12-31,0.993022802406965
2019-01-02,0.9911212520743236
2019-01-03,0.9906535292729737
2019-01-04,0.9905542795958175
2019-01-07,0.9915868266555835
2019-01-08,0.9929478955331006
2019-01-09,0.9939455468628459
2019-01-10,0.995163367660414
2019-01-11,0.9957579235803349
2019-01-14,0.9962689275333915
2019-01-15,0.9965837647259607
2019-01-16,0.997025731969507
2019-01-17,0.9973508814644465
2019-01-18,0.9979186576747869
2019-01-22,0.9981444873469283
2019-01-23,0.9985665768324158
2019-01-24,0.9989016630124884
2019-01-25,0.9991269613561177
2019-01-28,0.9992611134039752
2019-01-29,0.9986837657705278
2019-01-30,0.9987603944931455
2019-01-31,0.9987500593087096
2019-02-01,0.9984973395530397
2019-02-04,0.9983312373618501
2019-02-05,0.9982613346037629
2019-02-06,0.9964503269738927
2019-02-07,0.9942447802509268
2019-02-08,0.9939194556074831
2019-02-11,0.9924519377744714
2019-02-12,0.9871782684577686
2019-02-13,0.986881036849146
2019-02-14,0.987477746270018
2019-02-15,0.9855761765610166
2019-02-19,0.9862295186420659
2019-02-20,0.9867690811508801
2019-02-21,0.9847324109955328
2019-02-22,0.9834708863511797
2019-02-25,0.9818982004807608
2019-02-26,0.9806242846345326
2019-02-27,0.9802001418986005
2019-02-28,0.9819121711775568
2019-03-01,0.9802266279206254
2019-03-04,0.9736053018935052
2019-03-05,0.9667926111155066
2019-03-06,0.9646511690078554
2019-03-07,0.9620922604692215
2019-03-08,0.9594944495380542
2019-03-11,0.9586598328702579
2019-03-12,0.9641296662151766
2019-03-13,0.9689268090109163
2019-03-14,0.9701383800008273
2019-03-15,0.964873029181024
2019-03-18,0.9627727907570227
2019-03-19,0.9620270877661541
2019-03-20,0.9552948158837289
2019-03-21,0.9465850412964151
2019-03-22,0.9455705278020625
2019-03-25,0.9514449628769173
2019-03-26,0.935025634787051
2019-03-27,0.9185058764212911
2019-03-28,0.9281553281506094
2019-03-29,0.9150115762014408
2019-04-01,0.90939015096576
2019-04-02,0.9138939962316961
2019-04-03,0.902745827363949
2019-04-04,0.9079228702127212
2019-04-05,0.9175292129011688
2019-04-08,0.9256340316915547
2019-04-09,0.9163093130511977
2019-04-10,0.9090149181366854
2019-04-11,0.916899455328358
2019-04-12,0.9067291105509002
2019-04-15,0.9090398106288389
2019-04-16,0.902821941389442
2019-04-17,0.9053472689228647
2019-04-18,0.9116373152033098
2019-04-22,0.9153826258498261
2019-04-23,0.9025450863794379
2019-04-24,0.8927033595386986
2019-04-25,0.8943572296057548
2019-04-26,0.8756797584469357
2019-04-29,0.8732324171673657
2019-04-30,0.8775140471793315
2019-05-01,0.8689061684828312
2019-05-02,0.8438566930144583
2019-05-03,0.843210992260492
2019-05-06,0.8342085653634033
2019-05-07,0.8224918342993532
2019-05-08,0.8420110197351035
2019-05-09,0.8428076348497714
2019-05-10,0.8458021297142746
2019-05-13,0.8536267530236914
2019-05-14,0.8894325205773478
2019-05-15,0.8901907021802262
2019-05-16,0.895572199290614
2019-05-17,0.8949282432283084
2019-05-20,0.9004822362750505
2019-05-21,0.8994248392014244
2019-05-22,0.8994625094403685
2019-05-23,0.8959454675850329
2019-05-24,0.8990291747790017
2019-05-28,0.9020289457128997
2019-05-29,0.898195843578128
2019-05-30,0.8963297405936053
2019-05-31,0.8871184955518737
2019-06-03,0.9034497401051711
2019-06-04,0.9015085101914265
2019-06-05,0.9131180632057332
2019-06-06,0.9224691500953671
2019-06-07,0.932454766192136
2019-06-10,0.942047929012631
2019-06-11,0.9470996942337099
2019-06-12,0.9503219386112226
2019-06-13,0.9543122542028217
2019-06-14,0.9544406468785988
2019-06-17,0.9523164820609259
2019-06-18,0.9497538595232333
2019-06-19,0.9525352058513409
2019-06-20,0.9524203687360029
2019-06-21,0.9476890992624071
2019-06-24,0.9488631084650528
2019-06-25,0.9485535363757649
2019-06-26,0.9510674771508648
2019-06-27,0.9476068744269469
2019-06-28,0.950381651415628
2019-07-01,0.9473174487847329
2019-07-02,0.9501016071464212
2019-07-03,0.951600382358783
2019-07-05,0.9388163665952494
2019-07-08,0.9310055700976351
2019-07-09,0.9317403908949637
2019-07-10,0.9246481395232073
2019-07-11,0.9226278876040505
2019-07-12,0.9225286359947037
2019-07-15,0.9189122143682781
2019-07-16,0.9204866378116185
2019-07-17,0.9224933850084389
2019-07-18,0.9237206510624556
2019-07-19,0.9172363387565263
2019-07-22,0.9176029333774487
2019-07-23,0.9043064675781298
2019-07-24,0.9020123175472428
2019-07-25,0.9011221266426342
2019-07-26,0.9051871944214657
2019-07-29,0.9128546552752297
2019-07-30,0.9112569718838754
2019-07-31,0.9046848471273989
2019-08-01,0.8989490855506201
2019-08-02,0.8994697294288972
2019-08-05,0.8867603603892085
2019-08-06,0.9142156707858446
2019-08-07,0.9237343701036008
2019-08-08,0.9266132734121116
2019-08-09,0.9339120581476132
2019-08-12,0.9353270572239404
2019-08-13,0.9350381110627783
2019-08-14,0.9356905571172346
2019-08-15,0.9441751502147421
2019-08-16,0.9492578557329929
2019-08-19,0.9483228992021862
2019-08-20,0.9555456925307578
2019-08-21,0.9581114428845079
2019-08-22,0.9589881804219949
2019-08-23,0.9589168643859719
2019-08-26,0.9655939286936865
2019-08-27,0.9645170848799147
2019-08-28,0.9669489187931287
2019-08-29,0.9708035936096043
2019-08-30,0.9750754081706224
2019-09-03,0.9788958871726597
2019-09-04,0.9813455392740501
2019-09-05,0.9842595479602833
2019-09-06,0.9841744790920841
2019-09-09,0.9848182158793213
2019-09-10,0.981512237054565
2019-09-11,0.9819085057803194
2019-09-12,0.9826129821423052
2019-09-13,0.980423003587196
2019-09-16,0.9800850447784715
2019-09-17,0.9817210930549265
2019-09-18,0.9798429807319792
2019-09-19,0.9762914327792384
2019-09-20,0.9779238416380281
2019-09-23,0.9759470306632705
2019-09-24,0.9764552689641578
2019-09-25,0.9754097862504156
2019-09-26,0.9729441053922885
2019-09-27,0.97330068237375
2019-09-30,0.9717598315042812
2019-10-01,0.9673134621660014
2019-10-02,0.9670522210166124
2019-10-03,0.9711820683448347
2019-10-04,0.9668197230746223
2019-10-07,0.9624482934655315
2019-10-08,0.9582719657624085
2019-10-09,0.9574243984015002
2019-10-10,0.9555456398529791
2019-10-11,0.9497077867631846
2019-10-14,0.9329363313239045
2019-10-15,0.9150271022275245
2019-10-16,0.9186946378552406
2019-10-17,0.9063947498441164
2019-10-18,0.9135632768996697
2019-10-21,0.9139468336198161
2019-10-22,0.9110758735299543
2019-10-23,0.9105738208203317
2019-10-24,0.9121343882102431
2019-10-25,0.9023689880987575
2019-10-28,0.8764454165344653
2019-10-29,0.8887647899699861
2019-10-30,0.8664975151041697
2019-10-31,0.8570797001118359
2019-11-01,0.867750999067624
2019-11-04,0.8761568206180386
2019-11-05,0.8690343601110901
2019-11-06,0.8710799345031569
2019-11-07,0.8762562771747336
2019-11-08,0.8722583876526446
2019-11-11,0.8842142443942136
2019-11-12,0.8732474589011556
2019-11-13,0.8678730812035244
2019-11-14,0.8280265096187244
2019-11-15,0.8168619767573175
2019-11-18,0.7931010364512373
2019-11-19,0.7934424826342246
2019-11-20,0.7755546697946168
2019-11-21,0.7528133053623026
2019-11-22,0.7126139869047968
2019-11-25,0.7022187443012847
2019-11-26,0.6724522265168134
2019-11-27,0.6682700803428013
2019-11-29,0.6640451467426622
2019-12-02,0.700682456922458
2019-12-03,0.7171880104641527
2019-12-04,0.7196360739218904
2019-12-05,0.738265559773438
2019-12-06,0.6922892217432252
2019-12-09,0.6864187096126764
2019-12-10,0.628065937397858
2019-12-11,0.6034983486247109
2019-12-12,0.5810866498851189
2019-12-13,0.5828152268264392
2019-12-16,0.5722511254312478
2019-12-17,0.536194601623889
2019-12-18,0.4658663790391072
2019-12-19,0.4450658653916557
2019-12-20,0.3958880028536509
2019-12-23,0.3460799006889646
2019-12-24,0.29077046471292106
2019-12-26,0.22939154138582304
2019-12-27,0.26364449674622153
2019-12-30,0.2652413599753418
2019-12-31,0.2578176254138191
2020-01-02,0.2748780000463712
2020-01-03,0.29613797829192945
2020-01-06,0.27065323359430593
2020-01-07,0.30904173467082113
2020-01-08,0.32813419411196443
2020-01-09,0.32861861899080164
2020-01-10,0.34505832150802146
2020-01-13,0.36932402177591994
2020-01-14,0.3716562338205942
2020-01-15,0.3434249855382852
2020-01-16,0.35855594574014454
2020-01-17,0.34988604362975667
2020-01-21,0.3594400484184938
2020-01-22,0.38656439202886594
2020-01-23,0.3610850699501004
2020-01-24,0.35442743346973926
2020-01-27,0.3705238648442673
2020-01-28,0.4179228105961427
2020-01-29,0.39810091126412867
2020-01-30,0.39558557564353825
2020-01-31,0.43411291625133536
2020-02-03,0.4841976352597328
2020-02-04,0.4762146846135812
2020-02-05,0.5275914979719678
2020-02-06,0.5539064915145421
2020-02-07,0.5630538345201959
2020-02-10,0.5446047489008644
2020-02-11,0.5375501478053429
2020-02-12,0.5398207746678702
2020-02-13,0.5486942685898102
2020-02-14,0.5578891998748053
2020-02-18,0.5565351723135065
2020-02-19,0.5661919767820419
2020-02-20,0.5688393273177561
2020-02-21,0.5816843942898882
2020-02-24,0.5875577795658755
2020-02-25,0.6686413065746473
2020-02-26,0.7273231258948579
2020-02-27,0.7531217451861003
2020-02-28,0.8005182063084424
2020-03-02,0.8088006459743813
2020-03-03,0.8669326275229429
2020-03-04,0.8902672268925503
2020-03-05,0.9097053031424451
2020-03-06,0.9068578876315153
2020-03-09,0.8946520385232567
2020-03-10,0.9313945228015635
2020-03-11,0.9539003946242745
2020-03-12,0.959098592174093
2020-03-13,0.9786818552178455
2020-03-16,0.9892832878767815
2020-03-17,0.9955900550716487
2020-03-18,0.9970524277651277
2020-03-19,0.9976817739205466
2020-03-20,0.9978825628944746
2020-03-23,0.9984225129781589
2020-03-24,0.9985714257622
2020-03-25,0.999422343182831
2020-03-26,0.9996533726828547
2020-03-27,0.9997843086313695
2020-03-30,0.9998825564444214
2020-03-31,0.9999303946093293
2020-04-01,0.9999248590043838
2020-04-02,0.9999523139261624
2020-04-03,0.9999444626339911
2020-04-06,0.9999613018240844
2020-04-07,0.999977552483213
2020-04-08,0.9999877885186668
2020-04-09,0.999984958657912
2020-04-13,0.9999915383530991
2020-04-14,0.9999952290511189
2020-04-15,0.9999909602998368
2020-04-16,0.9999920225425235
2020-04-17,0.9999889658760441
2020-04-20,0.9999920034559476
2020-04-21,0.9999926623274564
2020-04-22,0.9999953522646344
2020-04-23,0.9999964712974576
2020-04-24,0.9999897776348546
2020-04-27,0.9999880777568362
2020-04-28,0.9999736673304396
2020-04-29,0.9999706570652841
2020-04-30,0.9999489939476577
2020-05-01,0.9999419811743433
2020-05-04,0.9999448280341569
2020-05-05,0.9999374088362863
2020-05-06,0.9999352573354656
2020-05-07,0.9997944224617479
2020-05-08,0.9997527564902536
2020-05-11,0.9995331527255553
2020-05-12,0.9993077540994938
2020-05-13,0.998978690632022
2020-05-14,0.9983940835129145
2020-05-15,0.9982961957169363
2020-05-18,0.9981339697222203
2020-05-19,0.9974358631249801
2020-05-20,0.997240947196411
2020-05-21,0.9974634134180944
2020-05-22,0.9965262128548246
2020-05-26,0.9958527018385306
2020-05-27,0.9951395836931285
2020-05-28,0.9937178738286162
2020-05-29,0.992404162943855
2020-06-01,0.9884717452174587
2020-06-02,0.9858157352438659
2020-06-03,0.9838403467042746
2020-06-04,0.9850533224684387
2020-06-05,0.9843929499214531
2020-06-08,0.9870210791800843
2020-06-09,0.9874938836201055
2020-06-10,0.9864972736617137
2020-06-11,0.9863019547877054
2020-06-12,0.9930663996782174
2020-06-15,0.9939864356768218
2020-06-16,0.9935728876651511
2020-06-17,0.9938628109917037
2020-06-18,0.9922636976089587
2020-06-19,0.9926902583586786
2020-06-22,0.9918051149061118
2020-06-23,0.991915943592884
2020-06-24,0.9915673864847058
2020-06-25,0.991078425202626
2020-06-26,0.9894270622451744
2020-06-29,0.9903115178101868
2020-06-30,0.9902836105038997
2020-07-01,0.9906038368921223
2020-07-02,0.9903000883835917
2020-07-06,0.9898935112308002
2020-07-07,0.9903609569021431
2020-07-08,0.9868506404284455
2020-07-09,0.984769182238041
2020-07-10,0.9852735086424504
2020-07-13,0.9858608305112357
2020-07-14,0.9838919181557974
2020-07-15,0.9836171796602822
2020-07-16,0.9834728882096828
2020-07-17,0.9796739182400452
2020-07-20,0.9806717065580342
2020-07-21,0.9779902808863215
2020-07-22,0.9774955737098483
2020-07-23,0.9764716428607039
2020-07-24,0.9773030112427309
2020-07-27,0.9770578203994225
2020-07-28,0.9767089624519782
2020-07-29,0.9770064909345478
2020-07-30,0.9741868175264107
2020-07-31,0.9672836668928226
2020-08-03,0.9612187979353061
2020-08-04,0.9540256314607066
2020-08-05,0.9217703998142084
2020-08-06,0.9184727253998756
2020-08-07,0.9050284130073643
2020-08-10,0.9110985136532264
2020-08-11,0.8933631976032289
2020-08-12,0.8905683812421465
2020-08-13,0.8886181138312317
2020-08-14,0.8503767204418076
2020-08-17,0.8406690921537243
2020-08-18,0.842403881990116
2020-08-19,0.8368731758226176
2020-08-20,0.8203898995362059
2020-08-21,0.8207212713565841
2020-08-24,0.8198774270378227
2020-08-25,0.7900109226935317
2020-08-26,0.7843748941094153
2020-08-27,0.7790866851503971
2020-08-28,0.759246266685336
2020-08-31,0.7699187488118743
2020-09-01,0.7605684372777719
2020-09-02,0.7366211905078934
2020-09-03,0.7552017816124528
2020-09-04,0.8387359962428068
2020-09-08,0.8344369054398537
2020-09-09,0.8570225350601921
2020-09-10,0.8668193580775468
2020-09-11,0.8866573075210801
2020-09-14,0.876293809835781
2020-09-15,0.8833606149461072
2020-09-16,0.8841672147002565
2020-09-17,0.8868335681918589
2020-09-18,0.886502676566815
2020-09-21,0.8932991815527805
2020-09-22,0.8907602736248247
2020-09-23,0.8913274798726024
2020-09-24,0.8838257899738693
2020-09-25,0.8844438097048186
2020-09-28,0.8755003664582446
2020-09-29,0.8729205615838792
2020-09-30,0.8669342131370449
2020-10-01,0.8570104376728709
2020-10-02,0.8291178743940717
2020-10-05,0.8069845346123784
2020-10-06,0.8364487826751543
2020-10-07,0.8453313644024913
2020-10-08,0.8500610563062183
2020-10-09,0.8417179698438702
2020-10-12,0.8664417471944383
2020-10-13,0.8840207285638034
2020-10-14,0.8761980891887284
2020-10-15,0.8821327179583416
2020-10-16,0.8869009892305014
2020-10-19,0.8936702814930201
2020-10-20,0.9022689462292159
2020-10-21,0.914489736507506
2020-10-22,0.9092198007585605
2020-10-23,0.9163177498234971
2020-10-26,0.9196944974883392
2020-10-27,0.9204798445001864
2020-10-28,0.9099012930159839
2020-10-29,0.9321956060710958
2020-10-30,0.9289996653821809
2020-11-02,0.9237739045327454
2020-11-03,0.9340894024612654
2020-11-04,0.9283279251042315
2020-11-05,0.9373762044087801
2020-11-06,0.9317084946087384
2020-11-09,0.9294808130888584
2020-11-10,0.9253727827073048
2020-11-11,0.9098358914392002
2020-11-12,0.9099802133837569
2020-11-13,0.9134517255996969
2020-11-16,0.9166483349175473
2020-11-17,0.9228916442267897
2020-11-18,0.9312961060996079
2020-11-19,0.9341760005403383
2020-11-20,0.9357875348233841
2020-11-23,0.9352521055573649
2020-11-24,0.9355597329610479
2020-11-25,0.943984559204784
2020-11-27,0.947922473866097
2020-11-30,0.9489299037162121
2020-12-01,0.9482300963593288
2020-12-02,0.9504733663357816
2020-12-03,0.9445848533251978
2020-12-04,0.9377816949688336
2020-12-07,0.9161834043588328
2020-12-08,0.8953219961618886
2020-12-09,0.8821606193664296
2020-12-10,0.8613213947327107
2020-12-11,0.8549809354315064
2020-12-14,0.8484767850239041
2020-12-15,0.8501909459129569
2020-12-16,0.8402943027373025
2020-12-17,0.8206767499460357
2020-12-18,0.8194255145232429
2020-12-21,0.8251254064767723
2020-12-22,0.8244958349101226
2020-12-23,0.8284369835762186
2020-12-24,0.823346722761773
2020-12-28,0.7950873152326055
2020-12-29,0.7934538274021082
2020-12-30,0.7765863853252157
2020-12-31,0.7734705513854965
2021-01-04,0.7559939692439741
2021-01-05,0.7586182470855346
2021-01-06,0.7608380721727338
2021-01-07,0.7380533790312649
2021-01-08,0.7550342101347859
2021-01-11,0.7584413774672945
2021-01-12,0.7646435130766334
2021-01-13,0.7764185757909974
2021-01-14,0.781436101131952
2021-01-15,0.7930280404435536
2021-01-19,0.7883241983557557
2021-01-20,0.7967569813225882
2021-01-21,0.7949815902321139
2021-01-22,0.7975423568241342
2021-01-25,0.8020755761330602
2021-01-26,0.7929464664449082
2021-01-27,0.769402198259275
2021-01-28,0.8131476783446152
2021-01-29,0.8009979575758683
2021-02-01,0.8186306640935604
2021-02-02,0.8032638856244332
2021-02-03,0.8075614707339825
2021-02-04,0.8309302815741694
2021-02-05,0.8425292240045592
2021-02-08,0.8452784007134755
2021-02-09,0.8268203792632244
2021-02-10,0.8321463801094943
2021-02-11,0.837248345117812
2021-02-12,0.8425088333163154
2021-02-16,0.8395739048040537
2021-02-17,0.8483030112923408
2021-02-18,0.8545591117636336
2021-02-19,0.854715843805566
2021-02-22,0.8325737979099211
2021-02-23,0.8209418812582474
2021-02-24,0.774412920024987
2021-02-25,0.7091686665669517
2021-02-26,0.706882762749199
2021-03-01,0.6093962382508542
2021-03-02,0.5658302390791319
2021-03-03,0.6388404485298876
2021-03-04,0.5588768166249392
2021-03-05,0.6014269721742608
2021-03-08,0.5621573894816799
2021-03-09,0.49984859110185614
2021-03-10,0.31719703329129256
2021-03-11,0.3429318016016501
2021-03-12,0.2312324180660509
2021-03-15,0.09893736235476278
2021-03-16,0.13782596151481732
2021-03-17,0.04900077083346093
2021-03-18,0.05527555961245519
2021-03-19,0.032600273114621464
2021-03-22,0.031168448413093873
2021-03-23,0.018131905889511843
2021-03-24,0.013836458301904641
2021-03-25,0.0226812068659003
2021-03-26,0.02252362540571265
2021-03-29,0.039804071299986296
2021-03-30,0.038135487469216425
2021-03-31,0.043763716794130034
2021-04-01,0.042718525152764024
2021-04-05,0.03391564029018582
2021-04-06,0.03801043580407751
2021-04-07,0.026414383620889395
2021-04-08,0.041713511230604315
2021-04-09,0.03724195675403469
2021-04-12,0.049140958288725486
2021-04-13,0.052831581412929936
2021-04-14,0.05509011214102918
2021-04-15,0.06597524665419056
2021-04-16,0.06213733605977045
2021-04-19,0.06328441323572466
2021-04-20,0.07951914217791346
2021-04-21,0.07745559305678082
2021-04-22,0.06019926467939687
2021-04-23,0.0762760228472412
2021-04-26,0.08092754842689387
2021-04-27,0.08439356067544378
2021-04-28,0.07871860869306785
2021-04-29,0.08064283001273637
2021-04-30,0.10033850110699229
2021-05-03,0.09925056746018868
2021-05-04,0.07350587024035986
2021-05-05,0.06316716661757059
2021-05-06,0.0652340628798837
2021-05-07,0.05777529509495863
2021-05-10,0.05765706899983378
2021-05-11,0.06359181209687881
2021-05-12,0.06722157950914236
2021-05-13,0.06525185767801288
2021-05-14,0.06074964057274846
2021-05-17,0.06031790078405289
2021-05-18,0.05744692519093812
2021-05-19,0.07239291632647026
2021-05-20,0.07241631782974836
2021-05-21,0.08139049397403239
2021-05-24,0.08543696367173362
2021-05-25,0.08491414491326724
2021-05-26,0.09148314381831395
2021-05-27,0.10405134201855465
2021-05-28,0.1066216489839371
2021-06-01,0.106639738290366
2021-06-02,0.1175183539992001
2021-06-03,0.12714392868906918
2021-06-04,0.14981960063552568
2021-06-07,0.1574751468037017
2021-06-08,0.18461994921422786
2021-06-09,0.19989970687262854
2021-06-10,0.21004835505436628
2021-06-11,0.2185525899827801
2021-06-14,0.1505135456154699
2021-06-15,0.14072867247075727
2021-06-16,0.11957681826065017
2021-06-17,0.13313083424307517
2021-06-18,0.12749478899257452
2021-06-21,0.1454058060744945
2021-06-22,0.13797504598370883
2021-06-23,0.14786384727464147
2021-06-24,0.13748452515553183
2021-06-25,0.1148930878719903
2021-06-28,0.11568652524796513
2021-06-29,0.09366905996535022
2021-06-30,0.09624873532312092
2021-07-01,0.10294000568129025
2021-07-02,0.10710003330505562
2021-07-06,0.11393753443482091
2021-07-07,0.12300259095398208
2021-07-08,0.1183546326827885
2021-07-09,0.12944080940759967
2021-07-12,0.13123502310466684
2021-07-13,0.13515422295581667
2021-07-14,0.12631764456010708
2021-07-15,0.13683062572348936
2021-07-16,0.14969645716380545
2021-07-19,0.15765706178371197
2021-07-20,0.17994205064311816
2021-07-21,0.21449512482458935
2021-07-22,0.20321287596417068
2021-07-23,0.20819571099297662
2021-07-26,0.20228172714350706
2021-07-27,0.18799121747685824
2021-07-28,0.18860215923581938
2021-07-29,0.17631310889726937
2021-07-30,0.18663784656301216
2021-08-02,0.18356831931167428
2021-08-03,0.18791698052270694
2021-08-04,0.189294584432878
2021-08-05,0.2008462033454866
2021-08-06,0.20843794047389128
2021-08-09,0.22777080366460697
2021-08-10,0.21464355498328894
2021-08-11,0.2175041992658087
2021-08-12,0.21346356399471808
2021-08-13,0.23211306947717433
2021-08-16,0.23307050296635426
2021-08-17,0.24137223082359952
2021-08-18,0.2547804342326031
2021-08-19,0.24290192974492683
2021-08-20,0.2235736416784583
2021-08-23,0.22911754859929367
2021-08-24,0.21568373989521752
2021-08-25,0.21794585746410303
2021-08-26,0.22380175224782878
2021-08-27,0.24544605539665704
2021-08-30,0.25159166548002126
2021-08-31,0.2742269472553106
2021-09-01,0.2855884535148263
2021-09-02,0.2833871174980835
2021-09-03,0.3161296873987777
2021-09-07,0.25572831725834816
2021-09-08,0.2354917030200895
2021-09-09,0.18983424359568582
2021-09-10,0.201104180131162
2021-09-13,0.167492495975405
2021-09-14,0.1554096773237307
2021-09-15,0.16181583842152664
2021-09-16,0.16930492826888868
2021-09-17,0.1661190555632005
2021-09-20,0.16879279271928477
2021-09-21,0.17593104400210977
2021-09-22,0.14907703845423392
2021-09-23,0.14633754212782848
2021-09-24,0.12431299610229513
2021-09-27,0.11549406811521398
2021-09-28,0.12536959540798132
2021-09-29,0.14300499601065228
2021-09-30,0.133708720576523
2021-10-01,0.14980166894389815
2021-10-04,0.16788126125954356
2021-10-05,0.16000082647638983
2021-10-06,0.18648122673013917
2021-10-07,0.18087574319209015
2021-10-08,0.21042452153435423
2021-10-11,0.23335994702561055
2021-10-12,0.2718214323108534
2021-10-13,0.3099924095260783
2021-10-14,0.33260798191849406
2021-10-15,0.337239106462138
2021-10-18,0.3496067015607515
2021-10-19,0.3659204675831613
2021-10-20,0.3510781135283705
2021-10-21,0.3639534968843351
2021-10-22,0.3488714368148222
2021-10-25,0.33543880369460655
2021-10-26,0.3398837181410847
2021-10-27,0.31053949542612536
2021-10-28,0.30164824935407064
2021-10-29,0.24619811967284963
2021-11-01,0.25831268653167716
2021-11-02,0.2160035274100177
2021-11-03,0.22604423653060055
2021-11-04,0.22800235328230178
2021-11-05,0.2619617588888446
2021-11-08,0.28306593829589416
2021-11-09,0.3002237034599851
2021-11-10,0.33581461410950714
2021-11-11,0.36305159299742135
2021-11-12,0.3814426022105451
2021-11-15,0.3176004530401862
2021-11-16,0.3217870511948832
2021-11-17,0.32829535406627325
2021-11-18,0.3012747399011618
2021-11-19,0.2662726815181629
2021-11-22,0.26205841579351263
2021-11-23,0.24763446838878214
2021-11-24,0.23680224697420796
2021-11-26,0.25079683206510367
2021-11-29,0.3085842381604501
2021-11-30,0.3074665366424343
2021-12-01,0.3276975945031422
2021-12-02,0.3571545832613385
2021-12-03,0.3708936523391813
2021-12-06,0.36009295160958743
2021-12-07,0.37799421079649564
2021-12-08,0.3974706861187328
2021-12-09,0.4018453212035889
2021-12-10,0.39644928288232034
2021-12-13,0.41187733779097474
2021-12-14,0.4160931156383634
2021-12-15,0.39930123511050614
2021-12-16,0.43936283648580693
2021-12-17,0.4457507790524991
2021-12-20,0.4716600970260955
2021-12-21,0.47194498722205597
2021-12-22,0.49572938478210105
2021-12-23,0.5087871266786117
2021-12-27,0.5157744815146454
2021-12-28,0.5299528651480162
2021-12-29,0.5676943288305633
2021-12-30,0.547519109269324
2021-12-31,0.5748080918854879
2022-01-03,0.6163806772336133
2022-01-04,0.5752524259922508
2022-01-05,0.5988052668927132
2022-01-06,0.6194041423891786
2022-01-07,0.586838192534418
2022-01-10,0.583807813819246
2022-01-11,0.5850177690394102
2022-01-12,0.5642744310279725
2022-01-13,0.5771580867180252
2022-01-14,0.5969829840497756
2022-01-18,0.5360739277472015
2022-01-19,0.5788075957085135
2022-01-20,0.6269883302729581
2022-01-21,0.656015693165846
2022-01-24,0.6236761887434218
2022-01-25,0.6128025132244197
2022-01-26,0.5990012914698477
2022-01-27,0.4871069196120226
2022-01-28,0.4757917693257021
2022-01-31,0.46810972508937415
2022-02-01,0.5108068311675138
2022-02-02,0.5357663244705928
2022-02-03,0.5382466176687797
2022-02-04,0.5892046257557512
2022-02-07,0.6385749781405162
2022-02-08,0.6713138155162383
2022-02-09,0.6954866751311435
2022-02-10,0.7242772935361278
2022-02-11,0.7328519243500756
2022-02-14,0.7489876446644783
2022-02-15,0.7673338906458692
2022-02-16,0.7826325691816811
2022-02-17,0.7978226450024636
2022-02-18,0.8257485227521564
2022-02-22,0.8376007210316586
2022-02-23,0.8602711107850443
2022-02-24,0.8839630791261682
2022-02-25,0.885614247889844
2022-02-28,0.8980730429081871
2022-03-01,0.9214820410230374
2022-03-02,0.9013871471010705
2022-03-03,0.8759958015703939
2022-03-04,0.8513076164234726
2022-03-07,0.8506895829163778
2022-03-08,0.8633086584426305
2022-03-09,0.8680448241606
2022-03-10,0.8943993691824682
2022-03-11,0.9022355542316379
2022-03-14,0.8958746289967279
2022-03-15,0.9121948808370173
2022-03-16,0.929480223116464
2022-03-17,0.9415585925131758
2022-03-18,0.9301846824803477
2022-03-21,0.9333163876758102
2022-03-22,0.9420700505392985
2022-03-23,0.9429109040939161
2022-03-24,0.9455839656532559
2022-03-25,0.9547809524498997
2022-03-28,0.9582677693281494
2022-03-29,0.9496130031582529
2022-03-30,0.9503633120771381
2022-03-31,0.9556014609841766
2022-04-01,0.9541910580749361
2022-04-04,0.9602685639151055
2022-04-05,0.964152349113265
2022-04-06,0.9692731202000943
2022-04-07,0.9745618675041966
2022-04-08,0.9708690719620525
2022-04-11,0.9730198462528684
2022-04-12,0.978057333007899
2022-04-13,0.9789422780497571
2022-04-14,0.9760431029958576
2022-04-18,0.971057713979272
2022-04-19,0.9650263966717226
2022-04-20,0.9580785438994107
2022-04-21,0.9568646324756457
2022-04-22,0.946523134317435
2022-04-25,0.9573468030723559
2022-04-26,0.9500791655668156
2022-04-27,0.9532058786305027
2022-04-28,0.9481977339780133
2022-04-29,0.9508633410237716
2022-05-02,0.9565796632249283
2022-05-03,0.9612299509827361
2022-05-04,0.9585669044719061
2022-05-05,0.9621801287032743
2022-05-06,0.9720954755657835
2022-05-09,0.9764637667979286
2022-05-10,0.9769878064710149
2022-05-11,0.9769846447925172
2022-05-12,0.9770035405017966
2022-05-13,0.9797191685776694
2022-05-16,0.9817353558959468
2022-05-17,0.9836009677549477
2022-05-18,0.9847343161791334
2022-05-19,0.9850901477608374
2022-05-20,0.9864918974193942
2022-05-23,0.988206955912508
2022-05-24,0.9915130045714559
2022-05-25,0.9918193784917483
2022-05-26,0.9939504533422827
2022-05-27,0.9950429678286005
2022-05-31,0.9947454824209102
2022-06-01,0.9955269335783805
2022-06-02,0.9957946454394327
2022-06-03,0.9958670538020513
2022-06-06,0.9948225980309096
2022-06-07,0.9954726751857228
2022-06-08,0.9957716967860079
2022-06-09,0.9962787071790131
2022-06-10,0.9969535244072247
2022-06-13,0.9978750077992256
2022-06-14,0.9984645468406864
2022-06-15,0.9981362630539172
2022-06-16,0.9982125215875295
2022-06-17,0.9979851616934008
2022-06-21,0.997969928281384
2022-06-22,0.9983950084056364
2022-06-23,0.9985349689955083
2022-06-24,0.998315540834124
2022-06-27,0.9987403464799377
2022-06-28,0.9987105088539814
2022-06-29,0.9984891320835402
2022-06-30,0.9978893928546314
2022-07-01,0.9979151878047877
2022-07-05,0.9980542407774664
2022-07-06,0.9976755139874041
2022-07-07,0.9978624504523462
2022-07-08,0.9980325172521768
2022-07-11,0.9977543398017668
2022-07-12,0.998088301180259
2022-07-13,0.9984231237813933
2022-07-14,0.9986309407823531
2022-07-15,0.9988218888174917
2022-07-18,0.9990595958637274
2022-07-19,0.9990075411014361
2022-07-20,0.9990964992672177
2022-07-21,0.999226939503135
2022-07-22,0.9990568160358678
2022-07-25,0.999085111287723
2022-07-26,0.9990988335628601
2022-07-27,0.9986888955829631
2022-07-28,0.9987379796101168
2022-07-29,0.9987701321224947
2022-08-01,0.9988238410674164
2022-08-02,0.9988149266296437
2022-08-03,0.9987494893081195
2022-08-04,0.9988684477267565
2022-08-05,0.9987951437984135
2022-08-08,0.9986442801495475
2022-08-09,0.9986193819699589
2022-08-10,0.9986608042135697
2022-08-11,0.9987776729764446
2022-08-12,0.9988438637986687
2022-08-15,0.9989563277523291
2022-08-16,0.9988044963949988
2022-08-17,0.9988628057351956
2022-08-18,0.998375093389339
2022-08-19,0.9980153688971879
2022-08-22,0.9977759125101411
2022-08-23,0.9980891652314814
2022-08-24,0.9980734301911051
2022-08-25,0.998192019036271
2022-08-26,0.9976920206553844
2022-08-29,0.9979346984427651
2022-08-30,0.9976781218891845
2022-08-31,0.9977207745072825
2022-09-01,0.9976826294639722
2022-09-02,0.9971715516568194
2022-09-06,0.9972373736176369
2022-09-07,0.9972539392735151
2022-09-08,0.9973975599431029
2022-09-09,0.997431477503272
2022-09-12,0.9967102044524369
2022-09-13,0.9964454568104972
2022-09-14,0.9966514255579136
2022-09-15,0.9961214239315008
2022-09-16,0.9959763702397849
2022-09-19,0.996018604653264
2022-09-20,0.9956410943106597
2022-09-21,0.9954369927808614
2022-09-22,0.9960207581915612
2022-09-23,0.9964376094916654
2022-09-26,0.9968208863781493
2022-09-27,0.9964869507174065
2022-09-28,0.9969813857031443
2022-09-29,0.99713828974534
2022-09-30,0.9975799438366344
2022-10-03,0.9976146222674335
2022-10-04,0.9981372367403631
2022-10-05,0.998396780520043
2022-10-06,0.9986276659721367
2022-10-07,0.9984497588484749
2022-10-10,0.99861080089789
2022-10-11,0.9983466879304307
2022-10-12,0.9980124490071026
2022-10-13,0.9980780507321443
2022-10-14,0.9983514830911626
2022-10-17,0.998783084063863
2022-10-18,0.9991307484470869
2022-10-19,0.9992409214085898
2022-10-20,0.9993932881567522
2022-10-21,0.9995274133529812
2022-10-24,0.9996388058382896
2022-10-25,0.999704637364036
2022-10-26,0.9997726124216957
2022-10-27,0.9998086527568383
2022-10-28,0.9997826813920822
2022-10-31,0.9998365210867676
2022-11-01,0.9998628585328992
2022-11-02,0.9998343545014787
2022-11-03,0.9997938190615283
2022-11-04,0.9998116767586538
2022-11-07,0.9998314839784446
2022-11-08,0.9998487236417245
2022-11-09,0.9998655478299975
2022-11-10,0.999892151709586
2022-11-11,0.9999303036129195
2022-11-14,0.9999179003583328
2022-11-15,0.9999302848594066
2022-11-16,0.9999108645014843
2022-11-17,0.9999043594275857
2022-11-18,0.9999041151164058
2022-11-21,0.9999119552465491
2022-11-22,0.9998843400512315
2022-11-23,0.9998669607295098
2022-11-25,0.9998401166578085
2022-11-28,0.9998388089588426
2022-11-29,0.9998095473958111
2022-11-30,0.9997592177509446
2022-12-01,0.9997491797673441
2022-12-02,0.9997173275917932
2022-12-05,0.9997494607186386
2022-12-06,0.9997660650774494
2022-12-07,0.9997750874166624
2022-12-08,0.999800866466851
2022-12-09,0.9998109595894664
2022-12-12,0.9998195280585834
2022-12-13,0.9995857290800727
2022-12-14,0.9994825551835019
2022-12-15,0.9994190361557743
2022-12-16,0.9994593914874691
2022-12-19,0.9994006906602738
2022-12-20,0.9993430024252747
2022-12-21,0.9992229891756103
2022-12-22,0.9993443391723453
2022-12-23,0.9993023404481501
2022-12-27,0.9992848414415263
2022-12-28,0.9993502159985801
2022-12-29,0.9994307695731516
2022-12-30,0.9994967063202489
2023-01-03,0.9992070903648752
2023-01-04,0.9991759267457113
2023-01-05,0.999203452434062
2023-01-06,0.9992380280321191
2023-01-09,0.9992473115434403
2023-01-10,0.9992567674367597
2023-01-11,0.9991911526335698
2023-01-12,0.9992310859832622
2023-01-13,0.9991571272037503
2023-01-17,0.9991092419344363
2023-01-18,0.999021962586836
2023-01-19,0.9991129507728319
2023-01-20,0.999050768930205
2023-01-23,0.9990930248853332
2023-01-24,0.9990352391645736
2023-01-25,0.998690153986121
2023-01-26,0.99866671313646
2023-01-27,0.998396211457963
2023-01-30,0.9982694637875312
2023-01-31,0.9982615066311085
2023-02-01,0.9983092651230757
2023-02-02,0.9985679174763863
2023-02-03,0.9987705957983491
2023-02-06,0.9989146813772392
2023-02-07,0.9988245648842442
2023-02-08,0.9985853916171888
2023-02-09,0.9985621833919325
2023-02-10,0.9985339987299304
2023-02-13,0.9984225819428207
2023-02-14,0.9981030785509237
2023-02-15,0.9976177330471226
2023-02-16,0.9973911562233322
2023-02-17,0.9977678296722313
2023-02-21,0.9978130790597309
2023-02-22,0.9971419215720966
2023-02-23,0.9965093900929701
2023-02-24,0.9961189775946009
2023-02-27,0.995161784535876
2023-02-28,0.9944498695225533
2023-03-01,0.9948800415463058
2023-03-02,0.9950554638885479
2023-03-03,0.9935190128714381
2023-03-06,0.9940906095155174
2023-03-07,0.9925588438798819
2023-03-08,0.9923959964840537
2023-03-09,0.9900140770128658
2023-03-10,0.9876076147629487
2023-03-13,0.9898110937429333
2023-03-14,0.9898162860847548
2023-03-15,0.9892005451560179
2023-03-16,0.986836040014157
2023-03-17,0.9898197815790541
2023-03-20,0.9911687665591202
2023-03-21,0.9927932078436934
2023-03-22,0.9942164513937188
2023-03-23,0.9954923745305411
2023-03-24,0.996416927379945
2023-03-27,0.9963351966061109
2023-03-28,0.9970863089962138
2023-03-29,0.9973284080883382
2023-03-30,0.9977350350019297
2023-03-31,0.9980998127140601
2023-04-03,0.9981355224784295
2023-04-04,0.9975797268749169
2023-04-05,0.9976317451734573
2023-04-06,0.9978744537823457
2023-04-10,0.9976139396535705
2023-04-11,0.9975251943822395
2023-04-12,0.9978035592832812
2023-04-13,0.9979530900426711
2023-04-14,0.9973399063598136
2023-04-17,0.9973692941797087
2023-04-18,0.9970078215568616
2023-04-19,0.9966121500587201
2023-04-20,0.9960842930767927
2023-04-21,0.9959767943020398
2023-04-24,0.9958106924567534
2023-04-25,0.9951473107756093
2023-04-26,0.9941810368517973
2023-04-27,0.9940065541828266
2023-04-28,0.9928350958072337
2023-05-01,0.9906583655007424
2023-05-02,0.9907645959142252
2023-05-03,0.9852608244238195
2023-05-04,0.9836044004721992
2023-05-05,0.9835669728826949
2023-05-08,0.9877412171129825
2023-05-09,0.9826313953521951
2023-05-10,0.9815032508269177
2023-05-11,0.9754995162505252
2023-05-12,0.9742076396218594
2023-05-15,0.9612161799699693
2023-05-16,0.9568661516045384
2023-05-17,0.959452758437526
2023-05-18,0.9587318739036619
2023-05-19,0.9641935994178881
2023-05-22,0.9543365714798208
2023-05-23,0.951109215360143
2023-05-24,0.9500306852817084
2023-05-25,0.957547110049277
2023-05-26,0.9556355907436183
2023-05-30,0.9504720342331473
2023-05-31,0.9545816563085594
2023-06-01,0.9641565956125197
2023-06-02,0.9660261449122322
2023-06-05,0.9682675371772036
2023-06-06,0.974937649810322
2023-06-07,0.9667369846293272
2023-06-08,0.9673038385871349
2023-06-09,0.9700153636082528
2023-06-12,0.966556416140818
2023-06-13,0.9587022218998601
2023-06-14,0.9473520048654099
2023-06-15,0.9219593326031325
2023-06-16,0.9102386378457196
2023-06-20,0.8983871502630946
2023-06-21,0.8487439019991945
2023-06-22,0.8364412317381448
2023-06-23,0.8529132634824251
2023-06-26,0.8551261434202365
2023-06-27,0.8662935170201128
2023-06-28,0.8927696281348193
2023-06-29,0.885847056766522
2023-06-30,0.8721036221592868
2023-07-03,0.8756139080478277
2023-07-05,0.8518587500130167
2023-07-06,0.8272024582909094
2023-07-07,0.8238300189327484
2023-07-10,0.8203720511281268
2023-07-11,0.8337367600538932
2023-07-12,0.8273673105697825
2023-07-13,0.8149565461985252
2023-07-14,0.7883034331851236
2023-07-17,0.7633891673140865
2023-07-18,0.7424333875318136
2023-07-19,0.7307370947080821
2023-07-20,0.7105956484785547
2023-07-21,0.7581623766222219
2023-07-24,0.7782090338348129
2023-07-25,0.7969770937659669
2023-07-26,0.7977847672231989
2023-07-27,0.8117790047541503
2023-07-28,0.7844020449898611
2023-07-31,0.81756514352411
2023-08-01,0.827341560752125
2023-08-02,0.8264281303996477
2023-08-03,0.8390170405362694
2023-08-04,0.8409955783644245
2023-08-07,0.8630952277728166
2023-08-08,0.8708977771118842
2023-08-09,0.871890422547493
2023-08-10,0.8690229976011196
2023-08-11,0.8585041264309263
2023-08-14,0.8636645329289966
2023-08-15,0.8653179042848931
2023-08-16,0.8820710756559771
2023-08-17,0.8819891897625227
2023-08-18,0.8873035816495977
2023-08-21,0.8885862374059457
2023-08-22,0.8949080091957367
2023-08-23,0.880656165209011
2023-08-24,0.8629538854266535
2023-08-25,0.8603884017514372
2023-08-28,0.8651138213469554
2023-08-29,0.860869544442739
2023-08-30,0.8320644173358925
2023-08-31,0.8235136178857383
2023-09-01,0.8120267444557481
2023-09-05,0.7975283562558596
2023-09-06,0.7969144081185385
2023-09-07,0.7673953945427037
2023-09-08,0.761931748917588
2023-09-11,0.7888450523829257
2023-09-12,0.802612845147364
2023-09-13,0.8263511245383117
2023-09-14,0.8399417754029448
2023-09-15,0.8092575187558969
2023-09-18,0.8255031544327874
2023-09-19,0.8166661598813287
2023-09-20,0.8027923045693998
2023-09-21,0.7970230740853197
2023-09-22,0.7989778204162699
2023-09-25,0.7464656151478393
2023-09-26,0.7312941839011228
2023-09-27,0.6889906525170745
2023-09-28,0.6336046647808642
2023-09-29,0.5587912715043422
2023-10-02,0.562705947507497
2023-10-03,0.5048632350046488
2023-10-04,0.4624578489240089
2023-10-05,0.5134317213230203
2023-10-06,0.5861757318119561
2023-10-09,0.612961256382517
2023-10-10,0.6113515299010228
2023-10-11,0.5596072104818055
2023-10-12,0.5493601240817974
2023-10-13,0.5138194250872214
2023-10-16,0.4589419075045348
2023-10-17,0.5115011552828111
2023-10-18,0.4653216140613754
2023-10-19,0.5281108220853371
2023-10-20,0.5769840506550443
2023-10-23,0.6088352102149692
2023-10-24,0.6102035059643149
2023-10-25,0.6673618749442989
2023-10-26,0.7268456424831018
2023-10-27,0.7735173446998322
2023-10-30,0.7705089808671141
2023-10-31,0.7906264226817591
2023-11-01,0.8321423108646527
2023-11-02,0.8453099164133394
2023-11-03,0.8482717373746567
2023-11-06,0.8298535885526119
2023-11-07,0.7985078679079308
2023-11-08,0.7959851473436894
2023-11-09,0.7910150395731231
2023-11-10,0.7890230983422075
2023-11-13,0.7787135908944077
2023-11-14,0.8509358825629273
2023-11-15,0.868338041680058
2023-11-16,0.871078102593477
2023-11-17,0.8911552822381751
2023-11-20,0.9002360369527946
2023-11-21,0.9048600617639795
2023-11-22,0.9136706707966159
2023-11-24,0.912165905531435
2023-11-27,0.923209212774674
2023-11-28,0.9316380809913993
2023-11-29,0.9366207144421125
2023-11-30,0.926202511850366
2023-12-01,0.9239610868049576
2023-12-04,0.9325022767744829
2023-12-05,0.9162549767654665
2023-12-06,0.903912580038707
2023-12-07,0.8883415236311406
2023-12-08,0.8703192267516466
2023-12-11,0.855473688022278
2023-12-12,0.8552752923326652
2023-12-13,0.8140874598673707
2023-12-14,0.8299046675783927
2023-12-15,0.7930164985453257
2023-12-18,0.7784544355499503
2023-12-19,0.727056954780096
2023-12-20,0.6924444643215136
2023-12-21,0.6664452565757445
2023-12-22,0.6498123062062581
2023-12-26,0.6455791591184533
2023-12-27,0.6058623364938621
2023-12-28,0.6057003540584358
2023-12-29,0.5917436664283009
2024-01-02,0.5648218883128944
2024-01-03,0.5823704705670414
2024-01-04,0.5686381233057679
2024-01-05,0.5601456362280697
2024-01-08,0.5696263212322427
2024-01-09,0.5675846696736248
2024-01-10,0.5885798169157905
2024-01-11,0.5840848106506198
2024-01-12,0.5912352546440167
2024-01-16,0.6072022010375885
2024-01-17,0.5808279545295337
2024-01-18,0.5840833969391163
2024-01-19,0.5874763168629823
2024-01-22,0.558517604546147
2024-01-23,0.5190399569253176
2024-01-24,0.5480858125868714
2024-01-25,0.5421366884860119
2024-01-26,0.5391595461500309
2024-01-29,0.5369344977165491
2024-01-30,0.5699117357218227
2024-01-31,0.5761374060169434
2024-02-01,0.5866212384306203
2024-02-02,0.6315330033460125
2024-02-05,0.671571089047051
2024-02-06,0.7137276241626813
2024-02-07,0.7099646953921501
2024-02-08,0.6836871206553478
2024-02-09,0.7087110677754745
2024-02-12,0.6814526820261064
2024-02-13,0.6564414181080155
2024-02-14,0.6688023656792147
2024-02-15,0.6957283954289911
2024-02-16,0.7002929654099493
2024-02-20,0.6974537014587203
2024-02-21,0.6553276815623753
2024-02-22,0.6444482054798218
2024-02-23,0.6190075877020403
2024-02-26,0.5947049739236394
2024-02-27,0.5775405807581112
2024-02-28,0.5481887268307113
2024-02-29,0.5245560107256544
2024-03-01,0.5145210472448436
2024-03-04,0.5064394373066604
2024-03-05,0.4857340557166395
2024-03-06,0.49899751080711835
2024-03-07,0.5064689190775385
2024-03-08,0.4802026953235472
2024-03-11,0.46178750949662895
2024-03-12,0.41607056272559917
2024-03-13,0.3660586367474862
2024-03-14,0.3407039349712125
2024-03-15,0.36066300466902734
2024-03-18,0.3234377795022808
2024-03-19,0.33741864335037924
2024-03-20,0.3287812351581657
2024-03-21,0.35775572965712477
2024-03-22,0.37825424069401264
2024-03-25,0.2897687861385113
2024-03-26,0.2868999479833949
2024-03-27,0.29555907942099835
2024-03-28,0.295475230971155
2024-04-01,0.282750010613314
2024-04-02,0.29800671751726776
2024-04-03,0.2995050364014105
2024-04-04,0.3262030370751929
2024-04-05,0.36100634932764814
2024-04-08,0.35951968108096294
2024-04-09,0.3327096552757117
2024-04-10,0.3471296524368176
2024-04-11,0.36000336880399536
2024-04-12,0.33041313804893907
2024-04-15,0.3403522477538598
2024-04-16,0.3797498501902631
2024-04-17,0.388610242175725
2024-04-18,0.38413840997747606
2024-04-19,0.37751572200226324
2024-04-22,0.3589313447288133
2024-04-23,0.34479013913545237
2024-04-24,0.35655291282583157
2024-04-25,0.35883155691260094
2024-04-26,0.33354841914848493
2024-04-29,0.3097847450264129
2024-04-30,0.33744224834555464
2024-05-01,0.3708346102615527
2024-05-02,0.3850036868237318
2024-05-03,0.37784823593251415
2024-05-06,0.3995665808448804
2024-05-07,0.36862482116318984
2024-05-08,0.3990921066332193
2024-05-09,0.3961525567266235
2024-05-10,0.40403668407375526
2024-05-13,0.39867005340224776
2024-05-14,0.4150269751646491
2024-05-15,0.427578411711359
2024-05-16,0.45393179063078143
2024-05-17,0.458932778693248
2024-05-20,0.49687588261244797
2024-05-21,0.5345120328452341
2024-05-22,0.5276133060615799
2024-05-23,0.5081520500783432
2024-05-24,0.4979909587416253
2024-05-28,0.48604330268616835
2024-05-29,0.4655691561566224
2024-05-30,0.48317529916052415
2024-05-31,0.48784108073522975
2024-06-03,0.49070208258995524
2024-06-04,0.4952187586408894
2024-06-05,0.4938976131495971
2024-06-06,0.4785407089737036
2024-06-07,0.47518082003515527
2024-06-10,0.46376108093125173
2024-06-11,0.4579716796553591
2024-06-12,0.4508049701491064
2024-06-13,0.47262411471170307
2024-06-14,0.4770340016784066
2024-06-17,0.4458797580011343
2024-06-18,0.4762121676966253
2024-06-20,0.4703785230812501
2024-06-21,0.4590374965420986
2024-06-24,0.4402447593723786
2024-06-25,0.4504975544171719
2024-06-26,0.4352835843675775
2024-06-27,0.40555024559384556
2024-06-28,0.4210853052985217
2024-07-01,0.42847314231958916
2024-07-02,0.4408469293092115
2024-07-03,0.4510821178900495
2024-07-05,0.4632303231642013
2024-07-08,0.46529102349610507
2024-07-09,0.414845040084447
2024-07-10,0.40111296465685364
2024-07-11,0.40621665597872975
2024-07-12,0.4234189794187804
2024-07-15,0.4285366902514778
2024-07-16,0.4255172592419236
2024-07-17,0.42515522030873587
2024-07-18,0.46553671444018074
2024-07-19,0.4702193789677119
2024-07-22,0.4761671905665537
2024-07-23,0.47861657046890976
2024-07-24,0.4833359101466261
2024-07-25,0.5456146903354553
2024-07-26,0.5487399078036812
2024-07-29,0.5600410896836154
2024-07-30,0.5513851524707702
2024-07-31,0.5815786652499476
2024-08-01,0.6005023862354747
2024-08-02,0.598412550605349
2024-08-05,0.5806896402680021
2024-08-06,0.6028860030827052
2024-08-07,0.591945938999275
2024-08-08,0.5994262023858714
2024-08-09,0.5921114329501481
2024-08-12,0.5942403529823328
2024-08-13,0.5832800282236216
2024-08-14,0.5926334692332162
2024-08-15,0.5878542225561226
2024-08-16,0.6003512247204132
2024-08-19,0.6008042689785867
2024-08-20,0.6049704802573114
2024-08-21,0.5846501364645542
2024-08-22,0.6020631498641484
2024-08-23,0.6200368220376931
2024-08-26,0.6602609731742265
2024-08-27,0.6263095895153125
2024-08-28,0.6463703522550186
2024-08-29,0.6747010766825872
2024-08-30,0.6671372730293484
2024-09-03,0.690066340938105
2024-09-04,0.7351709416208926
2024-09-05,0.752490427217079
2024-09-06,0.7487296735508543
2024-09-09,0.776763889315239
2024-09-10,0.7326494633494995
2024-09-11,0.7244591002178434
2024-09-12,0.7258019330541865
2024-09-13,0.6700369181879812
2024-09-16,0.6494252442832316
2024-09-17,0.6108401866303385
2024-09-18,0.5707637442258388
2024-09-19,0.5266338449601149
2024-09-20,0.5285901780944814
2024-09-23,0.4861382339040642
2024-09-24,0.44674831550246075
2024-09-25,0.3965183776836215
2024-09-26,0.39246283991733644
2024-09-27,0.34811451032954654
2024-09-30,0.3406929229524747
2024-10-01,0.34130784916883405
2024-10-02,0.3157788612877666
2024-10-03,0.30671048027800984
2024-10-04,0.28673549252006647
2024-10-07,0.30222604363770544
2024-10-08,0.30706750887886813
2024-10-09,0.3116950772895046
2024-10-10,0.31662719283720864
2024-10-11,0.30722401998381343
2024-10-14,0.3007041516811978
2024-10-15,0.2772899629696998
2024-10-16,0.26517429556032035
2024-10-17,0.2713388583299262
2024-10-18,0.2690433208663798
2024-10-21,0.2042634680142627
2024-10-22,0.1875638336176057
2024-10-23,0.16217639865057218
2024-10-24,0.15165194054235537
2024-10-25,0.14798592627947407
2024-10-28,0.12543371818869647
2024-10-29,0.11037459269449718
2024-10-30,0.09790838818200562
2024-10-31,0.10433974388713696
2024-11-01,0.12029236786004556
2024-11-04,0.13193070010290564
2024-11-05,0.142091436914309
2024-11-06,0.1732533968736088
2024-11-07,0.19854941891775685
2024-11-08,0.20104537316312765
2024-11-11,0.20872051331080796
2024-11-12,0.19254770454553952
2024-11-13,0.19642218870668413
2024-11-14,0.20006406888341086
2024-11-15,0.22242721008665514
2024-11-18,0.23984259482016343
2024-11-19,0.24703782265050572
2024-11-20,0.2606456863007859
2024-11-21,0.2815898040411135
2024-11-22,0.29545669416382164
2024-11-25,0.30752973336820655
2024-11-26,0.32000845040946535
2024-11-27,0.32382808237899946
2024-11-29,0.3315986375811394
2024-12-02,0.3397316105107261
2024-12-03,0.3523642750122202
2024-12-04,0.3659222616583235
2024-12-05,0.37132486148836014
2024-12-06,0.3523559786273458
2024-12-09,0.2583037917849572
2024-12-10,0.24670268205521165
2024-12-11,0.23358763902447816
2024-12-12,0.23116092448410108
2024-12-13,0.2362778201558465
2024-12-16,0.2581763962813879
2024-12-17,0.2741769268179753
2024-12-18,0.28310069369812974
2024-12-19,0.38293020410931944
2024-12-20,0.3988419567435216
2024-12-23,0.3889875499076508
2024-12-24,0.40043703272655995
2024-12-26,0.4021106718521167
2024-12-27,0.40116035047044757
2024-12-30,0.3963674154994181
2024-12-31,0.41173249794590716
2025-01-02,0.39402984843342714
2025-01-03,0.37573900697577917
2025-01-06,0.36648799415640354
2025-01-07,0.3425181480602346
2025-01-08,0.34466553481708684
2025-01-10,0.36162972302646773
2025-01-13,0.3841867579898342
2025-01-14,0.40997102185949796
2025-01-15,0.4026166260142178
2025-01-16,0.4467948972494439
2025-01-17,0.4478965973002878
2025-01-21,0.4394656335389545
2025-01-22,0.4672265509760685
2025-01-23,0.497117084013883
2025-01-24,0.520466946746381
2025-01-27,0.5199087732252746
2025-01-28,0.5408315811844222
2025-01-29,0.5397919990516473
2025-01-30,0.5356946160882049
2025-01-31,0.5587969218774431
2025-02-03,0.5751371267181086
2025-02-04,0.5649524098897554
2025-02-05,0.6030058049563225
2025-02-06,0.6040827328466265
2025-02-07,0.5924331217211404
2025-02-10,0.6145029807201846
2025-02-11,0.636954040194982
2025-02-12,0.6502670179385704
2025-02-13,0.6695255460298307
2025-02-14,0.6855294783614783
2025-02-18,0.6157333772285415
2025-02-19,0.6315277281855703
2025-02-20,0.611355147532537
2025-02-21,0.5716960854852812
2025-02-24,0.555785724443012
2025-02-25,0.5381332799646357
2025-02-26,0.5725110073445512
2025-02-27,0.5823215818315663
2025-02-28,0.5757404918037135
2025-03-03,0.6143466971216768
2025-03-04,0.6317100340055799
2025-03-05,0.6580346432280879
2025-03-06,0.6932875960605194
2025-03-07,0.6984730912898719
2025-03-10,0.6810528088312157
2025-03-11,0.7137984326106972
2025-03-12,0.7447489183617086
2025-03-13,0.7241557848951649
2025-03-14,0.7253024011863228
2025-03-17,0.7747268541330012
2025-03-18,0.7612970192586189
2025-03-19,0.7586126946654614
2025-03-20,0.7541975218510806
2025-03-21,0.7594289180594427
2025-03-24,0.7730122647580818
2025-03-25,0.817784291842977
2025-03-26,0.8378720479505292
2025-03-27,0.8559654492696271
2025-03-28,0.8644976243055391
2025-03-31,0.8870463309383457
2025-04-01,0.8818067346955446
2025-04-02,0.8958811834238449
2025-04-03,0.9069447012223917
2025-04-04,0.9288539881767519
2025-04-07,0.9602640797971785
2025-04-08,0.9575665071784223
2025-04-09,0.9679126776762152
2025-04-10,0.988726376327901
2025-04-11,0.9908295745073451
2025-04-14,0.9922544410944296
2025-04-15,0.9921882362215545
2025-04-16,0.9912684697788255
2025-04-17,0.9915727048329649
2025-04-21,0.990731774360964
2025-04-22,0.99070763424387
2025-04-23,0.991162292845092
2025-04-24,0.9893902229696697
2025-04-25,0.9902552040040217
2025-04-28,0.9920350631408983
2025-04-29,0.9927146740715607
2025-04-30,0.9938137419242975
2025-05-01,0.9947668426231889
2025-05-02,0.9953864829583395
2025-05-05,0.9950357195277658
2025-05-06,0.9959170914705813
2025-05-07,0.9968087112560206
2025-05-08,0.9976047669096486
2025-05-09,0.998321193231716
2025-05-12,0.9927738905868257
2025-05-13,0.9937918562442226
2025-05-14,0.9924475769034001
2025-05-15,0.9912080940915694
2025-05-16,0.9898630987077035
2025-05-19,0.9903560835606854
2025-05-20,0.99091694402661
2025-05-21,0.990917967053156
2025-05-22,0.9898666053195847
2025-05-23,0.9883252935919244
2025-05-27,0.9851611436153768
2025-05-28,0.983383848002609
2025-05-29,0.9797890906734855
2025-05-30,0.9771795155022339
2025-06-02,0.9744134528505455
2025-06-03,0.9690231631075945
2025-06-04,0.9591316140583811
2025-06-05,0.9585278273964971
2025-06-06,0.9572818864034843
2025-06-09,0.9550441362863495
2025-06-10,0.9526193932892432
2025-06-11,0.9536305858797046
2025-06-12,0.9241178241352335
2025-06-13,0.9152623107809491
2025-06-16,0.9138612472635056
2025-06-17,0.9116922228773816
2025-06-18,0.903376922122387
2025-06-20,0.8995032611406912
2025-06-23,0.9050317067696025
2025-06-24,0.9109134600994924
2025-06-25,0.9109930319804542
2025-06-26,0.9165660540127488
2025-06-27,0.894093964236109
2025-06-30,0.8973142223149093
2025-07-01,0.8924145464567351
2025-07-02,0.8899562296892302
2025-07-03,0.8793519527842978
2025-07-07,0.8763288893995851
2025-07-08,0.8820465763401057
2025-07-09,0.8865497950071655
2025-07-10,0.8798091816787992
2025-07-11,0.879534252997962
2025-07-14,0.8763517832418257
2025-07-15,0.8863084043040627
2025-07-16,0.8776092666099421
2025-07-17,0.883055514116752
2025-07-18,0.8768657952315821
2025-07-21,0.8847504236482736
2025-07-22,0.8741867665303137
2025-07-23,0.8688475891675018
2025-07-24,0.8479243980006292
2025-07-25,0.8530439160048554
2025-07-28,0.8272587791306969
2025-07-29,0.7775120418037589
2025-07-30,0.7475335912054782
2025-07-31,0.7402188920318538
2025-08-01,0.7284490349611409
2025-08-04,0.7278537933257654
2025-08-05,0.7456101161451064
2025-08-06,0.7327730485933966
2025-08-07,0.7028830736140629
2025-08-08,0.6238710202360715
2025-08-11,0.6195811861622336
2025-08-12,0.5878135436767155
2025-08-13,0.6161481506560981
2025-08-14,0.6227398243208013
2025-08-15,0.625311742554702
2025-08-18,0.651376305205768
2025-08-19,0.6686480347425092
2025-08-20,0.7032186959380529
2025-08-21,0.7140232723203701
2025-08-22,0.7238389445326529
2025-08-25,0.7413104968418622
2025-08-26,0.747679927859797
2025-08-27,0.7368077103737092
2025-08-28,0.7572055864442482
2025-08-29,0.7573513459352071
2025-09-02,0.7699760392362771
2025-09-03,0.7730811160701476
2025-09-04,0.7476885449779208
2025-09-05,0.7708617693734064
2025-09-08,0.7325045838971198
2025-09-09,0.7274915057328372
2025-09-10,0.6984865302474519
2025-09-11,0.6648649198683484
2025-09-12,0.641414817809436
2025-09-15,0.6335293212109533
2025-09-16,0.6450860297948121
2025-09-17,0.6608021245680464
2025-09-18,0.6775598945283844
2025-09-19,0.6935424809580376
2025-09-22,0.7064592422915025
2025-09-23,0.7117883376445677
2025-09-24,0.7054157602863228
2025-09-25,0.709726898242004
2025-09-26,0.7119464720545725
2025-09-29,0.7137962704744948
2025-09-30,0.7044334637344952
2025-10-01,0.7122714152919307
2025-10-02,0.7117806242200027
2025-10-03,0.7119769609950064
2025-10-06,0.6775993550907456
2025-10-07,0.6781742105701863
2025-10-08,0.6716876854088358
2025-10-09,0.6784249704474066
2025-10-10,0.6546152040853951
2025-10-13,0.7248053410604823
2025-10-14,0.7511858242286253
2025-10-15,0.7427453804090621
2025-10-16,0.7531957529993035
2025-10-17,0.772327193423693
2025-10-20,0.7611117934827877
2025-10-21,0.7662311201690968
2025-10-22,0.7612258151149809
2025-10-23,0.7743413972811212
2025-10-24,0.7767727239044109
2025-10-27,0.7869357578360618
2025-10-28,0.775781479913314
2025-10-29,0.7770434365715141
2025-10-30,0.769794851071518
2025-10-31,0.7724488937427462
2025-11-03,0.7706320698621706
2025-11-04,0.7672165695146176
2025-11-05,0.7420127679694747
2025-11-06,0.7488809044945901
2025-11-07,0.7384022792449342
2025-11-10,0.7559772466528724
2025-11-11,0.7973234623853847
2025-11-12,0.7930371495278761
2025-11-13,0.8117133803420171
2025-11-14,0.83654012312469
2025-11-17,0.8477122393378878
2025-11-18,0.845460165003744
2025-11-19,0.8253941315312192
2025-11-20,0.8059552282720959
2025-11-21,0.8191351762138428
2025-11-24,0.814577694842522
2025-11-25,0.8078422520812674
2025-11-26,0.7933230739112023
2025-11-28,0.7954989450053731
2025-12-01,0.7976596885994209
2025-12-02,0.8123714553518688
2025-12-03,0.8079473083216139
2025-12-04,0.816508766030202
2025-12-05,0.8316090667257828
2025-12-08,0.8342707823663931
2025-12-09,0.8502489314928822
2025-12-10,0.85382647879078
2025-12-11,0.8382259158645258
2025-12-12,0.8290006276066461
2025-12-15,0.8285248868731752
2025-12-16,0.8373819054568094
2025-12-17,0.8318505254928173
2025-12-18,0.8455747015302849
2025-12-19,0.8614618835206128
2025-12-22,0.8640914152595383
2025-12-23,0.8386669419459488
2025-12-24,0.8231537813307455
2025-12-26,0.8008462592988844
2025-12-29,0.7841966978225361
2025-12-30,0.7790975626220668
2025-12-31,0.7644057792184196
2026-01-02,0.7537534290497966
2026-01-05,0.7283197437399052
2026-01-06,0.7100839853067624
2026-01-07,0.6940758311479241
2026-01-08,0.7004634538470497
2026-01-09,0.7066515461354577
2026-01-12,0.6917532054952568
2026-01-13,0.6787916451471792
2026-01-14,0.6465618775467343
2026-01-15,0.6478633011544181
2026-01-16,0.6418250430376429
2026-01-20,0.6722185848020853
